2025-12-06 14:12:50,897 [Worker-0: Loading available Gradle versions] INFO  o.e.b.c.i.u.g.PublishedGradleVersions - Gradle version information cache is up-to-date. Trying to read.
2025-12-06 14:15:04,024 [Worker-4: Creating project "MySpringMVCDemo"] INFO  o.e.m.c.i.l.LifecycleMappingFactory - Using org.maven.ide.eclipse.wtp.WarLifecycleMapping lifecycle mapping for MavenProject: com.demo:MySpringMVCDemo:0.0.1-SNAPSHOT @ C:\Users\IET\Desktop\VipulPriyanka\Web_Based_ Java\Day15 Spring\MySpringMVCDemo\pom.xml.
2025-12-06 14:15:05,922 [Worker-4: Creating project "MySpringMVCDemo"] WARN  Sisu - Error injecting: org.apache.maven.plugin.war.WarMojo
com.google.inject.ProvisionException: Unable to provision, see the following errors:

1) Error injecting constructor, java.lang.ExceptionInInitializerError: Cannot access defaults field of Properties
  at org.apache.maven.plugin.war.WarMojo.<init>(Unknown Source)
  while locating org.apache.maven.plugin.war.WarMojo

1 error
	at com.google.inject.internal.InternalProvisionException.toProvisionException(InternalProvisionException.java:226)
	at com.google.inject.internal.InjectorImpl$1.get(InjectorImpl.java:1053)
	at com.google.inject.internal.InjectorImpl.getInstance(InjectorImpl.java:1086)
	at org.eclipse.sisu.space.AbstractDeferredClass.get(AbstractDeferredClass.java:48)
	at com.google.inject.internal.ProviderInternalFactory.provision(ProviderInternalFactory.java:85)
	at com.google.inject.internal.InternalFactoryToInitializableAdapter.provision(InternalFactoryToInitializableAdapter.java:57)
	at com.google.inject.internal.ProviderInternalFactory$1.call(ProviderInternalFactory.java:66)
	at com.google.inject.internal.ProvisionListenerStackCallback$Provision.provision(ProvisionListenerStackCallback.java:112)
	at com.google.inject.internal.ProvisionListenerStackCallback$Provision.provision(ProvisionListenerStackCallback.java:127)
	at com.google.inject.internal.ProvisionListenerStackCallback.provision(ProvisionListenerStackCallback.java:66)
	at com.google.inject.internal.ProviderInternalFactory.circularGet(ProviderInternalFactory.java:61)
	at com.google.inject.internal.InternalFactoryToInitializableAdapter.get(InternalFactoryToInitializableAdapter.java:47)
	at com.google.inject.internal.InjectorImpl$1.get(InjectorImpl.java:1050)
	at org.eclipse.sisu.inject.Guice4$1.get(Guice4.java:162)
	at org.eclipse.sisu.inject.LazyBeanEntry.getValue(LazyBeanEntry.java:81)
	at org.eclipse.sisu.plexus.LazyPlexusBean.getValue(LazyPlexusBean.java:51)
	at org.codehaus.plexus.DefaultPlexusContainer.lookup(DefaultPlexusContainer.java:263)
	at org.codehaus.plexus.DefaultPlexusContainer.lookup(DefaultPlexusContainer.java:255)
	at org.apache.maven.plugin.internal.DefaultMavenPluginManager.getConfiguredMojo(DefaultMavenPluginManager.java:520)
	at org.eclipse.m2e.core.internal.embedder.MavenImpl.getConfiguredMojo(MavenImpl.java:210)
	at org.eclipse.m2e.mavenarchiver.internal.AbstractMavenArchiverConfigurator.reflectManifestGeneration(AbstractMavenArchiverConfigurator.java:440)
	at org.eclipse.m2e.mavenarchiver.internal.AbstractMavenArchiverConfigurator.lambda$3(AbstractMavenArchiverConfigurator.java:399)
	at org.eclipse.m2e.core.internal.embedder.MavenExecutionContext.executeBare(MavenExecutionContext.java:394)
	at org.eclipse.m2e.core.internal.embedder.MavenExecutionContext.execute(MavenExecutionContext.java:275)
	at org.eclipse.m2e.core.internal.embedder.MavenExecutionContext.execute(MavenExecutionContext.java:214)
	at org.eclipse.m2e.mavenarchiver.internal.AbstractMavenArchiverConfigurator.generateManifest(AbstractMavenArchiverConfigurator.java:372)
	at org.eclipse.m2e.mavenarchiver.internal.AbstractMavenArchiverConfigurator.mavenProjectChanged(AbstractMavenArchiverConfigurator.java:229)
	at org.eclipse.m2e.wtp.mavenarchiver.AbstractWTPArchiverConfigurator.mavenProjectChanged(AbstractWTPArchiverConfigurator.java:56)
	at org.eclipse.m2e.core.internal.project.ProjectConfigurationManager.mavenProjectChanged(ProjectConfigurationManager.java:883)
	at org.eclipse.m2e.core.internal.project.registry.ProjectRegistryManager.notifyProjectChangeListeners(ProjectRegistryManager.java:851)
	at org.eclipse.m2e.core.internal.project.registry.ProjectRegistryManager.applyMutableProjectRegistry(ProjectRegistryManager.java:1004)
	at org.eclipse.m2e.core.internal.project.registry.ProjectRegistryManager.refresh(ProjectRegistryManager.java:316)
	at org.eclipse.m2e.core.internal.project.ProjectConfigurationManager.configureNewMavenProjects(ProjectConfigurationManager.java:256)
	at org.eclipse.m2e.core.internal.project.ProjectConfigurationManager$1.run(ProjectConfigurationManager.java:524)
	at org.eclipse.m2e.core.internal.embedder.AbstractRunnable.call(AbstractRunnable.java:29)
	at org.eclipse.m2e.core.internal.embedder.AbstractRunnable.call(AbstractRunnable.java:1)
	at org.eclipse.m2e.core.internal.embedder.MavenExecutionContext.executeBare(MavenExecutionContext.java:394)
	at org.eclipse.m2e.core.internal.embedder.MavenExecutionContext.execute(MavenExecutionContext.java:275)
	at org.eclipse.m2e.core.internal.embedder.MavenExecutionContext.execute(MavenExecutionContext.java:214)
	at org.eclipse.m2e.core.internal.project.ProjectConfigurationManager.enableMavenNature(ProjectConfigurationManager.java:520)
	at org.eclipse.m2e.core.internal.project.ProjectConfigurationManager.createSimpleProject(ProjectConfigurationManager.java:710)
	at org.eclipse.m2e.core.ui.internal.wizards.MavenProjectWizard$2.doCreateMavenProjects(MavenProjectWizard.java:226)
	at org.eclipse.m2e.core.ui.internal.wizards.AbstractCreateMavenProjectJob$1.doCreateMavenProjects(AbstractCreateMavenProjectJob.java:51)
	at org.eclipse.m2e.core.ui.internal.wizards.AbstractCreateMavenProjectsOperation.run(AbstractCreateMavenProjectsOperation.java:56)
	at org.eclipse.m2e.core.ui.internal.wizards.AbstractCreateMavenProjectJob.runInWorkspace(AbstractCreateMavenProjectJob.java:55)
	at org.eclipse.core.internal.resources.InternalWorkspaceJob.run(InternalWorkspaceJob.java:43)
	at org.eclipse.core.internal.jobs.Worker.run(Worker.java:63)
Caused by: java.lang.ExceptionInInitializerError: Cannot access defaults field of Properties
	at com.thoughtworks.xstream.converters.collections.PropertiesConverter.<clinit>(PropertiesConverter.java:46)
	at com.thoughtworks.xstream.XStream.setupConverters(XStream.java:647)
	at com.thoughtworks.xstream.XStream.<init>(XStream.java:445)
	at com.thoughtworks.xstream.XStream.<init>(XStream.java:385)
	at com.thoughtworks.xstream.XStream.<init>(XStream.java:342)
	at org.apache.maven.plugin.war.util.WebappStructureSerializer.<clinit>(WebappStructureSerializer.java:47)
	at org.apache.maven.plugin.war.AbstractWarMojo.<init>(AbstractWarMojo.java:316)
	at org.apache.maven.plugin.war.WarMojo.<init>(WarMojo.java:49)
	at java.base/jdk.internal.reflect.NativeConstructorAccessorImpl.newInstance0(Native Method)
	at java.base/jdk.internal.reflect.NativeConstructorAccessorImpl.newInstance(NativeConstructorAccessorImpl.java:77)
	at java.base/jdk.internal.reflect.DelegatingConstructorAccessorImpl.newInstance(DelegatingConstructorAccessorImpl.java:45)
	at java.base/java.lang.reflect.Constructor.newInstanceWithCaller(Constructor.java:499)
	at java.base/java.lang.reflect.Constructor.newInstance(Constructor.java:480)
	at com.google.inject.internal.DefaultConstructionProxyFactory$ReflectiveProxy.newInstance(DefaultConstructionProxyFactory.java:126)
	at com.google.inject.internal.ConstructorInjector.provision(ConstructorInjector.java:114)
	at com.google.inject.internal.ConstructorInjector.access$000(ConstructorInjector.java:32)
	at com.google.inject.internal.ConstructorInjector$1.call(ConstructorInjector.java:98)
	at com.google.inject.internal.ProvisionListenerStackCallback$Provision.provision(ProvisionListenerStackCallback.java:112)
	at com.google.inject.internal.ProvisionListenerStackCallback$Provision.provision(ProvisionListenerStackCallback.java:127)
	at com.google.inject.internal.ProvisionListenerStackCallback.provision(ProvisionListenerStackCallback.java:66)
	at com.google.inject.internal.ConstructorInjector.construct(ConstructorInjector.java:93)
	at com.google.inject.internal.ConstructorBindingImpl$Factory.get(ConstructorBindingImpl.java:306)
	at com.google.inject.internal.InjectorImpl$1.get(InjectorImpl.java:1050)
	... 45 common frames omitted
2025-12-06 14:15:06,938 [Worker-4: Creating project "MySpringMVCDemo"] INFO  o.e.m.j.i.AbstractJavaProjectConfigurator - Adding source folder /MySpringMVCDemo/src/main/java
2025-12-06 14:15:06,940 [Worker-4: Creating project "MySpringMVCDemo"] INFO  o.e.m.j.i.AbstractJavaProjectConfigurator - Adding resource folder /MySpringMVCDemo/src/main/resources
2025-12-06 14:15:06,942 [Worker-4: Creating project "MySpringMVCDemo"] INFO  o.e.m.j.i.AbstractJavaProjectConfigurator - Adding source folder /MySpringMVCDemo/src/test/java
2025-12-06 14:15:06,943 [Worker-4: Creating project "MySpringMVCDemo"] INFO  o.e.m.j.i.AbstractJavaProjectConfigurator - Adding resource folder /MySpringMVCDemo/src/test/resources
2025-12-06 14:15:13,291 [Worker-18: Building] WARN  o.e.m.c.i.embedder.EclipseLogger - Using platform encoding (Cp1252 actually) to copy filtered resources, i.e. build is platform dependent!
2025-12-06 14:15:13,296 [Worker-18: Building] INFO  o.e.m.c.i.embedder.EclipseLogger - Copying 0 resource
2025-12-06 14:15:13,300 [Worker-18: Building] WARN  o.e.m.c.i.embedder.EclipseLogger - Using platform encoding (Cp1252 actually) to copy filtered resources, i.e. build is platform dependent!
2025-12-06 14:15:13,302 [Worker-18: Building] INFO  o.e.m.c.i.embedder.EclipseLogger - Copying 0 resource
2025-12-06 14:15:13,568 [Worker-18: Building] WARN  Sisu - Error injecting: org.apache.maven.plugin.war.WarMojo
com.google.inject.ProvisionException: Unable to provision, see the following errors:

1) Error injecting constructor, java.lang.ExceptionInInitializerError: Cannot access defaults field of Properties
  at org.apache.maven.plugin.war.WarMojo.<init>(Unknown Source)
  while locating org.apache.maven.plugin.war.WarMojo

1 error
	at com.google.inject.internal.InternalProvisionException.toProvisionException(InternalProvisionException.java:226)
	at com.google.inject.internal.InjectorImpl$1.get(InjectorImpl.java:1053)
	at com.google.inject.internal.InjectorImpl.getInstance(InjectorImpl.java:1086)
	at org.eclipse.sisu.space.AbstractDeferredClass.get(AbstractDeferredClass.java:48)
	at com.google.inject.internal.ProviderInternalFactory.provision(ProviderInternalFactory.java:85)
	at com.google.inject.internal.InternalFactoryToInitializableAdapter.provision(InternalFactoryToInitializableAdapter.java:57)
	at com.google.inject.internal.ProviderInternalFactory$1.call(ProviderInternalFactory.java:66)
	at com.google.inject.internal.ProvisionListenerStackCallback$Provision.provision(ProvisionListenerStackCallback.java:112)
	at com.google.inject.internal.ProvisionListenerStackCallback$Provision.provision(ProvisionListenerStackCallback.java:127)
	at com.google.inject.internal.ProvisionListenerStackCallback.provision(ProvisionListenerStackCallback.java:66)
	at com.google.inject.internal.ProviderInternalFactory.circularGet(ProviderInternalFactory.java:61)
	at com.google.inject.internal.InternalFactoryToInitializableAdapter.get(InternalFactoryToInitializableAdapter.java:47)
	at com.google.inject.internal.InjectorImpl$1.get(InjectorImpl.java:1050)
	at org.eclipse.sisu.inject.Guice4$1.get(Guice4.java:162)
	at org.eclipse.sisu.inject.LazyBeanEntry.getValue(LazyBeanEntry.java:81)
	at org.eclipse.sisu.plexus.LazyPlexusBean.getValue(LazyPlexusBean.java:51)
	at org.codehaus.plexus.DefaultPlexusContainer.lookup(DefaultPlexusContainer.java:263)
	at org.codehaus.plexus.DefaultPlexusContainer.lookup(DefaultPlexusContainer.java:255)
	at org.apache.maven.plugin.internal.DefaultMavenPluginManager.getConfiguredMojo(DefaultMavenPluginManager.java:520)
	at org.eclipse.m2e.core.internal.embedder.MavenImpl.getConfiguredMojo(MavenImpl.java:210)
	at org.eclipse.m2e.mavenarchiver.internal.AbstractMavenArchiverConfigurator.reflectManifestGeneration(AbstractMavenArchiverConfigurator.java:440)
	at org.eclipse.m2e.mavenarchiver.internal.AbstractMavenArchiverConfigurator.lambda$3(AbstractMavenArchiverConfigurator.java:399)
	at org.eclipse.m2e.core.internal.embedder.MavenExecutionContext.executeBare(MavenExecutionContext.java:394)
	at org.eclipse.m2e.core.internal.embedder.MavenExecutionContext.execute(MavenExecutionContext.java:275)
	at org.eclipse.m2e.core.internal.embedder.MavenExecutionContext.execute(MavenExecutionContext.java:214)
	at org.eclipse.m2e.mavenarchiver.internal.AbstractMavenArchiverConfigurator.generateManifest(AbstractMavenArchiverConfigurator.java:372)
	at org.eclipse.m2e.mavenarchiver.internal.AbstractMavenArchiverConfigurator.mavenProjectChanged(AbstractMavenArchiverConfigurator.java:229)
	at org.eclipse.m2e.mavenarchiver.internal.AbstractMavenArchiverConfigurator$1.build(AbstractMavenArchiverConfigurator.java:179)
	at org.eclipse.m2e.core.internal.builder.MavenBuilderImpl.lambda$1(MavenBuilderImpl.java:139)
	at java.base/java.util.LinkedHashMap.forEach(LinkedHashMap.java:721)
	at org.eclipse.m2e.core.internal.builder.MavenBuilderImpl.build(MavenBuilderImpl.java:122)
	at org.eclipse.m2e.core.internal.builder.MavenBuilder$1.method(MavenBuilder.java:164)
	at org.eclipse.m2e.core.internal.builder.MavenBuilder$1.method(MavenBuilder.java:1)
	at org.eclipse.m2e.core.internal.builder.MavenBuilder$BuildMethod.lambda$1(MavenBuilder.java:109)
	at org.eclipse.m2e.core.internal.embedder.MavenExecutionContext.executeBare(MavenExecutionContext.java:394)
	at org.eclipse.m2e.core.internal.embedder.MavenExecutionContext.execute(MavenExecutionContext.java:228)
	at org.eclipse.m2e.core.internal.builder.MavenBuilder$BuildMethod.lambda$0(MavenBuilder.java:100)
	at org.eclipse.m2e.core.internal.embedder.MavenExecutionContext.executeBare(MavenExecutionContext.java:394)
	at org.eclipse.m2e.core.internal.embedder.MavenExecutionContext.execute(MavenExecutionContext.java:275)
	at org.eclipse.m2e.core.internal.embedder.MavenExecutionContext.execute(MavenExecutionContext.java:214)
	at org.eclipse.m2e.core.internal.builder.MavenBuilder$BuildMethod.execute(MavenBuilder.java:83)
	at org.eclipse.m2e.core.internal.builder.MavenBuilder.build(MavenBuilder.java:192)
	at org.eclipse.core.internal.events.BuildManager$2.run(BuildManager.java:1020)
	at org.eclipse.core.runtime.SafeRunner.run(SafeRunner.java:45)
	at org.eclipse.core.internal.events.BuildManager.basicBuild(BuildManager.java:247)
	at org.eclipse.core.internal.events.BuildManager.basicBuild(BuildManager.java:303)
	at org.eclipse.core.internal.events.BuildManager$1.run(BuildManager.java:392)
	at org.eclipse.core.runtime.SafeRunner.run(SafeRunner.java:45)
	at org.eclipse.core.internal.events.BuildManager.basicBuild(BuildManager.java:395)
	at org.eclipse.core.internal.events.BuildManager.basicBuildLoop(BuildManager.java:506)
	at org.eclipse.core.internal.events.BuildManager.basicBuildLoop(BuildManager.java:454)
	at org.eclipse.core.internal.events.BuildManager.build(BuildManager.java:536)
	at org.eclipse.core.internal.events.AutoBuildJob.doBuild(AutoBuildJob.java:196)
	at org.eclipse.core.internal.events.AutoBuildJob.run(AutoBuildJob.java:289)
	at org.eclipse.core.internal.jobs.Worker.run(Worker.java:63)
Caused by: java.lang.ExceptionInInitializerError: Cannot access defaults field of Properties
	at com.thoughtworks.xstream.converters.collections.PropertiesConverter.<clinit>(PropertiesConverter.java:46)
	at com.thoughtworks.xstream.XStream.setupConverters(XStream.java:647)
	at com.thoughtworks.xstream.XStream.<init>(XStream.java:445)
	at com.thoughtworks.xstream.XStream.<init>(XStream.java:385)
	at com.thoughtworks.xstream.XStream.<init>(XStream.java:342)
	at org.apache.maven.plugin.war.util.WebappStructureSerializer.<clinit>(WebappStructureSerializer.java:47)
	at org.apache.maven.plugin.war.AbstractWarMojo.<init>(AbstractWarMojo.java:316)
	at org.apache.maven.plugin.war.WarMojo.<init>(WarMojo.java:49)
	at java.base/jdk.internal.reflect.NativeConstructorAccessorImpl.newInstance0(Native Method)
	at java.base/jdk.internal.reflect.NativeConstructorAccessorImpl.newInstance(NativeConstructorAccessorImpl.java:77)
	at java.base/jdk.internal.reflect.DelegatingConstructorAccessorImpl.newInstance(DelegatingConstructorAccessorImpl.java:45)
	at java.base/java.lang.reflect.Constructor.newInstanceWithCaller(Constructor.java:499)
	at java.base/java.lang.reflect.Constructor.newInstance(Constructor.java:480)
	at com.google.inject.internal.DefaultConstructionProxyFactory$ReflectiveProxy.newInstance(DefaultConstructionProxyFactory.java:126)
	at com.google.inject.internal.ConstructorInjector.provision(ConstructorInjector.java:114)
	at com.google.inject.internal.ConstructorInjector.access$000(ConstructorInjector.java:32)
	at com.google.inject.internal.ConstructorInjector$1.call(ConstructorInjector.java:98)
	at com.google.inject.internal.ProvisionListenerStackCallback$Provision.provision(ProvisionListenerStackCallback.java:112)
	at com.google.inject.internal.ProvisionListenerStackCallback$Provision.provision(ProvisionListenerStackCallback.java:127)
	at com.google.inject.internal.ProvisionListenerStackCallback.provision(ProvisionListenerStackCallback.java:66)
	at com.google.inject.internal.ConstructorInjector.construct(ConstructorInjector.java:93)
	at com.google.inject.internal.ConstructorBindingImpl$Factory.get(ConstructorBindingImpl.java:306)
	at com.google.inject.internal.InjectorImpl$1.get(InjectorImpl.java:1050)
	... 53 common frames omitted
2025-12-06 14:17:28,332 [Worker-15: Building] WARN  o.e.m.c.i.embedder.EclipseLogger - Using platform encoding (Cp1252 actually) to copy filtered resources, i.e. build is platform dependent!
2025-12-06 14:17:28,335 [Worker-15: Building] INFO  o.e.m.c.i.embedder.EclipseLogger - Copying 0 resource
2025-12-06 14:17:28,339 [Worker-15: Building] WARN  o.e.m.c.i.embedder.EclipseLogger - Using platform encoding (Cp1252 actually) to copy filtered resources, i.e. build is platform dependent!
2025-12-06 14:17:28,341 [Worker-15: Building] INFO  o.e.m.c.i.embedder.EclipseLogger - Copying 0 resource
2025-12-06 14:17:28,348 [Worker-15: Building] WARN  Sisu - Error injecting: org.apache.maven.plugin.war.WarMojo
com.google.inject.ProvisionException: Unable to provision, see the following errors:

1) Error injecting constructor, java.lang.NoClassDefFoundError: Could not initialize class org.apache.maven.plugin.war.util.WebappStructureSerializer
  at org.apache.maven.plugin.war.WarMojo.<init>(Unknown Source)
  while locating org.apache.maven.plugin.war.WarMojo

1 error
	at com.google.inject.internal.InternalProvisionException.toProvisionException(InternalProvisionException.java:226)
	at com.google.inject.internal.InjectorImpl$1.get(InjectorImpl.java:1053)
	at com.google.inject.internal.InjectorImpl.getInstance(InjectorImpl.java:1086)
	at org.eclipse.sisu.space.AbstractDeferredClass.get(AbstractDeferredClass.java:48)
	at com.google.inject.internal.ProviderInternalFactory.provision(ProviderInternalFactory.java:85)
	at com.google.inject.internal.InternalFactoryToInitializableAdapter.provision(InternalFactoryToInitializableAdapter.java:57)
	at com.google.inject.internal.ProviderInternalFactory$1.call(ProviderInternalFactory.java:66)
	at com.google.inject.internal.ProvisionListenerStackCallback$Provision.provision(ProvisionListenerStackCallback.java:112)
	at com.google.inject.internal.ProvisionListenerStackCallback$Provision.provision(ProvisionListenerStackCallback.java:127)
	at com.google.inject.internal.ProvisionListenerStackCallback.provision(ProvisionListenerStackCallback.java:66)
	at com.google.inject.internal.ProviderInternalFactory.circularGet(ProviderInternalFactory.java:61)
	at com.google.inject.internal.InternalFactoryToInitializableAdapter.get(InternalFactoryToInitializableAdapter.java:47)
	at com.google.inject.internal.InjectorImpl$1.get(InjectorImpl.java:1050)
	at org.eclipse.sisu.inject.Guice4$1.get(Guice4.java:162)
	at org.eclipse.sisu.inject.LazyBeanEntry.getValue(LazyBeanEntry.java:81)
	at org.eclipse.sisu.plexus.LazyPlexusBean.getValue(LazyPlexusBean.java:51)
	at org.codehaus.plexus.DefaultPlexusContainer.lookup(DefaultPlexusContainer.java:263)
	at org.codehaus.plexus.DefaultPlexusContainer.lookup(DefaultPlexusContainer.java:255)
	at org.apache.maven.plugin.internal.DefaultMavenPluginManager.getConfiguredMojo(DefaultMavenPluginManager.java:520)
	at org.eclipse.m2e.core.internal.embedder.MavenImpl.getConfiguredMojo(MavenImpl.java:210)
	at org.eclipse.m2e.mavenarchiver.internal.AbstractMavenArchiverConfigurator.reflectManifestGeneration(AbstractMavenArchiverConfigurator.java:440)
	at org.eclipse.m2e.mavenarchiver.internal.AbstractMavenArchiverConfigurator.lambda$3(AbstractMavenArchiverConfigurator.java:399)
	at org.eclipse.m2e.core.internal.embedder.MavenExecutionContext.executeBare(MavenExecutionContext.java:394)
	at org.eclipse.m2e.core.internal.embedder.MavenExecutionContext.execute(MavenExecutionContext.java:275)
	at org.eclipse.m2e.core.internal.embedder.MavenExecutionContext.execute(MavenExecutionContext.java:214)
	at org.eclipse.m2e.mavenarchiver.internal.AbstractMavenArchiverConfigurator.generateManifest(AbstractMavenArchiverConfigurator.java:372)
	at org.eclipse.m2e.mavenarchiver.internal.AbstractMavenArchiverConfigurator.mavenProjectChanged(AbstractMavenArchiverConfigurator.java:229)
	at org.eclipse.m2e.mavenarchiver.internal.AbstractMavenArchiverConfigurator$1.build(AbstractMavenArchiverConfigurator.java:179)
	at org.eclipse.m2e.core.internal.builder.MavenBuilderImpl.lambda$1(MavenBuilderImpl.java:139)
	at java.base/java.util.LinkedHashMap.forEach(LinkedHashMap.java:721)
	at org.eclipse.m2e.core.internal.builder.MavenBuilderImpl.build(MavenBuilderImpl.java:122)
	at org.eclipse.m2e.core.internal.builder.MavenBuilder$1.method(MavenBuilder.java:164)
	at org.eclipse.m2e.core.internal.builder.MavenBuilder$1.method(MavenBuilder.java:1)
	at org.eclipse.m2e.core.internal.builder.MavenBuilder$BuildMethod.lambda$1(MavenBuilder.java:109)
	at org.eclipse.m2e.core.internal.embedder.MavenExecutionContext.executeBare(MavenExecutionContext.java:394)
	at org.eclipse.m2e.core.internal.embedder.MavenExecutionContext.execute(MavenExecutionContext.java:228)
	at org.eclipse.m2e.core.internal.builder.MavenBuilder$BuildMethod.lambda$0(MavenBuilder.java:100)
	at org.eclipse.m2e.core.internal.embedder.MavenExecutionContext.executeBare(MavenExecutionContext.java:394)
	at org.eclipse.m2e.core.internal.embedder.MavenExecutionContext.execute(MavenExecutionContext.java:275)
	at org.eclipse.m2e.core.internal.embedder.MavenExecutionContext.execute(MavenExecutionContext.java:214)
	at org.eclipse.m2e.core.internal.builder.MavenBuilder$BuildMethod.execute(MavenBuilder.java:83)
	at org.eclipse.m2e.core.internal.builder.MavenBuilder.build(MavenBuilder.java:192)
	at org.eclipse.core.internal.events.BuildManager$2.run(BuildManager.java:1020)
	at org.eclipse.core.runtime.SafeRunner.run(SafeRunner.java:45)
	at org.eclipse.core.internal.events.BuildManager.basicBuild(BuildManager.java:247)
	at org.eclipse.core.internal.events.BuildManager.basicBuild(BuildManager.java:303)
	at org.eclipse.core.internal.events.BuildManager$1.run(BuildManager.java:392)
	at org.eclipse.core.runtime.SafeRunner.run(SafeRunner.java:45)
	at org.eclipse.core.internal.events.BuildManager.basicBuild(BuildManager.java:395)
	at org.eclipse.core.internal.events.BuildManager.basicBuildLoop(BuildManager.java:506)
	at org.eclipse.core.internal.events.BuildManager.basicBuildLoop(BuildManager.java:454)
	at org.eclipse.core.internal.events.BuildManager.build(BuildManager.java:536)
	at org.eclipse.core.internal.events.AutoBuildJob.doBuild(AutoBuildJob.java:196)
	at org.eclipse.core.internal.events.AutoBuildJob.run(AutoBuildJob.java:289)
	at org.eclipse.core.internal.jobs.Worker.run(Worker.java:63)
Caused by: java.lang.NoClassDefFoundError: Could not initialize class org.apache.maven.plugin.war.util.WebappStructureSerializer
	at org.apache.maven.plugin.war.AbstractWarMojo.<init>(AbstractWarMojo.java:316)
	at org.apache.maven.plugin.war.WarMojo.<init>(WarMojo.java:49)
	at java.base/jdk.internal.reflect.NativeConstructorAccessorImpl.newInstance0(Native Method)
	at java.base/jdk.internal.reflect.NativeConstructorAccessorImpl.newInstance(NativeConstructorAccessorImpl.java:77)
	at java.base/jdk.internal.reflect.DelegatingConstructorAccessorImpl.newInstance(DelegatingConstructorAccessorImpl.java:45)
	at java.base/java.lang.reflect.Constructor.newInstanceWithCaller(Constructor.java:499)
	at java.base/java.lang.reflect.Constructor.newInstance(Constructor.java:480)
	at com.google.inject.internal.DefaultConstructionProxyFactory$ReflectiveProxy.newInstance(DefaultConstructionProxyFactory.java:126)
	at com.google.inject.internal.ConstructorInjector.provision(ConstructorInjector.java:114)
	at com.google.inject.internal.ConstructorInjector.access$000(ConstructorInjector.java:32)
	at com.google.inject.internal.ConstructorInjector$1.call(ConstructorInjector.java:98)
	at com.google.inject.internal.ProvisionListenerStackCallback$Provision.provision(ProvisionListenerStackCallback.java:112)
	at com.google.inject.internal.ProvisionListenerStackCallback$Provision.provision(ProvisionListenerStackCallback.java:127)
	at com.google.inject.internal.ProvisionListenerStackCallback.provision(ProvisionListenerStackCallback.java:66)
	at com.google.inject.internal.ConstructorInjector.construct(ConstructorInjector.java:93)
	at com.google.inject.internal.ConstructorBindingImpl$Factory.get(ConstructorBindingImpl.java:306)
	at com.google.inject.internal.InjectorImpl$1.get(InjectorImpl.java:1050)
	... 53 common frames omitted
2025-12-06 14:18:01,920 [Worker-17: Building] WARN  o.e.m.c.i.embedder.EclipseLogger - Using platform encoding (Cp1252 actually) to copy filtered resources, i.e. build is platform dependent!
2025-12-06 14:18:01,922 [Worker-17: Building] INFO  o.e.m.c.i.embedder.EclipseLogger - Copying 0 resource
2025-12-06 14:18:01,925 [Worker-17: Building] WARN  o.e.m.c.i.embedder.EclipseLogger - Using platform encoding (Cp1252 actually) to copy filtered resources, i.e. build is platform dependent!
2025-12-06 14:18:01,927 [Worker-17: Building] INFO  o.e.m.c.i.embedder.EclipseLogger - Copying 0 resource
2025-12-06 14:18:01,936 [Worker-17: Building] WARN  Sisu - Error injecting: org.apache.maven.plugin.war.WarMojo
com.google.inject.ProvisionException: Unable to provision, see the following errors:

1) Error injecting constructor, java.lang.NoClassDefFoundError: Could not initialize class org.apache.maven.plugin.war.util.WebappStructureSerializer
  at org.apache.maven.plugin.war.WarMojo.<init>(Unknown Source)
  while locating org.apache.maven.plugin.war.WarMojo

1 error
	at com.google.inject.internal.InternalProvisionException.toProvisionException(InternalProvisionException.java:226)
	at com.google.inject.internal.InjectorImpl$1.get(InjectorImpl.java:1053)
	at com.google.inject.internal.InjectorImpl.getInstance(InjectorImpl.java:1086)
	at org.eclipse.sisu.space.AbstractDeferredClass.get(AbstractDeferredClass.java:48)
	at com.google.inject.internal.ProviderInternalFactory.provision(ProviderInternalFactory.java:85)
	at com.google.inject.internal.InternalFactoryToInitializableAdapter.provision(InternalFactoryToInitializableAdapter.java:57)
	at com.google.inject.internal.ProviderInternalFactory$1.call(ProviderInternalFactory.java:66)
	at com.google.inject.internal.ProvisionListenerStackCallback$Provision.provision(ProvisionListenerStackCallback.java:112)
	at com.google.inject.internal.ProvisionListenerStackCallback$Provision.provision(ProvisionListenerStackCallback.java:127)
	at com.google.inject.internal.ProvisionListenerStackCallback.provision(ProvisionListenerStackCallback.java:66)
	at com.google.inject.internal.ProviderInternalFactory.circularGet(ProviderInternalFactory.java:61)
	at com.google.inject.internal.InternalFactoryToInitializableAdapter.get(InternalFactoryToInitializableAdapter.java:47)
	at com.google.inject.internal.InjectorImpl$1.get(InjectorImpl.java:1050)
	at org.eclipse.sisu.inject.Guice4$1.get(Guice4.java:162)
	at org.eclipse.sisu.inject.LazyBeanEntry.getValue(LazyBeanEntry.java:81)
	at org.eclipse.sisu.plexus.LazyPlexusBean.getValue(LazyPlexusBean.java:51)
	at org.codehaus.plexus.DefaultPlexusContainer.lookup(DefaultPlexusContainer.java:263)
	at org.codehaus.plexus.DefaultPlexusContainer.lookup(DefaultPlexusContainer.java:255)
	at org.apache.maven.plugin.internal.DefaultMavenPluginManager.getConfiguredMojo(DefaultMavenPluginManager.java:520)
	at org.eclipse.m2e.core.internal.embedder.MavenImpl.getConfiguredMojo(MavenImpl.java:210)
	at org.eclipse.m2e.mavenarchiver.internal.AbstractMavenArchiverConfigurator.reflectManifestGeneration(AbstractMavenArchiverConfigurator.java:440)
	at org.eclipse.m2e.mavenarchiver.internal.AbstractMavenArchiverConfigurator.lambda$3(AbstractMavenArchiverConfigurator.java:399)
	at org.eclipse.m2e.core.internal.embedder.MavenExecutionContext.executeBare(MavenExecutionContext.java:394)
	at org.eclipse.m2e.core.internal.embedder.MavenExecutionContext.execute(MavenExecutionContext.java:275)
	at org.eclipse.m2e.core.internal.embedder.MavenExecutionContext.execute(MavenExecutionContext.java:214)
	at org.eclipse.m2e.mavenarchiver.internal.AbstractMavenArchiverConfigurator.generateManifest(AbstractMavenArchiverConfigurator.java:372)
	at org.eclipse.m2e.mavenarchiver.internal.AbstractMavenArchiverConfigurator.mavenProjectChanged(AbstractMavenArchiverConfigurator.java:229)
	at org.eclipse.m2e.mavenarchiver.internal.AbstractMavenArchiverConfigurator$1.build(AbstractMavenArchiverConfigurator.java:179)
	at org.eclipse.m2e.core.internal.builder.MavenBuilderImpl.lambda$1(MavenBuilderImpl.java:139)
	at java.base/java.util.LinkedHashMap.forEach(LinkedHashMap.java:721)
	at org.eclipse.m2e.core.internal.builder.MavenBuilderImpl.build(MavenBuilderImpl.java:122)
	at org.eclipse.m2e.core.internal.builder.MavenBuilder$1.method(MavenBuilder.java:164)
	at org.eclipse.m2e.core.internal.builder.MavenBuilder$1.method(MavenBuilder.java:1)
	at org.eclipse.m2e.core.internal.builder.MavenBuilder$BuildMethod.lambda$1(MavenBuilder.java:109)
	at org.eclipse.m2e.core.internal.embedder.MavenExecutionContext.executeBare(MavenExecutionContext.java:394)
	at org.eclipse.m2e.core.internal.embedder.MavenExecutionContext.execute(MavenExecutionContext.java:228)
	at org.eclipse.m2e.core.internal.builder.MavenBuilder$BuildMethod.lambda$0(MavenBuilder.java:100)
	at org.eclipse.m2e.core.internal.embedder.MavenExecutionContext.executeBare(MavenExecutionContext.java:394)
	at org.eclipse.m2e.core.internal.embedder.MavenExecutionContext.execute(MavenExecutionContext.java:275)
	at org.eclipse.m2e.core.internal.embedder.MavenExecutionContext.execute(MavenExecutionContext.java:214)
	at org.eclipse.m2e.core.internal.builder.MavenBuilder$BuildMethod.execute(MavenBuilder.java:83)
	at org.eclipse.m2e.core.internal.builder.MavenBuilder.build(MavenBuilder.java:192)
	at org.eclipse.core.internal.events.BuildManager$2.run(BuildManager.java:1020)
	at org.eclipse.core.runtime.SafeRunner.run(SafeRunner.java:45)
	at org.eclipse.core.internal.events.BuildManager.basicBuild(BuildManager.java:247)
	at org.eclipse.core.internal.events.BuildManager.basicBuild(BuildManager.java:303)
	at org.eclipse.core.internal.events.BuildManager$1.run(BuildManager.java:392)
	at org.eclipse.core.runtime.SafeRunner.run(SafeRunner.java:45)
	at org.eclipse.core.internal.events.BuildManager.basicBuild(BuildManager.java:395)
	at org.eclipse.core.internal.events.BuildManager.basicBuildLoop(BuildManager.java:506)
	at org.eclipse.core.internal.events.BuildManager.basicBuildLoop(BuildManager.java:454)
	at org.eclipse.core.internal.events.BuildManager.build(BuildManager.java:536)
	at org.eclipse.core.internal.events.AutoBuildJob.doBuild(AutoBuildJob.java:196)
	at org.eclipse.core.internal.events.AutoBuildJob.run(AutoBuildJob.java:289)
	at org.eclipse.core.internal.jobs.Worker.run(Worker.java:63)
Caused by: java.lang.NoClassDefFoundError: Could not initialize class org.apache.maven.plugin.war.util.WebappStructureSerializer
	at org.apache.maven.plugin.war.AbstractWarMojo.<init>(AbstractWarMojo.java:316)
	at org.apache.maven.plugin.war.WarMojo.<init>(WarMojo.java:49)
	at java.base/jdk.internal.reflect.NativeConstructorAccessorImpl.newInstance0(Native Method)
	at java.base/jdk.internal.reflect.NativeConstructorAccessorImpl.newInstance(NativeConstructorAccessorImpl.java:77)
	at java.base/jdk.internal.reflect.DelegatingConstructorAccessorImpl.newInstance(DelegatingConstructorAccessorImpl.java:45)
	at java.base/java.lang.reflect.Constructor.newInstanceWithCaller(Constructor.java:499)
	at java.base/java.lang.reflect.Constructor.newInstance(Constructor.java:480)
	at com.google.inject.internal.DefaultConstructionProxyFactory$ReflectiveProxy.newInstance(DefaultConstructionProxyFactory.java:126)
	at com.google.inject.internal.ConstructorInjector.provision(ConstructorInjector.java:114)
	at com.google.inject.internal.ConstructorInjector.access$000(ConstructorInjector.java:32)
	at com.google.inject.internal.ConstructorInjector$1.call(ConstructorInjector.java:98)
	at com.google.inject.internal.ProvisionListenerStackCallback$Provision.provision(ProvisionListenerStackCallback.java:112)
	at com.google.inject.internal.ProvisionListenerStackCallback$Provision.provision(ProvisionListenerStackCallback.java:127)
	at com.google.inject.internal.ProvisionListenerStackCallback.provision(ProvisionListenerStackCallback.java:66)
	at com.google.inject.internal.ConstructorInjector.construct(ConstructorInjector.java:93)
	at com.google.inject.internal.ConstructorBindingImpl$Factory.get(ConstructorBindingImpl.java:306)
	at com.google.inject.internal.InjectorImpl$1.get(InjectorImpl.java:1050)
	... 53 common frames omitted
2025-12-06 14:19:02,270 [Worker-14: Building] WARN  o.e.m.c.i.embedder.EclipseLogger - Using platform encoding (Cp1252 actually) to copy filtered resources, i.e. build is platform dependent!
2025-12-06 14:19:02,272 [Worker-14: Building] INFO  o.e.m.c.i.embedder.EclipseLogger - Copying 0 resource
2025-12-06 14:19:02,275 [Worker-14: Building] WARN  o.e.m.c.i.embedder.EclipseLogger - Using platform encoding (Cp1252 actually) to copy filtered resources, i.e. build is platform dependent!
2025-12-06 14:19:02,276 [Worker-14: Building] INFO  o.e.m.c.i.embedder.EclipseLogger - Copying 0 resource
2025-12-06 14:19:02,282 [Worker-14: Building] WARN  Sisu - Error injecting: org.apache.maven.plugin.war.WarMojo
com.google.inject.ProvisionException: Unable to provision, see the following errors:

1) Error injecting constructor, java.lang.NoClassDefFoundError: Could not initialize class org.apache.maven.plugin.war.util.WebappStructureSerializer
  at org.apache.maven.plugin.war.WarMojo.<init>(Unknown Source)
  while locating org.apache.maven.plugin.war.WarMojo

1 error
	at com.google.inject.internal.InternalProvisionException.toProvisionException(InternalProvisionException.java:226)
	at com.google.inject.internal.InjectorImpl$1.get(InjectorImpl.java:1053)
	at com.google.inject.internal.InjectorImpl.getInstance(InjectorImpl.java:1086)
	at org.eclipse.sisu.space.AbstractDeferredClass.get(AbstractDeferredClass.java:48)
	at com.google.inject.internal.ProviderInternalFactory.provision(ProviderInternalFactory.java:85)
	at com.google.inject.internal.InternalFactoryToInitializableAdapter.provision(InternalFactoryToInitializableAdapter.java:57)
	at com.google.inject.internal.ProviderInternalFactory$1.call(ProviderInternalFactory.java:66)
	at com.google.inject.internal.ProvisionListenerStackCallback$Provision.provision(ProvisionListenerStackCallback.java:112)
	at com.google.inject.internal.ProvisionListenerStackCallback$Provision.provision(ProvisionListenerStackCallback.java:127)
	at com.google.inject.internal.ProvisionListenerStackCallback.provision(ProvisionListenerStackCallback.java:66)
	at com.google.inject.internal.ProviderInternalFactory.circularGet(ProviderInternalFactory.java:61)
	at com.google.inject.internal.InternalFactoryToInitializableAdapter.get(InternalFactoryToInitializableAdapter.java:47)
	at com.google.inject.internal.InjectorImpl$1.get(InjectorImpl.java:1050)
	at org.eclipse.sisu.inject.Guice4$1.get(Guice4.java:162)
	at org.eclipse.sisu.inject.LazyBeanEntry.getValue(LazyBeanEntry.java:81)
	at org.eclipse.sisu.plexus.LazyPlexusBean.getValue(LazyPlexusBean.java:51)
	at org.codehaus.plexus.DefaultPlexusContainer.lookup(DefaultPlexusContainer.java:263)
	at org.codehaus.plexus.DefaultPlexusContainer.lookup(DefaultPlexusContainer.java:255)
	at org.apache.maven.plugin.internal.DefaultMavenPluginManager.getConfiguredMojo(DefaultMavenPluginManager.java:520)
	at org.eclipse.m2e.core.internal.embedder.MavenImpl.getConfiguredMojo(MavenImpl.java:210)
	at org.eclipse.m2e.mavenarchiver.internal.AbstractMavenArchiverConfigurator.reflectManifestGeneration(AbstractMavenArchiverConfigurator.java:440)
	at org.eclipse.m2e.mavenarchiver.internal.AbstractMavenArchiverConfigurator.lambda$3(AbstractMavenArchiverConfigurator.java:399)
	at org.eclipse.m2e.core.internal.embedder.MavenExecutionContext.executeBare(MavenExecutionContext.java:394)
	at org.eclipse.m2e.core.internal.embedder.MavenExecutionContext.execute(MavenExecutionContext.java:275)
	at org.eclipse.m2e.core.internal.embedder.MavenExecutionContext.execute(MavenExecutionContext.java:214)
	at org.eclipse.m2e.mavenarchiver.internal.AbstractMavenArchiverConfigurator.generateManifest(AbstractMavenArchiverConfigurator.java:372)
	at org.eclipse.m2e.mavenarchiver.internal.AbstractMavenArchiverConfigurator.mavenProjectChanged(AbstractMavenArchiverConfigurator.java:229)
	at org.eclipse.m2e.mavenarchiver.internal.AbstractMavenArchiverConfigurator$1.build(AbstractMavenArchiverConfigurator.java:179)
	at org.eclipse.m2e.core.internal.builder.MavenBuilderImpl.lambda$1(MavenBuilderImpl.java:139)
	at java.base/java.util.LinkedHashMap.forEach(LinkedHashMap.java:721)
	at org.eclipse.m2e.core.internal.builder.MavenBuilderImpl.build(MavenBuilderImpl.java:122)
	at org.eclipse.m2e.core.internal.builder.MavenBuilder$1.method(MavenBuilder.java:164)
	at org.eclipse.m2e.core.internal.builder.MavenBuilder$1.method(MavenBuilder.java:1)
	at org.eclipse.m2e.core.internal.builder.MavenBuilder$BuildMethod.lambda$1(MavenBuilder.java:109)
	at org.eclipse.m2e.core.internal.embedder.MavenExecutionContext.executeBare(MavenExecutionContext.java:394)
	at org.eclipse.m2e.core.internal.embedder.MavenExecutionContext.execute(MavenExecutionContext.java:228)
	at org.eclipse.m2e.core.internal.builder.MavenBuilder$BuildMethod.lambda$0(MavenBuilder.java:100)
	at org.eclipse.m2e.core.internal.embedder.MavenExecutionContext.executeBare(MavenExecutionContext.java:394)
	at org.eclipse.m2e.core.internal.embedder.MavenExecutionContext.execute(MavenExecutionContext.java:275)
	at org.eclipse.m2e.core.internal.embedder.MavenExecutionContext.execute(MavenExecutionContext.java:214)
	at org.eclipse.m2e.core.internal.builder.MavenBuilder$BuildMethod.execute(MavenBuilder.java:83)
	at org.eclipse.m2e.core.internal.builder.MavenBuilder.build(MavenBuilder.java:192)
	at org.eclipse.core.internal.events.BuildManager$2.run(BuildManager.java:1020)
	at org.eclipse.core.runtime.SafeRunner.run(SafeRunner.java:45)
	at org.eclipse.core.internal.events.BuildManager.basicBuild(BuildManager.java:247)
	at org.eclipse.core.internal.events.BuildManager.basicBuild(BuildManager.java:303)
	at org.eclipse.core.internal.events.BuildManager$1.run(BuildManager.java:392)
	at org.eclipse.core.runtime.SafeRunner.run(SafeRunner.java:45)
	at org.eclipse.core.internal.events.BuildManager.basicBuild(BuildManager.java:395)
	at org.eclipse.core.internal.events.BuildManager.basicBuildLoop(BuildManager.java:506)
	at org.eclipse.core.internal.events.BuildManager.basicBuildLoop(BuildManager.java:454)
	at org.eclipse.core.internal.events.BuildManager.build(BuildManager.java:536)
	at org.eclipse.core.internal.events.AutoBuildJob.doBuild(AutoBuildJob.java:196)
	at org.eclipse.core.internal.events.AutoBuildJob.run(AutoBuildJob.java:289)
	at org.eclipse.core.internal.jobs.Worker.run(Worker.java:63)
Caused by: java.lang.NoClassDefFoundError: Could not initialize class org.apache.maven.plugin.war.util.WebappStructureSerializer
	at org.apache.maven.plugin.war.AbstractWarMojo.<init>(AbstractWarMojo.java:316)
	at org.apache.maven.plugin.war.WarMojo.<init>(WarMojo.java:49)
	at java.base/jdk.internal.reflect.NativeConstructorAccessorImpl.newInstance0(Native Method)
	at java.base/jdk.internal.reflect.NativeConstructorAccessorImpl.newInstance(NativeConstructorAccessorImpl.java:77)
	at java.base/jdk.internal.reflect.DelegatingConstructorAccessorImpl.newInstance(DelegatingConstructorAccessorImpl.java:45)
	at java.base/java.lang.reflect.Constructor.newInstanceWithCaller(Constructor.java:499)
	at java.base/java.lang.reflect.Constructor.newInstance(Constructor.java:480)
	at com.google.inject.internal.DefaultConstructionProxyFactory$ReflectiveProxy.newInstance(DefaultConstructionProxyFactory.java:126)
	at com.google.inject.internal.ConstructorInjector.provision(ConstructorInjector.java:114)
	at com.google.inject.internal.ConstructorInjector.access$000(ConstructorInjector.java:32)
	at com.google.inject.internal.ConstructorInjector$1.call(ConstructorInjector.java:98)
	at com.google.inject.internal.ProvisionListenerStackCallback$Provision.provision(ProvisionListenerStackCallback.java:112)
	at com.google.inject.internal.ProvisionListenerStackCallback$Provision.provision(ProvisionListenerStackCallback.java:127)
	at com.google.inject.internal.ProvisionListenerStackCallback.provision(ProvisionListenerStackCallback.java:66)
	at com.google.inject.internal.ConstructorInjector.construct(ConstructorInjector.java:93)
	at com.google.inject.internal.ConstructorBindingImpl$Factory.get(ConstructorBindingImpl.java:306)
	at com.google.inject.internal.InjectorImpl$1.get(InjectorImpl.java:1050)
	... 53 common frames omitted
2025-12-06 14:19:37,768 [Worker-16: Building] INFO  o.e.m.c.i.l.LifecycleMappingFactory - Using org.maven.ide.eclipse.wtp.WarLifecycleMapping lifecycle mapping for MavenProject: com.demo:MySpringMVCDemo:0.0.1-SNAPSHOT @ C:\Users\IET\Desktop\VipulPriyanka\Web_Based_ Java\Day15 Spring\MySpringMVCDemo\pom.xml.
2025-12-06 14:19:38,535 [Worker-16: Building] WARN  Sisu - Error injecting: org.apache.maven.plugin.war.WarMojo
com.google.inject.ProvisionException: Unable to provision, see the following errors:

1) Error injecting constructor, java.lang.ExceptionInInitializerError: Cannot access defaults field of Properties
  at org.apache.maven.plugin.war.WarMojo.<init>(Unknown Source)
  while locating org.apache.maven.plugin.war.WarMojo

1 error
	at com.google.inject.internal.InternalProvisionException.toProvisionException(InternalProvisionException.java:226)
	at com.google.inject.internal.InjectorImpl$1.get(InjectorImpl.java:1053)
	at com.google.inject.internal.InjectorImpl.getInstance(InjectorImpl.java:1086)
	at org.eclipse.sisu.space.AbstractDeferredClass.get(AbstractDeferredClass.java:48)
	at com.google.inject.internal.ProviderInternalFactory.provision(ProviderInternalFactory.java:85)
	at com.google.inject.internal.InternalFactoryToInitializableAdapter.provision(InternalFactoryToInitializableAdapter.java:57)
	at com.google.inject.internal.ProviderInternalFactory$1.call(ProviderInternalFactory.java:66)
	at com.google.inject.internal.ProvisionListenerStackCallback$Provision.provision(ProvisionListenerStackCallback.java:112)
	at com.google.inject.internal.ProvisionListenerStackCallback$Provision.provision(ProvisionListenerStackCallback.java:127)
	at com.google.inject.internal.ProvisionListenerStackCallback.provision(ProvisionListenerStackCallback.java:66)
	at com.google.inject.internal.ProviderInternalFactory.circularGet(ProviderInternalFactory.java:61)
	at com.google.inject.internal.InternalFactoryToInitializableAdapter.get(InternalFactoryToInitializableAdapter.java:47)
	at com.google.inject.internal.InjectorImpl$1.get(InjectorImpl.java:1050)
	at org.eclipse.sisu.inject.Guice4$1.get(Guice4.java:162)
	at org.eclipse.sisu.inject.LazyBeanEntry.getValue(LazyBeanEntry.java:81)
	at org.eclipse.sisu.plexus.LazyPlexusBean.getValue(LazyPlexusBean.java:51)
	at org.codehaus.plexus.DefaultPlexusContainer.lookup(DefaultPlexusContainer.java:263)
	at org.codehaus.plexus.DefaultPlexusContainer.lookup(DefaultPlexusContainer.java:255)
	at org.apache.maven.plugin.internal.DefaultMavenPluginManager.getConfiguredMojo(DefaultMavenPluginManager.java:520)
	at org.eclipse.m2e.core.internal.embedder.MavenImpl.getConfiguredMojo(MavenImpl.java:210)
	at org.eclipse.m2e.mavenarchiver.internal.AbstractMavenArchiverConfigurator.reflectManifestGeneration(AbstractMavenArchiverConfigurator.java:440)
	at org.eclipse.m2e.mavenarchiver.internal.AbstractMavenArchiverConfigurator.lambda$3(AbstractMavenArchiverConfigurator.java:399)
	at org.eclipse.m2e.core.internal.embedder.MavenExecutionContext.executeBare(MavenExecutionContext.java:394)
	at org.eclipse.m2e.core.internal.embedder.MavenExecutionContext.execute(MavenExecutionContext.java:275)
	at org.eclipse.m2e.core.internal.embedder.MavenExecutionContext.execute(MavenExecutionContext.java:214)
	at org.eclipse.m2e.mavenarchiver.internal.AbstractMavenArchiverConfigurator.generateManifest(AbstractMavenArchiverConfigurator.java:372)
	at org.eclipse.m2e.mavenarchiver.internal.AbstractMavenArchiverConfigurator.mavenProjectChanged(AbstractMavenArchiverConfigurator.java:229)
	at org.eclipse.m2e.wtp.mavenarchiver.AbstractWTPArchiverConfigurator.mavenProjectChanged(AbstractWTPArchiverConfigurator.java:56)
	at org.eclipse.m2e.core.internal.project.ProjectConfigurationManager.mavenProjectChanged(ProjectConfigurationManager.java:883)
	at org.eclipse.m2e.core.internal.project.registry.ProjectRegistryManager.notifyProjectChangeListeners(ProjectRegistryManager.java:851)
	at org.eclipse.m2e.core.internal.project.registry.ProjectRegistryManager.applyMutableProjectRegistry(ProjectRegistryManager.java:1004)
	at org.eclipse.m2e.core.internal.project.registry.ProjectRegistryManager.refresh(ProjectRegistryManager.java:316)
	at org.eclipse.m2e.core.internal.builder.MavenBuilder$BuildMethod.getProjectFacade(MavenBuilder.java:146)
	at org.eclipse.m2e.core.internal.builder.MavenBuilder$BuildMethod.lambda$0(MavenBuilder.java:84)
	at org.eclipse.m2e.core.internal.embedder.MavenExecutionContext.executeBare(MavenExecutionContext.java:394)
	at org.eclipse.m2e.core.internal.embedder.MavenExecutionContext.execute(MavenExecutionContext.java:275)
	at org.eclipse.m2e.core.internal.embedder.MavenExecutionContext.execute(MavenExecutionContext.java:214)
	at org.eclipse.m2e.core.internal.builder.MavenBuilder$BuildMethod.execute(MavenBuilder.java:83)
	at org.eclipse.m2e.core.internal.builder.MavenBuilder.build(MavenBuilder.java:192)
	at org.eclipse.core.internal.events.BuildManager$2.run(BuildManager.java:1020)
	at org.eclipse.core.runtime.SafeRunner.run(SafeRunner.java:45)
	at org.eclipse.core.internal.events.BuildManager.basicBuild(BuildManager.java:247)
	at org.eclipse.core.internal.events.BuildManager.basicBuild(BuildManager.java:303)
	at org.eclipse.core.internal.events.BuildManager$1.run(BuildManager.java:392)
	at org.eclipse.core.runtime.SafeRunner.run(SafeRunner.java:45)
	at org.eclipse.core.internal.events.BuildManager.basicBuild(BuildManager.java:395)
	at org.eclipse.core.internal.events.BuildManager.basicBuildLoop(BuildManager.java:506)
	at org.eclipse.core.internal.events.BuildManager.basicBuildLoop(BuildManager.java:454)
	at org.eclipse.core.internal.events.BuildManager.build(BuildManager.java:536)
	at org.eclipse.core.internal.events.AutoBuildJob.doBuild(AutoBuildJob.java:196)
	at org.eclipse.core.internal.events.AutoBuildJob.run(AutoBuildJob.java:289)
	at org.eclipse.core.internal.jobs.Worker.run(Worker.java:63)
Caused by: java.lang.ExceptionInInitializerError: Cannot access defaults field of Properties
	at com.thoughtworks.xstream.converters.collections.PropertiesConverter.<clinit>(PropertiesConverter.java:46)
	at com.thoughtworks.xstream.XStream.setupConverters(XStream.java:647)
	at com.thoughtworks.xstream.XStream.<init>(XStream.java:445)
	at com.thoughtworks.xstream.XStream.<init>(XStream.java:385)
	at com.thoughtworks.xstream.XStream.<init>(XStream.java:342)
	at org.apache.maven.plugin.war.util.WebappStructureSerializer.<clinit>(WebappStructureSerializer.java:47)
	at org.apache.maven.plugin.war.AbstractWarMojo.<init>(AbstractWarMojo.java:316)
	at org.apache.maven.plugin.war.WarMojo.<init>(WarMojo.java:49)
	at java.base/jdk.internal.reflect.NativeConstructorAccessorImpl.newInstance0(Native Method)
	at java.base/jdk.internal.reflect.NativeConstructorAccessorImpl.newInstance(NativeConstructorAccessorImpl.java:77)
	at java.base/jdk.internal.reflect.DelegatingConstructorAccessorImpl.newInstance(DelegatingConstructorAccessorImpl.java:45)
	at java.base/java.lang.reflect.Constructor.newInstanceWithCaller(Constructor.java:499)
	at java.base/java.lang.reflect.Constructor.newInstance(Constructor.java:480)
	at com.google.inject.internal.DefaultConstructionProxyFactory$ReflectiveProxy.newInstance(DefaultConstructionProxyFactory.java:126)
	at com.google.inject.internal.ConstructorInjector.provision(ConstructorInjector.java:114)
	at com.google.inject.internal.ConstructorInjector.access$000(ConstructorInjector.java:32)
	at com.google.inject.internal.ConstructorInjector$1.call(ConstructorInjector.java:98)
	at com.google.inject.internal.ProvisionListenerStackCallback$Provision.provision(ProvisionListenerStackCallback.java:112)
	at com.google.inject.internal.ProvisionListenerStackCallback$Provision.provision(ProvisionListenerStackCallback.java:127)
	at com.google.inject.internal.ProvisionListenerStackCallback.provision(ProvisionListenerStackCallback.java:66)
	at com.google.inject.internal.ConstructorInjector.construct(ConstructorInjector.java:93)
	at com.google.inject.internal.ConstructorBindingImpl$Factory.get(ConstructorBindingImpl.java:306)
	at com.google.inject.internal.InjectorImpl$1.get(InjectorImpl.java:1050)
	... 50 common frames omitted
2025-12-06 14:19:39,384 [Worker-16: Building] WARN  o.e.m.c.i.embedder.EclipseLogger - Using platform encoding (Cp1252 actually) to copy filtered resources, i.e. build is platform dependent!
2025-12-06 14:19:39,386 [Worker-16: Building] INFO  o.e.m.c.i.embedder.EclipseLogger - Copying 0 resource
2025-12-06 14:19:39,390 [Worker-16: Building] WARN  o.e.m.c.i.embedder.EclipseLogger - Using platform encoding (Cp1252 actually) to copy filtered resources, i.e. build is platform dependent!
2025-12-06 14:19:39,392 [Worker-16: Building] INFO  o.e.m.c.i.embedder.EclipseLogger - Copying 0 resource
2025-12-06 14:19:39,392 [Worker-16: Building] INFO  o.e.m.w.i.f.ResourceFilteringBuildParticipant - Changed resources require a complete clean of filtered resources of MySpringMVCDemo
2025-12-06 14:19:39,393 [Worker-16: Building] INFO  o.e.m.w.i.f.ResourceFilteringBuildParticipant - Executing resource filtering for MySpringMVCDemo
2025-12-06 14:19:39,401 [Worker-16: Building] WARN  Sisu - Error injecting: org.apache.maven.plugin.war.WarMojo
com.google.inject.ProvisionException: Unable to provision, see the following errors:

1) Error injecting constructor, java.lang.NoClassDefFoundError: Could not initialize class org.apache.maven.plugin.war.util.WebappStructureSerializer
  at org.apache.maven.plugin.war.WarMojo.<init>(Unknown Source)
  while locating org.apache.maven.plugin.war.WarMojo

1 error
	at com.google.inject.internal.InternalProvisionException.toProvisionException(InternalProvisionException.java:226)
	at com.google.inject.internal.InjectorImpl$1.get(InjectorImpl.java:1053)
	at com.google.inject.internal.InjectorImpl.getInstance(InjectorImpl.java:1086)
	at org.eclipse.sisu.space.AbstractDeferredClass.get(AbstractDeferredClass.java:48)
	at com.google.inject.internal.ProviderInternalFactory.provision(ProviderInternalFactory.java:85)
	at com.google.inject.internal.InternalFactoryToInitializableAdapter.provision(InternalFactoryToInitializableAdapter.java:57)
	at com.google.inject.internal.ProviderInternalFactory$1.call(ProviderInternalFactory.java:66)
	at com.google.inject.internal.ProvisionListenerStackCallback$Provision.provision(ProvisionListenerStackCallback.java:112)
	at com.google.inject.internal.ProvisionListenerStackCallback$Provision.provision(ProvisionListenerStackCallback.java:127)
	at com.google.inject.internal.ProvisionListenerStackCallback.provision(ProvisionListenerStackCallback.java:66)
	at com.google.inject.internal.ProviderInternalFactory.circularGet(ProviderInternalFactory.java:61)
	at com.google.inject.internal.InternalFactoryToInitializableAdapter.get(InternalFactoryToInitializableAdapter.java:47)
	at com.google.inject.internal.InjectorImpl$1.get(InjectorImpl.java:1050)
	at org.eclipse.sisu.inject.Guice4$1.get(Guice4.java:162)
	at org.eclipse.sisu.inject.LazyBeanEntry.getValue(LazyBeanEntry.java:81)
	at org.eclipse.sisu.plexus.LazyPlexusBean.getValue(LazyPlexusBean.java:51)
	at org.codehaus.plexus.DefaultPlexusContainer.lookup(DefaultPlexusContainer.java:263)
	at org.codehaus.plexus.DefaultPlexusContainer.lookup(DefaultPlexusContainer.java:255)
	at org.apache.maven.plugin.internal.DefaultMavenPluginManager.getConfiguredMojo(DefaultMavenPluginManager.java:520)
	at org.eclipse.m2e.core.internal.embedder.MavenImpl.getConfiguredMojo(MavenImpl.java:210)
	at org.eclipse.m2e.mavenarchiver.internal.AbstractMavenArchiverConfigurator.reflectManifestGeneration(AbstractMavenArchiverConfigurator.java:440)
	at org.eclipse.m2e.mavenarchiver.internal.AbstractMavenArchiverConfigurator.lambda$3(AbstractMavenArchiverConfigurator.java:399)
	at org.eclipse.m2e.core.internal.embedder.MavenExecutionContext.executeBare(MavenExecutionContext.java:394)
	at org.eclipse.m2e.core.internal.embedder.MavenExecutionContext.execute(MavenExecutionContext.java:275)
	at org.eclipse.m2e.core.internal.embedder.MavenExecutionContext.execute(MavenExecutionContext.java:214)
	at org.eclipse.m2e.mavenarchiver.internal.AbstractMavenArchiverConfigurator.generateManifest(AbstractMavenArchiverConfigurator.java:372)
	at org.eclipse.m2e.mavenarchiver.internal.AbstractMavenArchiverConfigurator.mavenProjectChanged(AbstractMavenArchiverConfigurator.java:229)
	at org.eclipse.m2e.mavenarchiver.internal.AbstractMavenArchiverConfigurator$1.build(AbstractMavenArchiverConfigurator.java:179)
	at org.eclipse.m2e.core.internal.builder.MavenBuilderImpl.lambda$1(MavenBuilderImpl.java:139)
	at java.base/java.util.LinkedHashMap.forEach(LinkedHashMap.java:721)
	at org.eclipse.m2e.core.internal.builder.MavenBuilderImpl.build(MavenBuilderImpl.java:122)
	at org.eclipse.m2e.core.internal.builder.MavenBuilder$1.method(MavenBuilder.java:164)
	at org.eclipse.m2e.core.internal.builder.MavenBuilder$1.method(MavenBuilder.java:1)
	at org.eclipse.m2e.core.internal.builder.MavenBuilder$BuildMethod.lambda$1(MavenBuilder.java:109)
	at org.eclipse.m2e.core.internal.embedder.MavenExecutionContext.executeBare(MavenExecutionContext.java:394)
	at org.eclipse.m2e.core.internal.embedder.MavenExecutionContext.execute(MavenExecutionContext.java:228)
	at org.eclipse.m2e.core.internal.builder.MavenBuilder$BuildMethod.lambda$0(MavenBuilder.java:100)
	at org.eclipse.m2e.core.internal.embedder.MavenExecutionContext.executeBare(MavenExecutionContext.java:394)
	at org.eclipse.m2e.core.internal.embedder.MavenExecutionContext.execute(MavenExecutionContext.java:275)
	at org.eclipse.m2e.core.internal.embedder.MavenExecutionContext.execute(MavenExecutionContext.java:214)
	at org.eclipse.m2e.core.internal.builder.MavenBuilder$BuildMethod.execute(MavenBuilder.java:83)
	at org.eclipse.m2e.core.internal.builder.MavenBuilder.build(MavenBuilder.java:192)
	at org.eclipse.core.internal.events.BuildManager$2.run(BuildManager.java:1020)
	at org.eclipse.core.runtime.SafeRunner.run(SafeRunner.java:45)
	at org.eclipse.core.internal.events.BuildManager.basicBuild(BuildManager.java:247)
	at org.eclipse.core.internal.events.BuildManager.basicBuild(BuildManager.java:303)
	at org.eclipse.core.internal.events.BuildManager$1.run(BuildManager.java:392)
	at org.eclipse.core.runtime.SafeRunner.run(SafeRunner.java:45)
	at org.eclipse.core.internal.events.BuildManager.basicBuild(BuildManager.java:395)
	at org.eclipse.core.internal.events.BuildManager.basicBuildLoop(BuildManager.java:506)
	at org.eclipse.core.internal.events.BuildManager.basicBuildLoop(BuildManager.java:454)
	at org.eclipse.core.internal.events.BuildManager.build(BuildManager.java:536)
	at org.eclipse.core.internal.events.AutoBuildJob.doBuild(AutoBuildJob.java:196)
	at org.eclipse.core.internal.events.AutoBuildJob.run(AutoBuildJob.java:289)
	at org.eclipse.core.internal.jobs.Worker.run(Worker.java:63)
Caused by: java.lang.NoClassDefFoundError: Could not initialize class org.apache.maven.plugin.war.util.WebappStructureSerializer
	at org.apache.maven.plugin.war.AbstractWarMojo.<init>(AbstractWarMojo.java:316)
	at org.apache.maven.plugin.war.WarMojo.<init>(WarMojo.java:49)
	at java.base/jdk.internal.reflect.NativeConstructorAccessorImpl.newInstance0(Native Method)
	at java.base/jdk.internal.reflect.NativeConstructorAccessorImpl.newInstance(NativeConstructorAccessorImpl.java:77)
	at java.base/jdk.internal.reflect.DelegatingConstructorAccessorImpl.newInstance(DelegatingConstructorAccessorImpl.java:45)
	at java.base/java.lang.reflect.Constructor.newInstanceWithCaller(Constructor.java:499)
	at java.base/java.lang.reflect.Constructor.newInstance(Constructor.java:480)
	at com.google.inject.internal.DefaultConstructionProxyFactory$ReflectiveProxy.newInstance(DefaultConstructionProxyFactory.java:126)
	at com.google.inject.internal.ConstructorInjector.provision(ConstructorInjector.java:114)
	at com.google.inject.internal.ConstructorInjector.access$000(ConstructorInjector.java:32)
	at com.google.inject.internal.ConstructorInjector$1.call(ConstructorInjector.java:98)
	at com.google.inject.internal.ProvisionListenerStackCallback$Provision.provision(ProvisionListenerStackCallback.java:112)
	at com.google.inject.internal.ProvisionListenerStackCallback$Provision.provision(ProvisionListenerStackCallback.java:127)
	at com.google.inject.internal.ProvisionListenerStackCallback.provision(ProvisionListenerStackCallback.java:66)
	at com.google.inject.internal.ConstructorInjector.construct(ConstructorInjector.java:93)
	at com.google.inject.internal.ConstructorBindingImpl$Factory.get(ConstructorBindingImpl.java:306)
	at com.google.inject.internal.InjectorImpl$1.get(InjectorImpl.java:1050)
	... 53 common frames omitted
2025-12-06 14:19:55,424 [Worker-18: Building] INFO  o.e.m.c.i.l.LifecycleMappingFactory - Using org.maven.ide.eclipse.wtp.WarLifecycleMapping lifecycle mapping for MavenProject: com.demo:MySpringMVCDemo:0.0.1-SNAPSHOT @ C:\Users\IET\Desktop\VipulPriyanka\Web_Based_ Java\Day15 Spring\MySpringMVCDemo\pom.xml.
2025-12-06 14:19:55,681 [Worker-18: Building] WARN  Sisu - Error injecting: org.apache.maven.plugin.war.WarMojo
com.google.inject.ProvisionException: Unable to provision, see the following errors:

1) Error injecting constructor, java.lang.ExceptionInInitializerError: Cannot access defaults field of Properties
  at org.apache.maven.plugin.war.WarMojo.<init>(Unknown Source)
  while locating org.apache.maven.plugin.war.WarMojo

1 error
	at com.google.inject.internal.InternalProvisionException.toProvisionException(InternalProvisionException.java:226)
	at com.google.inject.internal.InjectorImpl$1.get(InjectorImpl.java:1053)
	at com.google.inject.internal.InjectorImpl.getInstance(InjectorImpl.java:1086)
	at org.eclipse.sisu.space.AbstractDeferredClass.get(AbstractDeferredClass.java:48)
	at com.google.inject.internal.ProviderInternalFactory.provision(ProviderInternalFactory.java:85)
	at com.google.inject.internal.InternalFactoryToInitializableAdapter.provision(InternalFactoryToInitializableAdapter.java:57)
	at com.google.inject.internal.ProviderInternalFactory$1.call(ProviderInternalFactory.java:66)
	at com.google.inject.internal.ProvisionListenerStackCallback$Provision.provision(ProvisionListenerStackCallback.java:112)
	at com.google.inject.internal.ProvisionListenerStackCallback$Provision.provision(ProvisionListenerStackCallback.java:127)
	at com.google.inject.internal.ProvisionListenerStackCallback.provision(ProvisionListenerStackCallback.java:66)
	at com.google.inject.internal.ProviderInternalFactory.circularGet(ProviderInternalFactory.java:61)
	at com.google.inject.internal.InternalFactoryToInitializableAdapter.get(InternalFactoryToInitializableAdapter.java:47)
	at com.google.inject.internal.InjectorImpl$1.get(InjectorImpl.java:1050)
	at org.eclipse.sisu.inject.Guice4$1.get(Guice4.java:162)
	at org.eclipse.sisu.inject.LazyBeanEntry.getValue(LazyBeanEntry.java:81)
	at org.eclipse.sisu.plexus.LazyPlexusBean.getValue(LazyPlexusBean.java:51)
	at org.codehaus.plexus.DefaultPlexusContainer.lookup(DefaultPlexusContainer.java:263)
	at org.codehaus.plexus.DefaultPlexusContainer.lookup(DefaultPlexusContainer.java:255)
	at org.apache.maven.plugin.internal.DefaultMavenPluginManager.getConfiguredMojo(DefaultMavenPluginManager.java:520)
	at org.eclipse.m2e.core.internal.embedder.MavenImpl.getConfiguredMojo(MavenImpl.java:210)
	at org.eclipse.m2e.mavenarchiver.internal.AbstractMavenArchiverConfigurator.reflectManifestGeneration(AbstractMavenArchiverConfigurator.java:440)
	at org.eclipse.m2e.mavenarchiver.internal.AbstractMavenArchiverConfigurator.lambda$3(AbstractMavenArchiverConfigurator.java:399)
	at org.eclipse.m2e.core.internal.embedder.MavenExecutionContext.executeBare(MavenExecutionContext.java:394)
	at org.eclipse.m2e.core.internal.embedder.MavenExecutionContext.execute(MavenExecutionContext.java:275)
	at org.eclipse.m2e.core.internal.embedder.MavenExecutionContext.execute(MavenExecutionContext.java:214)
	at org.eclipse.m2e.mavenarchiver.internal.AbstractMavenArchiverConfigurator.generateManifest(AbstractMavenArchiverConfigurator.java:372)
	at org.eclipse.m2e.mavenarchiver.internal.AbstractMavenArchiverConfigurator.mavenProjectChanged(AbstractMavenArchiverConfigurator.java:229)
	at org.eclipse.m2e.wtp.mavenarchiver.AbstractWTPArchiverConfigurator.mavenProjectChanged(AbstractWTPArchiverConfigurator.java:56)
	at org.eclipse.m2e.core.internal.project.ProjectConfigurationManager.mavenProjectChanged(ProjectConfigurationManager.java:883)
	at org.eclipse.m2e.core.internal.project.registry.ProjectRegistryManager.notifyProjectChangeListeners(ProjectRegistryManager.java:851)
	at org.eclipse.m2e.core.internal.project.registry.ProjectRegistryManager.applyMutableProjectRegistry(ProjectRegistryManager.java:1004)
	at org.eclipse.m2e.core.internal.project.registry.ProjectRegistryManager.refresh(ProjectRegistryManager.java:316)
	at org.eclipse.m2e.core.internal.builder.MavenBuilder$BuildMethod.getProjectFacade(MavenBuilder.java:146)
	at org.eclipse.m2e.core.internal.builder.MavenBuilder$BuildMethod.lambda$0(MavenBuilder.java:84)
	at org.eclipse.m2e.core.internal.embedder.MavenExecutionContext.executeBare(MavenExecutionContext.java:394)
	at org.eclipse.m2e.core.internal.embedder.MavenExecutionContext.execute(MavenExecutionContext.java:275)
	at org.eclipse.m2e.core.internal.embedder.MavenExecutionContext.execute(MavenExecutionContext.java:214)
	at org.eclipse.m2e.core.internal.builder.MavenBuilder$BuildMethod.execute(MavenBuilder.java:83)
	at org.eclipse.m2e.core.internal.builder.MavenBuilder.build(MavenBuilder.java:192)
	at org.eclipse.core.internal.events.BuildManager$2.run(BuildManager.java:1020)
	at org.eclipse.core.runtime.SafeRunner.run(SafeRunner.java:45)
	at org.eclipse.core.internal.events.BuildManager.basicBuild(BuildManager.java:247)
	at org.eclipse.core.internal.events.BuildManager.basicBuild(BuildManager.java:303)
	at org.eclipse.core.internal.events.BuildManager$1.run(BuildManager.java:392)
	at org.eclipse.core.runtime.SafeRunner.run(SafeRunner.java:45)
	at org.eclipse.core.internal.events.BuildManager.basicBuild(BuildManager.java:395)
	at org.eclipse.core.internal.events.BuildManager.basicBuildLoop(BuildManager.java:506)
	at org.eclipse.core.internal.events.BuildManager.basicBuildLoop(BuildManager.java:454)
	at org.eclipse.core.internal.events.BuildManager.build(BuildManager.java:536)
	at org.eclipse.core.internal.events.AutoBuildJob.doBuild(AutoBuildJob.java:196)
	at org.eclipse.core.internal.events.AutoBuildJob.run(AutoBuildJob.java:289)
	at org.eclipse.core.internal.jobs.Worker.run(Worker.java:63)
Caused by: java.lang.ExceptionInInitializerError: Cannot access defaults field of Properties
	at com.thoughtworks.xstream.converters.collections.PropertiesConverter.<clinit>(PropertiesConverter.java:46)
	at com.thoughtworks.xstream.XStream.setupConverters(XStream.java:647)
	at com.thoughtworks.xstream.XStream.<init>(XStream.java:445)
	at com.thoughtworks.xstream.XStream.<init>(XStream.java:385)
	at com.thoughtworks.xstream.XStream.<init>(XStream.java:342)
	at org.apache.maven.plugin.war.util.WebappStructureSerializer.<clinit>(WebappStructureSerializer.java:47)
	at org.apache.maven.plugin.war.AbstractWarMojo.<init>(AbstractWarMojo.java:316)
	at org.apache.maven.plugin.war.WarMojo.<init>(WarMojo.java:49)
	at java.base/jdk.internal.reflect.NativeConstructorAccessorImpl.newInstance0(Native Method)
	at java.base/jdk.internal.reflect.NativeConstructorAccessorImpl.newInstance(NativeConstructorAccessorImpl.java:77)
	at java.base/jdk.internal.reflect.DelegatingConstructorAccessorImpl.newInstance(DelegatingConstructorAccessorImpl.java:45)
	at java.base/java.lang.reflect.Constructor.newInstanceWithCaller(Constructor.java:499)
	at java.base/java.lang.reflect.Constructor.newInstance(Constructor.java:480)
	at com.google.inject.internal.DefaultConstructionProxyFactory$ReflectiveProxy.newInstance(DefaultConstructionProxyFactory.java:126)
	at com.google.inject.internal.ConstructorInjector.provision(ConstructorInjector.java:114)
	at com.google.inject.internal.ConstructorInjector.access$000(ConstructorInjector.java:32)
	at com.google.inject.internal.ConstructorInjector$1.call(ConstructorInjector.java:98)
	at com.google.inject.internal.ProvisionListenerStackCallback$Provision.provision(ProvisionListenerStackCallback.java:112)
	at com.google.inject.internal.ProvisionListenerStackCallback$Provision.provision(ProvisionListenerStackCallback.java:127)
	at com.google.inject.internal.ProvisionListenerStackCallback.provision(ProvisionListenerStackCallback.java:66)
	at com.google.inject.internal.ConstructorInjector.construct(ConstructorInjector.java:93)
	at com.google.inject.internal.ConstructorBindingImpl$Factory.get(ConstructorBindingImpl.java:306)
	at com.google.inject.internal.InjectorImpl$1.get(InjectorImpl.java:1050)
	... 50 common frames omitted
2025-12-06 14:19:55,826 [Worker-18: Building] WARN  o.e.m.c.i.embedder.EclipseLogger - Using platform encoding (Cp1252 actually) to copy filtered resources, i.e. build is platform dependent!
2025-12-06 14:19:55,829 [Worker-18: Building] INFO  o.e.m.c.i.embedder.EclipseLogger - Copying 0 resource
2025-12-06 14:19:55,833 [Worker-18: Building] WARN  o.e.m.c.i.embedder.EclipseLogger - Using platform encoding (Cp1252 actually) to copy filtered resources, i.e. build is platform dependent!
2025-12-06 14:19:55,835 [Worker-18: Building] INFO  o.e.m.c.i.embedder.EclipseLogger - Copying 0 resource
2025-12-06 14:19:55,835 [Worker-18: Building] INFO  o.e.m.w.i.f.ResourceFilteringBuildParticipant - Changed resources require a complete clean of filtered resources of MySpringMVCDemo
2025-12-06 14:19:55,835 [Worker-18: Building] INFO  o.e.m.w.i.f.ResourceFilteringBuildParticipant - Executing resource filtering for MySpringMVCDemo
2025-12-06 14:19:55,843 [Worker-18: Building] WARN  Sisu - Error injecting: org.apache.maven.plugin.war.WarMojo
com.google.inject.ProvisionException: Unable to provision, see the following errors:

1) Error injecting constructor, java.lang.NoClassDefFoundError: Could not initialize class org.apache.maven.plugin.war.util.WebappStructureSerializer
  at org.apache.maven.plugin.war.WarMojo.<init>(Unknown Source)
  while locating org.apache.maven.plugin.war.WarMojo

1 error
	at com.google.inject.internal.InternalProvisionException.toProvisionException(InternalProvisionException.java:226)
	at com.google.inject.internal.InjectorImpl$1.get(InjectorImpl.java:1053)
	at com.google.inject.internal.InjectorImpl.getInstance(InjectorImpl.java:1086)
	at org.eclipse.sisu.space.AbstractDeferredClass.get(AbstractDeferredClass.java:48)
	at com.google.inject.internal.ProviderInternalFactory.provision(ProviderInternalFactory.java:85)
	at com.google.inject.internal.InternalFactoryToInitializableAdapter.provision(InternalFactoryToInitializableAdapter.java:57)
	at com.google.inject.internal.ProviderInternalFactory$1.call(ProviderInternalFactory.java:66)
	at com.google.inject.internal.ProvisionListenerStackCallback$Provision.provision(ProvisionListenerStackCallback.java:112)
	at com.google.inject.internal.ProvisionListenerStackCallback$Provision.provision(ProvisionListenerStackCallback.java:127)
	at com.google.inject.internal.ProvisionListenerStackCallback.provision(ProvisionListenerStackCallback.java:66)
	at com.google.inject.internal.ProviderInternalFactory.circularGet(ProviderInternalFactory.java:61)
	at com.google.inject.internal.InternalFactoryToInitializableAdapter.get(InternalFactoryToInitializableAdapter.java:47)
	at com.google.inject.internal.InjectorImpl$1.get(InjectorImpl.java:1050)
	at org.eclipse.sisu.inject.Guice4$1.get(Guice4.java:162)
	at org.eclipse.sisu.inject.LazyBeanEntry.getValue(LazyBeanEntry.java:81)
	at org.eclipse.sisu.plexus.LazyPlexusBean.getValue(LazyPlexusBean.java:51)
	at org.codehaus.plexus.DefaultPlexusContainer.lookup(DefaultPlexusContainer.java:263)
	at org.codehaus.plexus.DefaultPlexusContainer.lookup(DefaultPlexusContainer.java:255)
	at org.apache.maven.plugin.internal.DefaultMavenPluginManager.getConfiguredMojo(DefaultMavenPluginManager.java:520)
	at org.eclipse.m2e.core.internal.embedder.MavenImpl.getConfiguredMojo(MavenImpl.java:210)
	at org.eclipse.m2e.mavenarchiver.internal.AbstractMavenArchiverConfigurator.reflectManifestGeneration(AbstractMavenArchiverConfigurator.java:440)
	at org.eclipse.m2e.mavenarchiver.internal.AbstractMavenArchiverConfigurator.lambda$3(AbstractMavenArchiverConfigurator.java:399)
	at org.eclipse.m2e.core.internal.embedder.MavenExecutionContext.executeBare(MavenExecutionContext.java:394)
	at org.eclipse.m2e.core.internal.embedder.MavenExecutionContext.execute(MavenExecutionContext.java:275)
	at org.eclipse.m2e.core.internal.embedder.MavenExecutionContext.execute(MavenExecutionContext.java:214)
	at org.eclipse.m2e.mavenarchiver.internal.AbstractMavenArchiverConfigurator.generateManifest(AbstractMavenArchiverConfigurator.java:372)
	at org.eclipse.m2e.mavenarchiver.internal.AbstractMavenArchiverConfigurator.mavenProjectChanged(AbstractMavenArchiverConfigurator.java:229)
	at org.eclipse.m2e.mavenarchiver.internal.AbstractMavenArchiverConfigurator$1.build(AbstractMavenArchiverConfigurator.java:179)
	at org.eclipse.m2e.core.internal.builder.MavenBuilderImpl.lambda$1(MavenBuilderImpl.java:139)
	at java.base/java.util.LinkedHashMap.forEach(LinkedHashMap.java:721)
	at org.eclipse.m2e.core.internal.builder.MavenBuilderImpl.build(MavenBuilderImpl.java:122)
	at org.eclipse.m2e.core.internal.builder.MavenBuilder$1.method(MavenBuilder.java:164)
	at org.eclipse.m2e.core.internal.builder.MavenBuilder$1.method(MavenBuilder.java:1)
	at org.eclipse.m2e.core.internal.builder.MavenBuilder$BuildMethod.lambda$1(MavenBuilder.java:109)
	at org.eclipse.m2e.core.internal.embedder.MavenExecutionContext.executeBare(MavenExecutionContext.java:394)
	at org.eclipse.m2e.core.internal.embedder.MavenExecutionContext.execute(MavenExecutionContext.java:228)
	at org.eclipse.m2e.core.internal.builder.MavenBuilder$BuildMethod.lambda$0(MavenBuilder.java:100)
	at org.eclipse.m2e.core.internal.embedder.MavenExecutionContext.executeBare(MavenExecutionContext.java:394)
	at org.eclipse.m2e.core.internal.embedder.MavenExecutionContext.execute(MavenExecutionContext.java:275)
	at org.eclipse.m2e.core.internal.embedder.MavenExecutionContext.execute(MavenExecutionContext.java:214)
	at org.eclipse.m2e.core.internal.builder.MavenBuilder$BuildMethod.execute(MavenBuilder.java:83)
	at org.eclipse.m2e.core.internal.builder.MavenBuilder.build(MavenBuilder.java:192)
	at org.eclipse.core.internal.events.BuildManager$2.run(BuildManager.java:1020)
	at org.eclipse.core.runtime.SafeRunner.run(SafeRunner.java:45)
	at org.eclipse.core.internal.events.BuildManager.basicBuild(BuildManager.java:247)
	at org.eclipse.core.internal.events.BuildManager.basicBuild(BuildManager.java:303)
	at org.eclipse.core.internal.events.BuildManager$1.run(BuildManager.java:392)
	at org.eclipse.core.runtime.SafeRunner.run(SafeRunner.java:45)
	at org.eclipse.core.internal.events.BuildManager.basicBuild(BuildManager.java:395)
	at org.eclipse.core.internal.events.BuildManager.basicBuildLoop(BuildManager.java:506)
	at org.eclipse.core.internal.events.BuildManager.basicBuildLoop(BuildManager.java:454)
	at org.eclipse.core.internal.events.BuildManager.build(BuildManager.java:536)
	at org.eclipse.core.internal.events.AutoBuildJob.doBuild(AutoBuildJob.java:196)
	at org.eclipse.core.internal.events.AutoBuildJob.run(AutoBuildJob.java:289)
	at org.eclipse.core.internal.jobs.Worker.run(Worker.java:63)
Caused by: java.lang.NoClassDefFoundError: Could not initialize class org.apache.maven.plugin.war.util.WebappStructureSerializer
	at org.apache.maven.plugin.war.AbstractWarMojo.<init>(AbstractWarMojo.java:316)
	at org.apache.maven.plugin.war.WarMojo.<init>(WarMojo.java:49)
	at java.base/jdk.internal.reflect.NativeConstructorAccessorImpl.newInstance0(Native Method)
	at java.base/jdk.internal.reflect.NativeConstructorAccessorImpl.newInstance(NativeConstructorAccessorImpl.java:77)
	at java.base/jdk.internal.reflect.DelegatingConstructorAccessorImpl.newInstance(DelegatingConstructorAccessorImpl.java:45)
	at java.base/java.lang.reflect.Constructor.newInstanceWithCaller(Constructor.java:499)
	at java.base/java.lang.reflect.Constructor.newInstance(Constructor.java:480)
	at com.google.inject.internal.DefaultConstructionProxyFactory$ReflectiveProxy.newInstance(DefaultConstructionProxyFactory.java:126)
	at com.google.inject.internal.ConstructorInjector.provision(ConstructorInjector.java:114)
	at com.google.inject.internal.ConstructorInjector.access$000(ConstructorInjector.java:32)
	at com.google.inject.internal.ConstructorInjector$1.call(ConstructorInjector.java:98)
	at com.google.inject.internal.ProvisionListenerStackCallback$Provision.provision(ProvisionListenerStackCallback.java:112)
	at com.google.inject.internal.ProvisionListenerStackCallback$Provision.provision(ProvisionListenerStackCallback.java:127)
	at com.google.inject.internal.ProvisionListenerStackCallback.provision(ProvisionListenerStackCallback.java:66)
	at com.google.inject.internal.ConstructorInjector.construct(ConstructorInjector.java:93)
	at com.google.inject.internal.ConstructorBindingImpl$Factory.get(ConstructorBindingImpl.java:306)
	at com.google.inject.internal.InjectorImpl$1.get(InjectorImpl.java:1050)
	... 53 common frames omitted
2025-12-06 14:21:14,169 [Worker-18: Building] WARN  o.e.m.c.i.embedder.EclipseLogger - Using platform encoding (Cp1252 actually) to copy filtered resources, i.e. build is platform dependent!
2025-12-06 14:21:14,171 [Worker-18: Building] INFO  o.e.m.c.i.embedder.EclipseLogger - Copying 0 resource
2025-12-06 14:21:14,173 [Worker-18: Building] WARN  o.e.m.c.i.embedder.EclipseLogger - Using platform encoding (Cp1252 actually) to copy filtered resources, i.e. build is platform dependent!
2025-12-06 14:21:14,175 [Worker-18: Building] INFO  o.e.m.c.i.embedder.EclipseLogger - Copying 0 resource
2025-12-06 14:21:14,180 [Worker-18: Building] WARN  Sisu - Error injecting: org.apache.maven.plugin.war.WarMojo
com.google.inject.ProvisionException: Unable to provision, see the following errors:

1) Error injecting constructor, java.lang.NoClassDefFoundError: Could not initialize class org.apache.maven.plugin.war.util.WebappStructureSerializer
  at org.apache.maven.plugin.war.WarMojo.<init>(Unknown Source)
  while locating org.apache.maven.plugin.war.WarMojo

1 error
	at com.google.inject.internal.InternalProvisionException.toProvisionException(InternalProvisionException.java:226)
	at com.google.inject.internal.InjectorImpl$1.get(InjectorImpl.java:1053)
	at com.google.inject.internal.InjectorImpl.getInstance(InjectorImpl.java:1086)
	at org.eclipse.sisu.space.AbstractDeferredClass.get(AbstractDeferredClass.java:48)
	at com.google.inject.internal.ProviderInternalFactory.provision(ProviderInternalFactory.java:85)
	at com.google.inject.internal.InternalFactoryToInitializableAdapter.provision(InternalFactoryToInitializableAdapter.java:57)
	at com.google.inject.internal.ProviderInternalFactory$1.call(ProviderInternalFactory.java:66)
	at com.google.inject.internal.ProvisionListenerStackCallback$Provision.provision(ProvisionListenerStackCallback.java:112)
	at com.google.inject.internal.ProvisionListenerStackCallback$Provision.provision(ProvisionListenerStackCallback.java:127)
	at com.google.inject.internal.ProvisionListenerStackCallback.provision(ProvisionListenerStackCallback.java:66)
	at com.google.inject.internal.ProviderInternalFactory.circularGet(ProviderInternalFactory.java:61)
	at com.google.inject.internal.InternalFactoryToInitializableAdapter.get(InternalFactoryToInitializableAdapter.java:47)
	at com.google.inject.internal.InjectorImpl$1.get(InjectorImpl.java:1050)
	at org.eclipse.sisu.inject.Guice4$1.get(Guice4.java:162)
	at org.eclipse.sisu.inject.LazyBeanEntry.getValue(LazyBeanEntry.java:81)
	at org.eclipse.sisu.plexus.LazyPlexusBean.getValue(LazyPlexusBean.java:51)
	at org.codehaus.plexus.DefaultPlexusContainer.lookup(DefaultPlexusContainer.java:263)
	at org.codehaus.plexus.DefaultPlexusContainer.lookup(DefaultPlexusContainer.java:255)
	at org.apache.maven.plugin.internal.DefaultMavenPluginManager.getConfiguredMojo(DefaultMavenPluginManager.java:520)
	at org.eclipse.m2e.core.internal.embedder.MavenImpl.getConfiguredMojo(MavenImpl.java:210)
	at org.eclipse.m2e.mavenarchiver.internal.AbstractMavenArchiverConfigurator.reflectManifestGeneration(AbstractMavenArchiverConfigurator.java:440)
	at org.eclipse.m2e.mavenarchiver.internal.AbstractMavenArchiverConfigurator.lambda$3(AbstractMavenArchiverConfigurator.java:399)
	at org.eclipse.m2e.core.internal.embedder.MavenExecutionContext.executeBare(MavenExecutionContext.java:394)
	at org.eclipse.m2e.core.internal.embedder.MavenExecutionContext.execute(MavenExecutionContext.java:275)
	at org.eclipse.m2e.core.internal.embedder.MavenExecutionContext.execute(MavenExecutionContext.java:214)
	at org.eclipse.m2e.mavenarchiver.internal.AbstractMavenArchiverConfigurator.generateManifest(AbstractMavenArchiverConfigurator.java:372)
	at org.eclipse.m2e.mavenarchiver.internal.AbstractMavenArchiverConfigurator.mavenProjectChanged(AbstractMavenArchiverConfigurator.java:229)
	at org.eclipse.m2e.mavenarchiver.internal.AbstractMavenArchiverConfigurator$1.build(AbstractMavenArchiverConfigurator.java:179)
	at org.eclipse.m2e.core.internal.builder.MavenBuilderImpl.lambda$1(MavenBuilderImpl.java:139)
	at java.base/java.util.LinkedHashMap.forEach(LinkedHashMap.java:721)
	at org.eclipse.m2e.core.internal.builder.MavenBuilderImpl.build(MavenBuilderImpl.java:122)
	at org.eclipse.m2e.core.internal.builder.MavenBuilder$1.method(MavenBuilder.java:164)
	at org.eclipse.m2e.core.internal.builder.MavenBuilder$1.method(MavenBuilder.java:1)
	at org.eclipse.m2e.core.internal.builder.MavenBuilder$BuildMethod.lambda$1(MavenBuilder.java:109)
	at org.eclipse.m2e.core.internal.embedder.MavenExecutionContext.executeBare(MavenExecutionContext.java:394)
	at org.eclipse.m2e.core.internal.embedder.MavenExecutionContext.execute(MavenExecutionContext.java:228)
	at org.eclipse.m2e.core.internal.builder.MavenBuilder$BuildMethod.lambda$0(MavenBuilder.java:100)
	at org.eclipse.m2e.core.internal.embedder.MavenExecutionContext.executeBare(MavenExecutionContext.java:394)
	at org.eclipse.m2e.core.internal.embedder.MavenExecutionContext.execute(MavenExecutionContext.java:275)
	at org.eclipse.m2e.core.internal.embedder.MavenExecutionContext.execute(MavenExecutionContext.java:214)
	at org.eclipse.m2e.core.internal.builder.MavenBuilder$BuildMethod.execute(MavenBuilder.java:83)
	at org.eclipse.m2e.core.internal.builder.MavenBuilder.build(MavenBuilder.java:192)
	at org.eclipse.core.internal.events.BuildManager$2.run(BuildManager.java:1020)
	at org.eclipse.core.runtime.SafeRunner.run(SafeRunner.java:45)
	at org.eclipse.core.internal.events.BuildManager.basicBuild(BuildManager.java:247)
	at org.eclipse.core.internal.events.BuildManager.basicBuild(BuildManager.java:303)
	at org.eclipse.core.internal.events.BuildManager$1.run(BuildManager.java:392)
	at org.eclipse.core.runtime.SafeRunner.run(SafeRunner.java:45)
	at org.eclipse.core.internal.events.BuildManager.basicBuild(BuildManager.java:395)
	at org.eclipse.core.internal.events.BuildManager.basicBuildLoop(BuildManager.java:506)
	at org.eclipse.core.internal.events.BuildManager.basicBuildLoop(BuildManager.java:454)
	at org.eclipse.core.internal.events.BuildManager.build(BuildManager.java:536)
	at org.eclipse.core.internal.events.AutoBuildJob.doBuild(AutoBuildJob.java:196)
	at org.eclipse.core.internal.events.AutoBuildJob.run(AutoBuildJob.java:289)
	at org.eclipse.core.internal.jobs.Worker.run(Worker.java:63)
Caused by: java.lang.NoClassDefFoundError: Could not initialize class org.apache.maven.plugin.war.util.WebappStructureSerializer
	at org.apache.maven.plugin.war.AbstractWarMojo.<init>(AbstractWarMojo.java:316)
	at org.apache.maven.plugin.war.WarMojo.<init>(WarMojo.java:49)
	at java.base/jdk.internal.reflect.NativeConstructorAccessorImpl.newInstance0(Native Method)
	at java.base/jdk.internal.reflect.NativeConstructorAccessorImpl.newInstance(NativeConstructorAccessorImpl.java:77)
	at java.base/jdk.internal.reflect.DelegatingConstructorAccessorImpl.newInstance(DelegatingConstructorAccessorImpl.java:45)
	at java.base/java.lang.reflect.Constructor.newInstanceWithCaller(Constructor.java:499)
	at java.base/java.lang.reflect.Constructor.newInstance(Constructor.java:480)
	at com.google.inject.internal.DefaultConstructionProxyFactory$ReflectiveProxy.newInstance(DefaultConstructionProxyFactory.java:126)
	at com.google.inject.internal.ConstructorInjector.provision(ConstructorInjector.java:114)
	at com.google.inject.internal.ConstructorInjector.access$000(ConstructorInjector.java:32)
	at com.google.inject.internal.ConstructorInjector$1.call(ConstructorInjector.java:98)
	at com.google.inject.internal.ProvisionListenerStackCallback$Provision.provision(ProvisionListenerStackCallback.java:112)
	at com.google.inject.internal.ProvisionListenerStackCallback$Provision.provision(ProvisionListenerStackCallback.java:127)
	at com.google.inject.internal.ProvisionListenerStackCallback.provision(ProvisionListenerStackCallback.java:66)
	at com.google.inject.internal.ConstructorInjector.construct(ConstructorInjector.java:93)
	at com.google.inject.internal.ConstructorBindingImpl$Factory.get(ConstructorBindingImpl.java:306)
	at com.google.inject.internal.InjectorImpl$1.get(InjectorImpl.java:1050)
	... 53 common frames omitted
2025-12-06 14:22:03,590 [Worker-15: Building] WARN  o.e.m.c.i.embedder.EclipseLogger - Using platform encoding (Cp1252 actually) to copy filtered resources, i.e. build is platform dependent!
2025-12-06 14:22:03,592 [Worker-15: Building] INFO  o.e.m.c.i.embedder.EclipseLogger - Copying 0 resource
2025-12-06 14:22:03,597 [Worker-15: Building] WARN  o.e.m.c.i.embedder.EclipseLogger - Using platform encoding (Cp1252 actually) to copy filtered resources, i.e. build is platform dependent!
2025-12-06 14:22:03,599 [Worker-15: Building] INFO  o.e.m.c.i.embedder.EclipseLogger - Copying 0 resource
2025-12-06 14:22:03,607 [Worker-15: Building] WARN  Sisu - Error injecting: org.apache.maven.plugin.war.WarMojo
com.google.inject.ProvisionException: Unable to provision, see the following errors:

1) Error injecting constructor, java.lang.NoClassDefFoundError: Could not initialize class org.apache.maven.plugin.war.util.WebappStructureSerializer
  at org.apache.maven.plugin.war.WarMojo.<init>(Unknown Source)
  while locating org.apache.maven.plugin.war.WarMojo

1 error
	at com.google.inject.internal.InternalProvisionException.toProvisionException(InternalProvisionException.java:226)
	at com.google.inject.internal.InjectorImpl$1.get(InjectorImpl.java:1053)
	at com.google.inject.internal.InjectorImpl.getInstance(InjectorImpl.java:1086)
	at org.eclipse.sisu.space.AbstractDeferredClass.get(AbstractDeferredClass.java:48)
	at com.google.inject.internal.ProviderInternalFactory.provision(ProviderInternalFactory.java:85)
	at com.google.inject.internal.InternalFactoryToInitializableAdapter.provision(InternalFactoryToInitializableAdapter.java:57)
	at com.google.inject.internal.ProviderInternalFactory$1.call(ProviderInternalFactory.java:66)
	at com.google.inject.internal.ProvisionListenerStackCallback$Provision.provision(ProvisionListenerStackCallback.java:112)
	at com.google.inject.internal.ProvisionListenerStackCallback$Provision.provision(ProvisionListenerStackCallback.java:127)
	at com.google.inject.internal.ProvisionListenerStackCallback.provision(ProvisionListenerStackCallback.java:66)
	at com.google.inject.internal.ProviderInternalFactory.circularGet(ProviderInternalFactory.java:61)
	at com.google.inject.internal.InternalFactoryToInitializableAdapter.get(InternalFactoryToInitializableAdapter.java:47)
	at com.google.inject.internal.InjectorImpl$1.get(InjectorImpl.java:1050)
	at org.eclipse.sisu.inject.Guice4$1.get(Guice4.java:162)
	at org.eclipse.sisu.inject.LazyBeanEntry.getValue(LazyBeanEntry.java:81)
	at org.eclipse.sisu.plexus.LazyPlexusBean.getValue(LazyPlexusBean.java:51)
	at org.codehaus.plexus.DefaultPlexusContainer.lookup(DefaultPlexusContainer.java:263)
	at org.codehaus.plexus.DefaultPlexusContainer.lookup(DefaultPlexusContainer.java:255)
	at org.apache.maven.plugin.internal.DefaultMavenPluginManager.getConfiguredMojo(DefaultMavenPluginManager.java:520)
	at org.eclipse.m2e.core.internal.embedder.MavenImpl.getConfiguredMojo(MavenImpl.java:210)
	at org.eclipse.m2e.mavenarchiver.internal.AbstractMavenArchiverConfigurator.reflectManifestGeneration(AbstractMavenArchiverConfigurator.java:440)
	at org.eclipse.m2e.mavenarchiver.internal.AbstractMavenArchiverConfigurator.lambda$3(AbstractMavenArchiverConfigurator.java:399)
	at org.eclipse.m2e.core.internal.embedder.MavenExecutionContext.executeBare(MavenExecutionContext.java:394)
	at org.eclipse.m2e.core.internal.embedder.MavenExecutionContext.execute(MavenExecutionContext.java:275)
	at org.eclipse.m2e.core.internal.embedder.MavenExecutionContext.execute(MavenExecutionContext.java:214)
	at org.eclipse.m2e.mavenarchiver.internal.AbstractMavenArchiverConfigurator.generateManifest(AbstractMavenArchiverConfigurator.java:372)
	at org.eclipse.m2e.mavenarchiver.internal.AbstractMavenArchiverConfigurator.mavenProjectChanged(AbstractMavenArchiverConfigurator.java:229)
	at org.eclipse.m2e.mavenarchiver.internal.AbstractMavenArchiverConfigurator$1.build(AbstractMavenArchiverConfigurator.java:179)
	at org.eclipse.m2e.core.internal.builder.MavenBuilderImpl.lambda$1(MavenBuilderImpl.java:139)
	at java.base/java.util.LinkedHashMap.forEach(LinkedHashMap.java:721)
	at org.eclipse.m2e.core.internal.builder.MavenBuilderImpl.build(MavenBuilderImpl.java:122)
	at org.eclipse.m2e.core.internal.builder.MavenBuilder$1.method(MavenBuilder.java:164)
	at org.eclipse.m2e.core.internal.builder.MavenBuilder$1.method(MavenBuilder.java:1)
	at org.eclipse.m2e.core.internal.builder.MavenBuilder$BuildMethod.lambda$1(MavenBuilder.java:109)
	at org.eclipse.m2e.core.internal.embedder.MavenExecutionContext.executeBare(MavenExecutionContext.java:394)
	at org.eclipse.m2e.core.internal.embedder.MavenExecutionContext.execute(MavenExecutionContext.java:228)
	at org.eclipse.m2e.core.internal.builder.MavenBuilder$BuildMethod.lambda$0(MavenBuilder.java:100)
	at org.eclipse.m2e.core.internal.embedder.MavenExecutionContext.executeBare(MavenExecutionContext.java:394)
	at org.eclipse.m2e.core.internal.embedder.MavenExecutionContext.execute(MavenExecutionContext.java:275)
	at org.eclipse.m2e.core.internal.embedder.MavenExecutionContext.execute(MavenExecutionContext.java:214)
	at org.eclipse.m2e.core.internal.builder.MavenBuilder$BuildMethod.execute(MavenBuilder.java:83)
	at org.eclipse.m2e.core.internal.builder.MavenBuilder.build(MavenBuilder.java:192)
	at org.eclipse.core.internal.events.BuildManager$2.run(BuildManager.java:1020)
	at org.eclipse.core.runtime.SafeRunner.run(SafeRunner.java:45)
	at org.eclipse.core.internal.events.BuildManager.basicBuild(BuildManager.java:247)
	at org.eclipse.core.internal.events.BuildManager.basicBuild(BuildManager.java:303)
	at org.eclipse.core.internal.events.BuildManager$1.run(BuildManager.java:392)
	at org.eclipse.core.runtime.SafeRunner.run(SafeRunner.java:45)
	at org.eclipse.core.internal.events.BuildManager.basicBuild(BuildManager.java:395)
	at org.eclipse.core.internal.events.BuildManager.basicBuildLoop(BuildManager.java:506)
	at org.eclipse.core.internal.events.BuildManager.basicBuildLoop(BuildManager.java:454)
	at org.eclipse.core.internal.events.BuildManager.build(BuildManager.java:536)
	at org.eclipse.core.internal.events.AutoBuildJob.doBuild(AutoBuildJob.java:196)
	at org.eclipse.core.internal.events.AutoBuildJob.run(AutoBuildJob.java:289)
	at org.eclipse.core.internal.jobs.Worker.run(Worker.java:63)
Caused by: java.lang.NoClassDefFoundError: Could not initialize class org.apache.maven.plugin.war.util.WebappStructureSerializer
	at org.apache.maven.plugin.war.AbstractWarMojo.<init>(AbstractWarMojo.java:316)
	at org.apache.maven.plugin.war.WarMojo.<init>(WarMojo.java:49)
	at java.base/jdk.internal.reflect.NativeConstructorAccessorImpl.newInstance0(Native Method)
	at java.base/jdk.internal.reflect.NativeConstructorAccessorImpl.newInstance(NativeConstructorAccessorImpl.java:77)
	at java.base/jdk.internal.reflect.DelegatingConstructorAccessorImpl.newInstance(DelegatingConstructorAccessorImpl.java:45)
	at java.base/java.lang.reflect.Constructor.newInstanceWithCaller(Constructor.java:499)
	at java.base/java.lang.reflect.Constructor.newInstance(Constructor.java:480)
	at com.google.inject.internal.DefaultConstructionProxyFactory$ReflectiveProxy.newInstance(DefaultConstructionProxyFactory.java:126)
	at com.google.inject.internal.ConstructorInjector.provision(ConstructorInjector.java:114)
	at com.google.inject.internal.ConstructorInjector.access$000(ConstructorInjector.java:32)
	at com.google.inject.internal.ConstructorInjector$1.call(ConstructorInjector.java:98)
	at com.google.inject.internal.ProvisionListenerStackCallback$Provision.provision(ProvisionListenerStackCallback.java:112)
	at com.google.inject.internal.ProvisionListenerStackCallback$Provision.provision(ProvisionListenerStackCallback.java:127)
	at com.google.inject.internal.ProvisionListenerStackCallback.provision(ProvisionListenerStackCallback.java:66)
	at com.google.inject.internal.ConstructorInjector.construct(ConstructorInjector.java:93)
	at com.google.inject.internal.ConstructorBindingImpl$Factory.get(ConstructorBindingImpl.java:306)
	at com.google.inject.internal.InjectorImpl$1.get(InjectorImpl.java:1050)
	... 53 common frames omitted
2025-12-06 14:22:07,866 [Worker-17: Building] WARN  o.e.m.c.i.embedder.EclipseLogger - Using platform encoding (Cp1252 actually) to copy filtered resources, i.e. build is platform dependent!
2025-12-06 14:22:07,868 [Worker-17: Building] INFO  o.e.m.c.i.embedder.EclipseLogger - Copying 0 resource
2025-12-06 14:22:07,872 [Worker-17: Building] WARN  o.e.m.c.i.embedder.EclipseLogger - Using platform encoding (Cp1252 actually) to copy filtered resources, i.e. build is platform dependent!
2025-12-06 14:22:07,873 [Worker-17: Building] INFO  o.e.m.c.i.embedder.EclipseLogger - Copying 0 resource
2025-12-06 14:22:07,878 [Worker-17: Building] WARN  Sisu - Error injecting: org.apache.maven.plugin.war.WarMojo
com.google.inject.ProvisionException: Unable to provision, see the following errors:

1) Error injecting constructor, java.lang.NoClassDefFoundError: Could not initialize class org.apache.maven.plugin.war.util.WebappStructureSerializer
  at org.apache.maven.plugin.war.WarMojo.<init>(Unknown Source)
  while locating org.apache.maven.plugin.war.WarMojo

1 error
	at com.google.inject.internal.InternalProvisionException.toProvisionException(InternalProvisionException.java:226)
	at com.google.inject.internal.InjectorImpl$1.get(InjectorImpl.java:1053)
	at com.google.inject.internal.InjectorImpl.getInstance(InjectorImpl.java:1086)
	at org.eclipse.sisu.space.AbstractDeferredClass.get(AbstractDeferredClass.java:48)
	at com.google.inject.internal.ProviderInternalFactory.provision(ProviderInternalFactory.java:85)
	at com.google.inject.internal.InternalFactoryToInitializableAdapter.provision(InternalFactoryToInitializableAdapter.java:57)
	at com.google.inject.internal.ProviderInternalFactory$1.call(ProviderInternalFactory.java:66)
	at com.google.inject.internal.ProvisionListenerStackCallback$Provision.provision(ProvisionListenerStackCallback.java:112)
	at com.google.inject.internal.ProvisionListenerStackCallback$Provision.provision(ProvisionListenerStackCallback.java:127)
	at com.google.inject.internal.ProvisionListenerStackCallback.provision(ProvisionListenerStackCallback.java:66)
	at com.google.inject.internal.ProviderInternalFactory.circularGet(ProviderInternalFactory.java:61)
	at com.google.inject.internal.InternalFactoryToInitializableAdapter.get(InternalFactoryToInitializableAdapter.java:47)
	at com.google.inject.internal.InjectorImpl$1.get(InjectorImpl.java:1050)
	at org.eclipse.sisu.inject.Guice4$1.get(Guice4.java:162)
	at org.eclipse.sisu.inject.LazyBeanEntry.getValue(LazyBeanEntry.java:81)
	at org.eclipse.sisu.plexus.LazyPlexusBean.getValue(LazyPlexusBean.java:51)
	at org.codehaus.plexus.DefaultPlexusContainer.lookup(DefaultPlexusContainer.java:263)
	at org.codehaus.plexus.DefaultPlexusContainer.lookup(DefaultPlexusContainer.java:255)
	at org.apache.maven.plugin.internal.DefaultMavenPluginManager.getConfiguredMojo(DefaultMavenPluginManager.java:520)
	at org.eclipse.m2e.core.internal.embedder.MavenImpl.getConfiguredMojo(MavenImpl.java:210)
	at org.eclipse.m2e.mavenarchiver.internal.AbstractMavenArchiverConfigurator.reflectManifestGeneration(AbstractMavenArchiverConfigurator.java:440)
	at org.eclipse.m2e.mavenarchiver.internal.AbstractMavenArchiverConfigurator.lambda$3(AbstractMavenArchiverConfigurator.java:399)
	at org.eclipse.m2e.core.internal.embedder.MavenExecutionContext.executeBare(MavenExecutionContext.java:394)
	at org.eclipse.m2e.core.internal.embedder.MavenExecutionContext.execute(MavenExecutionContext.java:275)
	at org.eclipse.m2e.core.internal.embedder.MavenExecutionContext.execute(MavenExecutionContext.java:214)
	at org.eclipse.m2e.mavenarchiver.internal.AbstractMavenArchiverConfigurator.generateManifest(AbstractMavenArchiverConfigurator.java:372)
	at org.eclipse.m2e.mavenarchiver.internal.AbstractMavenArchiverConfigurator.mavenProjectChanged(AbstractMavenArchiverConfigurator.java:229)
	at org.eclipse.m2e.mavenarchiver.internal.AbstractMavenArchiverConfigurator$1.build(AbstractMavenArchiverConfigurator.java:179)
	at org.eclipse.m2e.core.internal.builder.MavenBuilderImpl.lambda$1(MavenBuilderImpl.java:139)
	at java.base/java.util.LinkedHashMap.forEach(LinkedHashMap.java:721)
	at org.eclipse.m2e.core.internal.builder.MavenBuilderImpl.build(MavenBuilderImpl.java:122)
	at org.eclipse.m2e.core.internal.builder.MavenBuilder$1.method(MavenBuilder.java:164)
	at org.eclipse.m2e.core.internal.builder.MavenBuilder$1.method(MavenBuilder.java:1)
	at org.eclipse.m2e.core.internal.builder.MavenBuilder$BuildMethod.lambda$1(MavenBuilder.java:109)
	at org.eclipse.m2e.core.internal.embedder.MavenExecutionContext.executeBare(MavenExecutionContext.java:394)
	at org.eclipse.m2e.core.internal.embedder.MavenExecutionContext.execute(MavenExecutionContext.java:228)
	at org.eclipse.m2e.core.internal.builder.MavenBuilder$BuildMethod.lambda$0(MavenBuilder.java:100)
	at org.eclipse.m2e.core.internal.embedder.MavenExecutionContext.executeBare(MavenExecutionContext.java:394)
	at org.eclipse.m2e.core.internal.embedder.MavenExecutionContext.execute(MavenExecutionContext.java:275)
	at org.eclipse.m2e.core.internal.embedder.MavenExecutionContext.execute(MavenExecutionContext.java:214)
	at org.eclipse.m2e.core.internal.builder.MavenBuilder$BuildMethod.execute(MavenBuilder.java:83)
	at org.eclipse.m2e.core.internal.builder.MavenBuilder.build(MavenBuilder.java:192)
	at org.eclipse.core.internal.events.BuildManager$2.run(BuildManager.java:1020)
	at org.eclipse.core.runtime.SafeRunner.run(SafeRunner.java:45)
	at org.eclipse.core.internal.events.BuildManager.basicBuild(BuildManager.java:247)
	at org.eclipse.core.internal.events.BuildManager.basicBuild(BuildManager.java:303)
	at org.eclipse.core.internal.events.BuildManager$1.run(BuildManager.java:392)
	at org.eclipse.core.runtime.SafeRunner.run(SafeRunner.java:45)
	at org.eclipse.core.internal.events.BuildManager.basicBuild(BuildManager.java:395)
	at org.eclipse.core.internal.events.BuildManager.basicBuildLoop(BuildManager.java:506)
	at org.eclipse.core.internal.events.BuildManager.basicBuildLoop(BuildManager.java:454)
	at org.eclipse.core.internal.events.BuildManager.build(BuildManager.java:536)
	at org.eclipse.core.internal.events.AutoBuildJob.doBuild(AutoBuildJob.java:196)
	at org.eclipse.core.internal.events.AutoBuildJob.run(AutoBuildJob.java:289)
	at org.eclipse.core.internal.jobs.Worker.run(Worker.java:63)
Caused by: java.lang.NoClassDefFoundError: Could not initialize class org.apache.maven.plugin.war.util.WebappStructureSerializer
	at org.apache.maven.plugin.war.AbstractWarMojo.<init>(AbstractWarMojo.java:316)
	at org.apache.maven.plugin.war.WarMojo.<init>(WarMojo.java:49)
	at java.base/jdk.internal.reflect.NativeConstructorAccessorImpl.newInstance0(Native Method)
	at java.base/jdk.internal.reflect.NativeConstructorAccessorImpl.newInstance(NativeConstructorAccessorImpl.java:77)
	at java.base/jdk.internal.reflect.DelegatingConstructorAccessorImpl.newInstance(DelegatingConstructorAccessorImpl.java:45)
	at java.base/java.lang.reflect.Constructor.newInstanceWithCaller(Constructor.java:499)
	at java.base/java.lang.reflect.Constructor.newInstance(Constructor.java:480)
	at com.google.inject.internal.DefaultConstructionProxyFactory$ReflectiveProxy.newInstance(DefaultConstructionProxyFactory.java:126)
	at com.google.inject.internal.ConstructorInjector.provision(ConstructorInjector.java:114)
	at com.google.inject.internal.ConstructorInjector.access$000(ConstructorInjector.java:32)
	at com.google.inject.internal.ConstructorInjector$1.call(ConstructorInjector.java:98)
	at com.google.inject.internal.ProvisionListenerStackCallback$Provision.provision(ProvisionListenerStackCallback.java:112)
	at com.google.inject.internal.ProvisionListenerStackCallback$Provision.provision(ProvisionListenerStackCallback.java:127)
	at com.google.inject.internal.ProvisionListenerStackCallback.provision(ProvisionListenerStackCallback.java:66)
	at com.google.inject.internal.ConstructorInjector.construct(ConstructorInjector.java:93)
	at com.google.inject.internal.ConstructorBindingImpl$Factory.get(ConstructorBindingImpl.java:306)
	at com.google.inject.internal.InjectorImpl$1.get(InjectorImpl.java:1050)
	... 53 common frames omitted
2025-12-06 14:27:49,319 [Worker-14: Building] WARN  o.e.m.c.i.embedder.EclipseLogger - Using platform encoding (Cp1252 actually) to copy filtered resources, i.e. build is platform dependent!
2025-12-06 14:27:49,320 [Worker-14: Building] INFO  o.e.m.c.i.embedder.EclipseLogger - Copying 0 resource
2025-12-06 14:27:49,323 [Worker-14: Building] WARN  o.e.m.c.i.embedder.EclipseLogger - Using platform encoding (Cp1252 actually) to copy filtered resources, i.e. build is platform dependent!
2025-12-06 14:27:49,325 [Worker-14: Building] INFO  o.e.m.c.i.embedder.EclipseLogger - Copying 0 resource
2025-12-06 14:27:49,331 [Worker-14: Building] WARN  Sisu - Error injecting: org.apache.maven.plugin.war.WarMojo
com.google.inject.ProvisionException: Unable to provision, see the following errors:

1) Error injecting constructor, java.lang.NoClassDefFoundError: Could not initialize class org.apache.maven.plugin.war.util.WebappStructureSerializer
  at org.apache.maven.plugin.war.WarMojo.<init>(Unknown Source)
  while locating org.apache.maven.plugin.war.WarMojo

1 error
	at com.google.inject.internal.InternalProvisionException.toProvisionException(InternalProvisionException.java:226)
	at com.google.inject.internal.InjectorImpl$1.get(InjectorImpl.java:1053)
	at com.google.inject.internal.InjectorImpl.getInstance(InjectorImpl.java:1086)
	at org.eclipse.sisu.space.AbstractDeferredClass.get(AbstractDeferredClass.java:48)
	at com.google.inject.internal.ProviderInternalFactory.provision(ProviderInternalFactory.java:85)
	at com.google.inject.internal.InternalFactoryToInitializableAdapter.provision(InternalFactoryToInitializableAdapter.java:57)
	at com.google.inject.internal.ProviderInternalFactory$1.call(ProviderInternalFactory.java:66)
	at com.google.inject.internal.ProvisionListenerStackCallback$Provision.provision(ProvisionListenerStackCallback.java:112)
	at com.google.inject.internal.ProvisionListenerStackCallback$Provision.provision(ProvisionListenerStackCallback.java:127)
	at com.google.inject.internal.ProvisionListenerStackCallback.provision(ProvisionListenerStackCallback.java:66)
	at com.google.inject.internal.ProviderInternalFactory.circularGet(ProviderInternalFactory.java:61)
	at com.google.inject.internal.InternalFactoryToInitializableAdapter.get(InternalFactoryToInitializableAdapter.java:47)
	at com.google.inject.internal.InjectorImpl$1.get(InjectorImpl.java:1050)
	at org.eclipse.sisu.inject.Guice4$1.get(Guice4.java:162)
	at org.eclipse.sisu.inject.LazyBeanEntry.getValue(LazyBeanEntry.java:81)
	at org.eclipse.sisu.plexus.LazyPlexusBean.getValue(LazyPlexusBean.java:51)
	at org.codehaus.plexus.DefaultPlexusContainer.lookup(DefaultPlexusContainer.java:263)
	at org.codehaus.plexus.DefaultPlexusContainer.lookup(DefaultPlexusContainer.java:255)
	at org.apache.maven.plugin.internal.DefaultMavenPluginManager.getConfiguredMojo(DefaultMavenPluginManager.java:520)
	at org.eclipse.m2e.core.internal.embedder.MavenImpl.getConfiguredMojo(MavenImpl.java:210)
	at org.eclipse.m2e.mavenarchiver.internal.AbstractMavenArchiverConfigurator.reflectManifestGeneration(AbstractMavenArchiverConfigurator.java:440)
	at org.eclipse.m2e.mavenarchiver.internal.AbstractMavenArchiverConfigurator.lambda$3(AbstractMavenArchiverConfigurator.java:399)
	at org.eclipse.m2e.core.internal.embedder.MavenExecutionContext.executeBare(MavenExecutionContext.java:394)
	at org.eclipse.m2e.core.internal.embedder.MavenExecutionContext.execute(MavenExecutionContext.java:275)
	at org.eclipse.m2e.core.internal.embedder.MavenExecutionContext.execute(MavenExecutionContext.java:214)
	at org.eclipse.m2e.mavenarchiver.internal.AbstractMavenArchiverConfigurator.generateManifest(AbstractMavenArchiverConfigurator.java:372)
	at org.eclipse.m2e.mavenarchiver.internal.AbstractMavenArchiverConfigurator.mavenProjectChanged(AbstractMavenArchiverConfigurator.java:229)
	at org.eclipse.m2e.mavenarchiver.internal.AbstractMavenArchiverConfigurator$1.build(AbstractMavenArchiverConfigurator.java:179)
	at org.eclipse.m2e.core.internal.builder.MavenBuilderImpl.lambda$1(MavenBuilderImpl.java:139)
	at java.base/java.util.LinkedHashMap.forEach(LinkedHashMap.java:721)
	at org.eclipse.m2e.core.internal.builder.MavenBuilderImpl.build(MavenBuilderImpl.java:122)
	at org.eclipse.m2e.core.internal.builder.MavenBuilder$1.method(MavenBuilder.java:164)
	at org.eclipse.m2e.core.internal.builder.MavenBuilder$1.method(MavenBuilder.java:1)
	at org.eclipse.m2e.core.internal.builder.MavenBuilder$BuildMethod.lambda$1(MavenBuilder.java:109)
	at org.eclipse.m2e.core.internal.embedder.MavenExecutionContext.executeBare(MavenExecutionContext.java:394)
	at org.eclipse.m2e.core.internal.embedder.MavenExecutionContext.execute(MavenExecutionContext.java:228)
	at org.eclipse.m2e.core.internal.builder.MavenBuilder$BuildMethod.lambda$0(MavenBuilder.java:100)
	at org.eclipse.m2e.core.internal.embedder.MavenExecutionContext.executeBare(MavenExecutionContext.java:394)
	at org.eclipse.m2e.core.internal.embedder.MavenExecutionContext.execute(MavenExecutionContext.java:275)
	at org.eclipse.m2e.core.internal.embedder.MavenExecutionContext.execute(MavenExecutionContext.java:214)
	at org.eclipse.m2e.core.internal.builder.MavenBuilder$BuildMethod.execute(MavenBuilder.java:83)
	at org.eclipse.m2e.core.internal.builder.MavenBuilder.build(MavenBuilder.java:192)
	at org.eclipse.core.internal.events.BuildManager$2.run(BuildManager.java:1020)
	at org.eclipse.core.runtime.SafeRunner.run(SafeRunner.java:45)
	at org.eclipse.core.internal.events.BuildManager.basicBuild(BuildManager.java:247)
	at org.eclipse.core.internal.events.BuildManager.basicBuild(BuildManager.java:303)
	at org.eclipse.core.internal.events.BuildManager$1.run(BuildManager.java:392)
	at org.eclipse.core.runtime.SafeRunner.run(SafeRunner.java:45)
	at org.eclipse.core.internal.events.BuildManager.basicBuild(BuildManager.java:395)
	at org.eclipse.core.internal.events.BuildManager.basicBuildLoop(BuildManager.java:506)
	at org.eclipse.core.internal.events.BuildManager.basicBuildLoop(BuildManager.java:454)
	at org.eclipse.core.internal.events.BuildManager.build(BuildManager.java:536)
	at org.eclipse.core.internal.events.AutoBuildJob.doBuild(AutoBuildJob.java:196)
	at org.eclipse.core.internal.events.AutoBuildJob.run(AutoBuildJob.java:289)
	at org.eclipse.core.internal.jobs.Worker.run(Worker.java:63)
Caused by: java.lang.NoClassDefFoundError: Could not initialize class org.apache.maven.plugin.war.util.WebappStructureSerializer
	at org.apache.maven.plugin.war.AbstractWarMojo.<init>(AbstractWarMojo.java:316)
	at org.apache.maven.plugin.war.WarMojo.<init>(WarMojo.java:49)
	at java.base/jdk.internal.reflect.NativeConstructorAccessorImpl.newInstance0(Native Method)
	at java.base/jdk.internal.reflect.NativeConstructorAccessorImpl.newInstance(NativeConstructorAccessorImpl.java:77)
	at java.base/jdk.internal.reflect.DelegatingConstructorAccessorImpl.newInstance(DelegatingConstructorAccessorImpl.java:45)
	at java.base/java.lang.reflect.Constructor.newInstanceWithCaller(Constructor.java:499)
	at java.base/java.lang.reflect.Constructor.newInstance(Constructor.java:480)
	at com.google.inject.internal.DefaultConstructionProxyFactory$ReflectiveProxy.newInstance(DefaultConstructionProxyFactory.java:126)
	at com.google.inject.internal.ConstructorInjector.provision(ConstructorInjector.java:114)
	at com.google.inject.internal.ConstructorInjector.access$000(ConstructorInjector.java:32)
	at com.google.inject.internal.ConstructorInjector$1.call(ConstructorInjector.java:98)
	at com.google.inject.internal.ProvisionListenerStackCallback$Provision.provision(ProvisionListenerStackCallback.java:112)
	at com.google.inject.internal.ProvisionListenerStackCallback$Provision.provision(ProvisionListenerStackCallback.java:127)
	at com.google.inject.internal.ProvisionListenerStackCallback.provision(ProvisionListenerStackCallback.java:66)
	at com.google.inject.internal.ConstructorInjector.construct(ConstructorInjector.java:93)
	at com.google.inject.internal.ConstructorBindingImpl$Factory.get(ConstructorBindingImpl.java:306)
	at com.google.inject.internal.InjectorImpl$1.get(InjectorImpl.java:1050)
	... 53 common frames omitted
2025-12-06 14:28:26,544 [Worker-14: Building] WARN  o.e.m.c.i.embedder.EclipseLogger - Using platform encoding (Cp1252 actually) to copy filtered resources, i.e. build is platform dependent!
2025-12-06 14:28:26,552 [Worker-14: Building] INFO  o.e.m.c.i.embedder.EclipseLogger - Copying 0 resource
2025-12-06 14:28:26,555 [Worker-14: Building] WARN  o.e.m.c.i.embedder.EclipseLogger - Using platform encoding (Cp1252 actually) to copy filtered resources, i.e. build is platform dependent!
2025-12-06 14:28:26,557 [Worker-14: Building] INFO  o.e.m.c.i.embedder.EclipseLogger - Copying 0 resource
2025-12-06 14:28:26,563 [Worker-14: Building] WARN  Sisu - Error injecting: org.apache.maven.plugin.war.WarMojo
com.google.inject.ProvisionException: Unable to provision, see the following errors:

1) Error injecting constructor, java.lang.NoClassDefFoundError: Could not initialize class org.apache.maven.plugin.war.util.WebappStructureSerializer
  at org.apache.maven.plugin.war.WarMojo.<init>(Unknown Source)
  while locating org.apache.maven.plugin.war.WarMojo

1 error
	at com.google.inject.internal.InternalProvisionException.toProvisionException(InternalProvisionException.java:226)
	at com.google.inject.internal.InjectorImpl$1.get(InjectorImpl.java:1053)
	at com.google.inject.internal.InjectorImpl.getInstance(InjectorImpl.java:1086)
	at org.eclipse.sisu.space.AbstractDeferredClass.get(AbstractDeferredClass.java:48)
	at com.google.inject.internal.ProviderInternalFactory.provision(ProviderInternalFactory.java:85)
	at com.google.inject.internal.InternalFactoryToInitializableAdapter.provision(InternalFactoryToInitializableAdapter.java:57)
	at com.google.inject.internal.ProviderInternalFactory$1.call(ProviderInternalFactory.java:66)
	at com.google.inject.internal.ProvisionListenerStackCallback$Provision.provision(ProvisionListenerStackCallback.java:112)
	at com.google.inject.internal.ProvisionListenerStackCallback$Provision.provision(ProvisionListenerStackCallback.java:127)
	at com.google.inject.internal.ProvisionListenerStackCallback.provision(ProvisionListenerStackCallback.java:66)
	at com.google.inject.internal.ProviderInternalFactory.circularGet(ProviderInternalFactory.java:61)
	at com.google.inject.internal.InternalFactoryToInitializableAdapter.get(InternalFactoryToInitializableAdapter.java:47)
	at com.google.inject.internal.InjectorImpl$1.get(InjectorImpl.java:1050)
	at org.eclipse.sisu.inject.Guice4$1.get(Guice4.java:162)
	at org.eclipse.sisu.inject.LazyBeanEntry.getValue(LazyBeanEntry.java:81)
	at org.eclipse.sisu.plexus.LazyPlexusBean.getValue(LazyPlexusBean.java:51)
	at org.codehaus.plexus.DefaultPlexusContainer.lookup(DefaultPlexusContainer.java:263)
	at org.codehaus.plexus.DefaultPlexusContainer.lookup(DefaultPlexusContainer.java:255)
	at org.apache.maven.plugin.internal.DefaultMavenPluginManager.getConfiguredMojo(DefaultMavenPluginManager.java:520)
	at org.eclipse.m2e.core.internal.embedder.MavenImpl.getConfiguredMojo(MavenImpl.java:210)
	at org.eclipse.m2e.mavenarchiver.internal.AbstractMavenArchiverConfigurator.reflectManifestGeneration(AbstractMavenArchiverConfigurator.java:440)
	at org.eclipse.m2e.mavenarchiver.internal.AbstractMavenArchiverConfigurator.lambda$3(AbstractMavenArchiverConfigurator.java:399)
	at org.eclipse.m2e.core.internal.embedder.MavenExecutionContext.executeBare(MavenExecutionContext.java:394)
	at org.eclipse.m2e.core.internal.embedder.MavenExecutionContext.execute(MavenExecutionContext.java:275)
	at org.eclipse.m2e.core.internal.embedder.MavenExecutionContext.execute(MavenExecutionContext.java:214)
	at org.eclipse.m2e.mavenarchiver.internal.AbstractMavenArchiverConfigurator.generateManifest(AbstractMavenArchiverConfigurator.java:372)
	at org.eclipse.m2e.mavenarchiver.internal.AbstractMavenArchiverConfigurator.mavenProjectChanged(AbstractMavenArchiverConfigurator.java:229)
	at org.eclipse.m2e.mavenarchiver.internal.AbstractMavenArchiverConfigurator$1.build(AbstractMavenArchiverConfigurator.java:179)
	at org.eclipse.m2e.core.internal.builder.MavenBuilderImpl.lambda$1(MavenBuilderImpl.java:139)
	at java.base/java.util.LinkedHashMap.forEach(LinkedHashMap.java:721)
	at org.eclipse.m2e.core.internal.builder.MavenBuilderImpl.build(MavenBuilderImpl.java:122)
	at org.eclipse.m2e.core.internal.builder.MavenBuilder$1.method(MavenBuilder.java:164)
	at org.eclipse.m2e.core.internal.builder.MavenBuilder$1.method(MavenBuilder.java:1)
	at org.eclipse.m2e.core.internal.builder.MavenBuilder$BuildMethod.lambda$1(MavenBuilder.java:109)
	at org.eclipse.m2e.core.internal.embedder.MavenExecutionContext.executeBare(MavenExecutionContext.java:394)
	at org.eclipse.m2e.core.internal.embedder.MavenExecutionContext.execute(MavenExecutionContext.java:228)
	at org.eclipse.m2e.core.internal.builder.MavenBuilder$BuildMethod.lambda$0(MavenBuilder.java:100)
	at org.eclipse.m2e.core.internal.embedder.MavenExecutionContext.executeBare(MavenExecutionContext.java:394)
	at org.eclipse.m2e.core.internal.embedder.MavenExecutionContext.execute(MavenExecutionContext.java:275)
	at org.eclipse.m2e.core.internal.embedder.MavenExecutionContext.execute(MavenExecutionContext.java:214)
	at org.eclipse.m2e.core.internal.builder.MavenBuilder$BuildMethod.execute(MavenBuilder.java:83)
	at org.eclipse.m2e.core.internal.builder.MavenBuilder.build(MavenBuilder.java:192)
	at org.eclipse.core.internal.events.BuildManager$2.run(BuildManager.java:1020)
	at org.eclipse.core.runtime.SafeRunner.run(SafeRunner.java:45)
	at org.eclipse.core.internal.events.BuildManager.basicBuild(BuildManager.java:247)
	at org.eclipse.core.internal.events.BuildManager.basicBuild(BuildManager.java:303)
	at org.eclipse.core.internal.events.BuildManager$1.run(BuildManager.java:392)
	at org.eclipse.core.runtime.SafeRunner.run(SafeRunner.java:45)
	at org.eclipse.core.internal.events.BuildManager.basicBuild(BuildManager.java:395)
	at org.eclipse.core.internal.events.BuildManager.basicBuildLoop(BuildManager.java:506)
	at org.eclipse.core.internal.events.BuildManager.basicBuildLoop(BuildManager.java:454)
	at org.eclipse.core.internal.events.BuildManager.build(BuildManager.java:536)
	at org.eclipse.core.internal.events.AutoBuildJob.doBuild(AutoBuildJob.java:196)
	at org.eclipse.core.internal.events.AutoBuildJob.run(AutoBuildJob.java:289)
	at org.eclipse.core.internal.jobs.Worker.run(Worker.java:63)
Caused by: java.lang.NoClassDefFoundError: Could not initialize class org.apache.maven.plugin.war.util.WebappStructureSerializer
	at org.apache.maven.plugin.war.AbstractWarMojo.<init>(AbstractWarMojo.java:316)
	at org.apache.maven.plugin.war.WarMojo.<init>(WarMojo.java:49)
	at java.base/jdk.internal.reflect.NativeConstructorAccessorImpl.newInstance0(Native Method)
	at java.base/jdk.internal.reflect.NativeConstructorAccessorImpl.newInstance(NativeConstructorAccessorImpl.java:77)
	at java.base/jdk.internal.reflect.DelegatingConstructorAccessorImpl.newInstance(DelegatingConstructorAccessorImpl.java:45)
	at java.base/java.lang.reflect.Constructor.newInstanceWithCaller(Constructor.java:499)
	at java.base/java.lang.reflect.Constructor.newInstance(Constructor.java:480)
	at com.google.inject.internal.DefaultConstructionProxyFactory$ReflectiveProxy.newInstance(DefaultConstructionProxyFactory.java:126)
	at com.google.inject.internal.ConstructorInjector.provision(ConstructorInjector.java:114)
	at com.google.inject.internal.ConstructorInjector.access$000(ConstructorInjector.java:32)
	at com.google.inject.internal.ConstructorInjector$1.call(ConstructorInjector.java:98)
	at com.google.inject.internal.ProvisionListenerStackCallback$Provision.provision(ProvisionListenerStackCallback.java:112)
	at com.google.inject.internal.ProvisionListenerStackCallback$Provision.provision(ProvisionListenerStackCallback.java:127)
	at com.google.inject.internal.ProvisionListenerStackCallback.provision(ProvisionListenerStackCallback.java:66)
	at com.google.inject.internal.ConstructorInjector.construct(ConstructorInjector.java:93)
	at com.google.inject.internal.ConstructorBindingImpl$Factory.get(ConstructorBindingImpl.java:306)
	at com.google.inject.internal.InjectorImpl$1.get(InjectorImpl.java:1050)
	... 53 common frames omitted
2025-12-06 14:37:13,074 [Worker-17: Building] WARN  o.e.m.c.i.embedder.EclipseLogger - Using platform encoding (Cp1252 actually) to copy filtered resources, i.e. build is platform dependent!
2025-12-06 14:37:13,076 [Worker-17: Building] INFO  o.e.m.c.i.embedder.EclipseLogger - Copying 0 resource
2025-12-06 14:37:13,079 [Worker-17: Building] WARN  o.e.m.c.i.embedder.EclipseLogger - Using platform encoding (Cp1252 actually) to copy filtered resources, i.e. build is platform dependent!
2025-12-06 14:37:13,080 [Worker-17: Building] INFO  o.e.m.c.i.embedder.EclipseLogger - Copying 0 resource
2025-12-06 14:37:13,085 [Worker-17: Building] WARN  Sisu - Error injecting: org.apache.maven.plugin.war.WarMojo
com.google.inject.ProvisionException: Unable to provision, see the following errors:

1) Error injecting constructor, java.lang.NoClassDefFoundError: Could not initialize class org.apache.maven.plugin.war.util.WebappStructureSerializer
  at org.apache.maven.plugin.war.WarMojo.<init>(Unknown Source)
  while locating org.apache.maven.plugin.war.WarMojo

1 error
	at com.google.inject.internal.InternalProvisionException.toProvisionException(InternalProvisionException.java:226)
	at com.google.inject.internal.InjectorImpl$1.get(InjectorImpl.java:1053)
	at com.google.inject.internal.InjectorImpl.getInstance(InjectorImpl.java:1086)
	at org.eclipse.sisu.space.AbstractDeferredClass.get(AbstractDeferredClass.java:48)
	at com.google.inject.internal.ProviderInternalFactory.provision(ProviderInternalFactory.java:85)
	at com.google.inject.internal.InternalFactoryToInitializableAdapter.provision(InternalFactoryToInitializableAdapter.java:57)
	at com.google.inject.internal.ProviderInternalFactory$1.call(ProviderInternalFactory.java:66)
	at com.google.inject.internal.ProvisionListenerStackCallback$Provision.provision(ProvisionListenerStackCallback.java:112)
	at com.google.inject.internal.ProvisionListenerStackCallback$Provision.provision(ProvisionListenerStackCallback.java:127)
	at com.google.inject.internal.ProvisionListenerStackCallback.provision(ProvisionListenerStackCallback.java:66)
	at com.google.inject.internal.ProviderInternalFactory.circularGet(ProviderInternalFactory.java:61)
	at com.google.inject.internal.InternalFactoryToInitializableAdapter.get(InternalFactoryToInitializableAdapter.java:47)
	at com.google.inject.internal.InjectorImpl$1.get(InjectorImpl.java:1050)
	at org.eclipse.sisu.inject.Guice4$1.get(Guice4.java:162)
	at org.eclipse.sisu.inject.LazyBeanEntry.getValue(LazyBeanEntry.java:81)
	at org.eclipse.sisu.plexus.LazyPlexusBean.getValue(LazyPlexusBean.java:51)
	at org.codehaus.plexus.DefaultPlexusContainer.lookup(DefaultPlexusContainer.java:263)
	at org.codehaus.plexus.DefaultPlexusContainer.lookup(DefaultPlexusContainer.java:255)
	at org.apache.maven.plugin.internal.DefaultMavenPluginManager.getConfiguredMojo(DefaultMavenPluginManager.java:520)
	at org.eclipse.m2e.core.internal.embedder.MavenImpl.getConfiguredMojo(MavenImpl.java:210)
	at org.eclipse.m2e.mavenarchiver.internal.AbstractMavenArchiverConfigurator.reflectManifestGeneration(AbstractMavenArchiverConfigurator.java:440)
	at org.eclipse.m2e.mavenarchiver.internal.AbstractMavenArchiverConfigurator.lambda$3(AbstractMavenArchiverConfigurator.java:399)
	at org.eclipse.m2e.core.internal.embedder.MavenExecutionContext.executeBare(MavenExecutionContext.java:394)
	at org.eclipse.m2e.core.internal.embedder.MavenExecutionContext.execute(MavenExecutionContext.java:275)
	at org.eclipse.m2e.core.internal.embedder.MavenExecutionContext.execute(MavenExecutionContext.java:214)
	at org.eclipse.m2e.mavenarchiver.internal.AbstractMavenArchiverConfigurator.generateManifest(AbstractMavenArchiverConfigurator.java:372)
	at org.eclipse.m2e.mavenarchiver.internal.AbstractMavenArchiverConfigurator.mavenProjectChanged(AbstractMavenArchiverConfigurator.java:229)
	at org.eclipse.m2e.mavenarchiver.internal.AbstractMavenArchiverConfigurator$1.build(AbstractMavenArchiverConfigurator.java:179)
	at org.eclipse.m2e.core.internal.builder.MavenBuilderImpl.lambda$1(MavenBuilderImpl.java:139)
	at java.base/java.util.LinkedHashMap.forEach(LinkedHashMap.java:721)
	at org.eclipse.m2e.core.internal.builder.MavenBuilderImpl.build(MavenBuilderImpl.java:122)
	at org.eclipse.m2e.core.internal.builder.MavenBuilder$1.method(MavenBuilder.java:164)
	at org.eclipse.m2e.core.internal.builder.MavenBuilder$1.method(MavenBuilder.java:1)
	at org.eclipse.m2e.core.internal.builder.MavenBuilder$BuildMethod.lambda$1(MavenBuilder.java:109)
	at org.eclipse.m2e.core.internal.embedder.MavenExecutionContext.executeBare(MavenExecutionContext.java:394)
	at org.eclipse.m2e.core.internal.embedder.MavenExecutionContext.execute(MavenExecutionContext.java:228)
	at org.eclipse.m2e.core.internal.builder.MavenBuilder$BuildMethod.lambda$0(MavenBuilder.java:100)
	at org.eclipse.m2e.core.internal.embedder.MavenExecutionContext.executeBare(MavenExecutionContext.java:394)
	at org.eclipse.m2e.core.internal.embedder.MavenExecutionContext.execute(MavenExecutionContext.java:275)
	at org.eclipse.m2e.core.internal.embedder.MavenExecutionContext.execute(MavenExecutionContext.java:214)
	at org.eclipse.m2e.core.internal.builder.MavenBuilder$BuildMethod.execute(MavenBuilder.java:83)
	at org.eclipse.m2e.core.internal.builder.MavenBuilder.build(MavenBuilder.java:192)
	at org.eclipse.core.internal.events.BuildManager$2.run(BuildManager.java:1020)
	at org.eclipse.core.runtime.SafeRunner.run(SafeRunner.java:45)
	at org.eclipse.core.internal.events.BuildManager.basicBuild(BuildManager.java:247)
	at org.eclipse.core.internal.events.BuildManager.basicBuild(BuildManager.java:303)
	at org.eclipse.core.internal.events.BuildManager$1.run(BuildManager.java:392)
	at org.eclipse.core.runtime.SafeRunner.run(SafeRunner.java:45)
	at org.eclipse.core.internal.events.BuildManager.basicBuild(BuildManager.java:395)
	at org.eclipse.core.internal.events.BuildManager.basicBuildLoop(BuildManager.java:506)
	at org.eclipse.core.internal.events.BuildManager.basicBuildLoop(BuildManager.java:454)
	at org.eclipse.core.internal.events.BuildManager.build(BuildManager.java:536)
	at org.eclipse.core.internal.events.AutoBuildJob.doBuild(AutoBuildJob.java:196)
	at org.eclipse.core.internal.events.AutoBuildJob.run(AutoBuildJob.java:289)
	at org.eclipse.core.internal.jobs.Worker.run(Worker.java:63)
Caused by: java.lang.NoClassDefFoundError: Could not initialize class org.apache.maven.plugin.war.util.WebappStructureSerializer
	at org.apache.maven.plugin.war.AbstractWarMojo.<init>(AbstractWarMojo.java:316)
	at org.apache.maven.plugin.war.WarMojo.<init>(WarMojo.java:49)
	at java.base/jdk.internal.reflect.NativeConstructorAccessorImpl.newInstance0(Native Method)
	at java.base/jdk.internal.reflect.NativeConstructorAccessorImpl.newInstance(NativeConstructorAccessorImpl.java:77)
	at java.base/jdk.internal.reflect.DelegatingConstructorAccessorImpl.newInstance(DelegatingConstructorAccessorImpl.java:45)
	at java.base/java.lang.reflect.Constructor.newInstanceWithCaller(Constructor.java:499)
	at java.base/java.lang.reflect.Constructor.newInstance(Constructor.java:480)
	at com.google.inject.internal.DefaultConstructionProxyFactory$ReflectiveProxy.newInstance(DefaultConstructionProxyFactory.java:126)
	at com.google.inject.internal.ConstructorInjector.provision(ConstructorInjector.java:114)
	at com.google.inject.internal.ConstructorInjector.access$000(ConstructorInjector.java:32)
	at com.google.inject.internal.ConstructorInjector$1.call(ConstructorInjector.java:98)
	at com.google.inject.internal.ProvisionListenerStackCallback$Provision.provision(ProvisionListenerStackCallback.java:112)
	at com.google.inject.internal.ProvisionListenerStackCallback$Provision.provision(ProvisionListenerStackCallback.java:127)
	at com.google.inject.internal.ProvisionListenerStackCallback.provision(ProvisionListenerStackCallback.java:66)
	at com.google.inject.internal.ConstructorInjector.construct(ConstructorInjector.java:93)
	at com.google.inject.internal.ConstructorBindingImpl$Factory.get(ConstructorBindingImpl.java:306)
	at com.google.inject.internal.InjectorImpl$1.get(InjectorImpl.java:1050)
	... 53 common frames omitted
2025-12-06 14:40:27,357 [Worker-16: Building] WARN  o.e.m.c.i.embedder.EclipseLogger - Using platform encoding (Cp1252 actually) to copy filtered resources, i.e. build is platform dependent!
2025-12-06 14:40:27,359 [Worker-16: Building] INFO  o.e.m.c.i.embedder.EclipseLogger - Copying 0 resource
2025-12-06 14:40:27,363 [Worker-16: Building] WARN  o.e.m.c.i.embedder.EclipseLogger - Using platform encoding (Cp1252 actually) to copy filtered resources, i.e. build is platform dependent!
2025-12-06 14:40:27,364 [Worker-16: Building] INFO  o.e.m.c.i.embedder.EclipseLogger - Copying 0 resource
2025-12-06 14:40:27,369 [Worker-16: Building] WARN  Sisu - Error injecting: org.apache.maven.plugin.war.WarMojo
com.google.inject.ProvisionException: Unable to provision, see the following errors:

1) Error injecting constructor, java.lang.NoClassDefFoundError: Could not initialize class org.apache.maven.plugin.war.util.WebappStructureSerializer
  at org.apache.maven.plugin.war.WarMojo.<init>(Unknown Source)
  while locating org.apache.maven.plugin.war.WarMojo

1 error
	at com.google.inject.internal.InternalProvisionException.toProvisionException(InternalProvisionException.java:226)
	at com.google.inject.internal.InjectorImpl$1.get(InjectorImpl.java:1053)
	at com.google.inject.internal.InjectorImpl.getInstance(InjectorImpl.java:1086)
	at org.eclipse.sisu.space.AbstractDeferredClass.get(AbstractDeferredClass.java:48)
	at com.google.inject.internal.ProviderInternalFactory.provision(ProviderInternalFactory.java:85)
	at com.google.inject.internal.InternalFactoryToInitializableAdapter.provision(InternalFactoryToInitializableAdapter.java:57)
	at com.google.inject.internal.ProviderInternalFactory$1.call(ProviderInternalFactory.java:66)
	at com.google.inject.internal.ProvisionListenerStackCallback$Provision.provision(ProvisionListenerStackCallback.java:112)
	at com.google.inject.internal.ProvisionListenerStackCallback$Provision.provision(ProvisionListenerStackCallback.java:127)
	at com.google.inject.internal.ProvisionListenerStackCallback.provision(ProvisionListenerStackCallback.java:66)
	at com.google.inject.internal.ProviderInternalFactory.circularGet(ProviderInternalFactory.java:61)
	at com.google.inject.internal.InternalFactoryToInitializableAdapter.get(InternalFactoryToInitializableAdapter.java:47)
	at com.google.inject.internal.InjectorImpl$1.get(InjectorImpl.java:1050)
	at org.eclipse.sisu.inject.Guice4$1.get(Guice4.java:162)
	at org.eclipse.sisu.inject.LazyBeanEntry.getValue(LazyBeanEntry.java:81)
	at org.eclipse.sisu.plexus.LazyPlexusBean.getValue(LazyPlexusBean.java:51)
	at org.codehaus.plexus.DefaultPlexusContainer.lookup(DefaultPlexusContainer.java:263)
	at org.codehaus.plexus.DefaultPlexusContainer.lookup(DefaultPlexusContainer.java:255)
	at org.apache.maven.plugin.internal.DefaultMavenPluginManager.getConfiguredMojo(DefaultMavenPluginManager.java:520)
	at org.eclipse.m2e.core.internal.embedder.MavenImpl.getConfiguredMojo(MavenImpl.java:210)
	at org.eclipse.m2e.mavenarchiver.internal.AbstractMavenArchiverConfigurator.reflectManifestGeneration(AbstractMavenArchiverConfigurator.java:440)
	at org.eclipse.m2e.mavenarchiver.internal.AbstractMavenArchiverConfigurator.lambda$3(AbstractMavenArchiverConfigurator.java:399)
	at org.eclipse.m2e.core.internal.embedder.MavenExecutionContext.executeBare(MavenExecutionContext.java:394)
	at org.eclipse.m2e.core.internal.embedder.MavenExecutionContext.execute(MavenExecutionContext.java:275)
	at org.eclipse.m2e.core.internal.embedder.MavenExecutionContext.execute(MavenExecutionContext.java:214)
	at org.eclipse.m2e.mavenarchiver.internal.AbstractMavenArchiverConfigurator.generateManifest(AbstractMavenArchiverConfigurator.java:372)
	at org.eclipse.m2e.mavenarchiver.internal.AbstractMavenArchiverConfigurator.mavenProjectChanged(AbstractMavenArchiverConfigurator.java:229)
	at org.eclipse.m2e.mavenarchiver.internal.AbstractMavenArchiverConfigurator$1.build(AbstractMavenArchiverConfigurator.java:179)
	at org.eclipse.m2e.core.internal.builder.MavenBuilderImpl.lambda$1(MavenBuilderImpl.java:139)
	at java.base/java.util.LinkedHashMap.forEach(LinkedHashMap.java:721)
	at org.eclipse.m2e.core.internal.builder.MavenBuilderImpl.build(MavenBuilderImpl.java:122)
	at org.eclipse.m2e.core.internal.builder.MavenBuilder$1.method(MavenBuilder.java:164)
	at org.eclipse.m2e.core.internal.builder.MavenBuilder$1.method(MavenBuilder.java:1)
	at org.eclipse.m2e.core.internal.builder.MavenBuilder$BuildMethod.lambda$1(MavenBuilder.java:109)
	at org.eclipse.m2e.core.internal.embedder.MavenExecutionContext.executeBare(MavenExecutionContext.java:394)
	at org.eclipse.m2e.core.internal.embedder.MavenExecutionContext.execute(MavenExecutionContext.java:228)
	at org.eclipse.m2e.core.internal.builder.MavenBuilder$BuildMethod.lambda$0(MavenBuilder.java:100)
	at org.eclipse.m2e.core.internal.embedder.MavenExecutionContext.executeBare(MavenExecutionContext.java:394)
	at org.eclipse.m2e.core.internal.embedder.MavenExecutionContext.execute(MavenExecutionContext.java:275)
	at org.eclipse.m2e.core.internal.embedder.MavenExecutionContext.execute(MavenExecutionContext.java:214)
	at org.eclipse.m2e.core.internal.builder.MavenBuilder$BuildMethod.execute(MavenBuilder.java:83)
	at org.eclipse.m2e.core.internal.builder.MavenBuilder.build(MavenBuilder.java:192)
	at org.eclipse.core.internal.events.BuildManager$2.run(BuildManager.java:1020)
	at org.eclipse.core.runtime.SafeRunner.run(SafeRunner.java:45)
	at org.eclipse.core.internal.events.BuildManager.basicBuild(BuildManager.java:247)
	at org.eclipse.core.internal.events.BuildManager.basicBuild(BuildManager.java:303)
	at org.eclipse.core.internal.events.BuildManager$1.run(BuildManager.java:392)
	at org.eclipse.core.runtime.SafeRunner.run(SafeRunner.java:45)
	at org.eclipse.core.internal.events.BuildManager.basicBuild(BuildManager.java:395)
	at org.eclipse.core.internal.events.BuildManager.basicBuildLoop(BuildManager.java:506)
	at org.eclipse.core.internal.events.BuildManager.basicBuildLoop(BuildManager.java:454)
	at org.eclipse.core.internal.events.BuildManager.build(BuildManager.java:536)
	at org.eclipse.core.internal.events.AutoBuildJob.doBuild(AutoBuildJob.java:196)
	at org.eclipse.core.internal.events.AutoBuildJob.run(AutoBuildJob.java:289)
	at org.eclipse.core.internal.jobs.Worker.run(Worker.java:63)
Caused by: java.lang.NoClassDefFoundError: Could not initialize class org.apache.maven.plugin.war.util.WebappStructureSerializer
	at org.apache.maven.plugin.war.AbstractWarMojo.<init>(AbstractWarMojo.java:316)
	at org.apache.maven.plugin.war.WarMojo.<init>(WarMojo.java:49)
	at java.base/jdk.internal.reflect.NativeConstructorAccessorImpl.newInstance0(Native Method)
	at java.base/jdk.internal.reflect.NativeConstructorAccessorImpl.newInstance(NativeConstructorAccessorImpl.java:77)
	at java.base/jdk.internal.reflect.DelegatingConstructorAccessorImpl.newInstance(DelegatingConstructorAccessorImpl.java:45)
	at java.base/java.lang.reflect.Constructor.newInstanceWithCaller(Constructor.java:499)
	at java.base/java.lang.reflect.Constructor.newInstance(Constructor.java:480)
	at com.google.inject.internal.DefaultConstructionProxyFactory$ReflectiveProxy.newInstance(DefaultConstructionProxyFactory.java:126)
	at com.google.inject.internal.ConstructorInjector.provision(ConstructorInjector.java:114)
	at com.google.inject.internal.ConstructorInjector.access$000(ConstructorInjector.java:32)
	at com.google.inject.internal.ConstructorInjector$1.call(ConstructorInjector.java:98)
	at com.google.inject.internal.ProvisionListenerStackCallback$Provision.provision(ProvisionListenerStackCallback.java:112)
	at com.google.inject.internal.ProvisionListenerStackCallback$Provision.provision(ProvisionListenerStackCallback.java:127)
	at com.google.inject.internal.ProvisionListenerStackCallback.provision(ProvisionListenerStackCallback.java:66)
	at com.google.inject.internal.ConstructorInjector.construct(ConstructorInjector.java:93)
	at com.google.inject.internal.ConstructorBindingImpl$Factory.get(ConstructorBindingImpl.java:306)
	at com.google.inject.internal.InjectorImpl$1.get(InjectorImpl.java:1050)
	... 53 common frames omitted
2025-12-06 14:42:14,802 [Worker-18: Building] WARN  o.e.m.c.i.embedder.EclipseLogger - Using platform encoding (Cp1252 actually) to copy filtered resources, i.e. build is platform dependent!
2025-12-06 14:42:14,803 [Worker-18: Building] INFO  o.e.m.c.i.embedder.EclipseLogger - Copying 0 resource
2025-12-06 14:42:14,806 [Worker-18: Building] WARN  o.e.m.c.i.embedder.EclipseLogger - Using platform encoding (Cp1252 actually) to copy filtered resources, i.e. build is platform dependent!
2025-12-06 14:42:14,807 [Worker-18: Building] INFO  o.e.m.c.i.embedder.EclipseLogger - Copying 0 resource
2025-12-06 14:42:14,812 [Worker-18: Building] WARN  Sisu - Error injecting: org.apache.maven.plugin.war.WarMojo
com.google.inject.ProvisionException: Unable to provision, see the following errors:

1) Error injecting constructor, java.lang.NoClassDefFoundError: Could not initialize class org.apache.maven.plugin.war.util.WebappStructureSerializer
  at org.apache.maven.plugin.war.WarMojo.<init>(Unknown Source)
  while locating org.apache.maven.plugin.war.WarMojo

1 error
	at com.google.inject.internal.InternalProvisionException.toProvisionException(InternalProvisionException.java:226)
	at com.google.inject.internal.InjectorImpl$1.get(InjectorImpl.java:1053)
	at com.google.inject.internal.InjectorImpl.getInstance(InjectorImpl.java:1086)
	at org.eclipse.sisu.space.AbstractDeferredClass.get(AbstractDeferredClass.java:48)
	at com.google.inject.internal.ProviderInternalFactory.provision(ProviderInternalFactory.java:85)
	at com.google.inject.internal.InternalFactoryToInitializableAdapter.provision(InternalFactoryToInitializableAdapter.java:57)
	at com.google.inject.internal.ProviderInternalFactory$1.call(ProviderInternalFactory.java:66)
	at com.google.inject.internal.ProvisionListenerStackCallback$Provision.provision(ProvisionListenerStackCallback.java:112)
	at com.google.inject.internal.ProvisionListenerStackCallback$Provision.provision(ProvisionListenerStackCallback.java:127)
	at com.google.inject.internal.ProvisionListenerStackCallback.provision(ProvisionListenerStackCallback.java:66)
	at com.google.inject.internal.ProviderInternalFactory.circularGet(ProviderInternalFactory.java:61)
	at com.google.inject.internal.InternalFactoryToInitializableAdapter.get(InternalFactoryToInitializableAdapter.java:47)
	at com.google.inject.internal.InjectorImpl$1.get(InjectorImpl.java:1050)
	at org.eclipse.sisu.inject.Guice4$1.get(Guice4.java:162)
	at org.eclipse.sisu.inject.LazyBeanEntry.getValue(LazyBeanEntry.java:81)
	at org.eclipse.sisu.plexus.LazyPlexusBean.getValue(LazyPlexusBean.java:51)
	at org.codehaus.plexus.DefaultPlexusContainer.lookup(DefaultPlexusContainer.java:263)
	at org.codehaus.plexus.DefaultPlexusContainer.lookup(DefaultPlexusContainer.java:255)
	at org.apache.maven.plugin.internal.DefaultMavenPluginManager.getConfiguredMojo(DefaultMavenPluginManager.java:520)
	at org.eclipse.m2e.core.internal.embedder.MavenImpl.getConfiguredMojo(MavenImpl.java:210)
	at org.eclipse.m2e.mavenarchiver.internal.AbstractMavenArchiverConfigurator.reflectManifestGeneration(AbstractMavenArchiverConfigurator.java:440)
	at org.eclipse.m2e.mavenarchiver.internal.AbstractMavenArchiverConfigurator.lambda$3(AbstractMavenArchiverConfigurator.java:399)
	at org.eclipse.m2e.core.internal.embedder.MavenExecutionContext.executeBare(MavenExecutionContext.java:394)
	at org.eclipse.m2e.core.internal.embedder.MavenExecutionContext.execute(MavenExecutionContext.java:275)
	at org.eclipse.m2e.core.internal.embedder.MavenExecutionContext.execute(MavenExecutionContext.java:214)
	at org.eclipse.m2e.mavenarchiver.internal.AbstractMavenArchiverConfigurator.generateManifest(AbstractMavenArchiverConfigurator.java:372)
	at org.eclipse.m2e.mavenarchiver.internal.AbstractMavenArchiverConfigurator.mavenProjectChanged(AbstractMavenArchiverConfigurator.java:229)
	at org.eclipse.m2e.mavenarchiver.internal.AbstractMavenArchiverConfigurator$1.build(AbstractMavenArchiverConfigurator.java:179)
	at org.eclipse.m2e.core.internal.builder.MavenBuilderImpl.lambda$1(MavenBuilderImpl.java:139)
	at java.base/java.util.LinkedHashMap.forEach(LinkedHashMap.java:721)
	at org.eclipse.m2e.core.internal.builder.MavenBuilderImpl.build(MavenBuilderImpl.java:122)
	at org.eclipse.m2e.core.internal.builder.MavenBuilder$1.method(MavenBuilder.java:164)
	at org.eclipse.m2e.core.internal.builder.MavenBuilder$1.method(MavenBuilder.java:1)
	at org.eclipse.m2e.core.internal.builder.MavenBuilder$BuildMethod.lambda$1(MavenBuilder.java:109)
	at org.eclipse.m2e.core.internal.embedder.MavenExecutionContext.executeBare(MavenExecutionContext.java:394)
	at org.eclipse.m2e.core.internal.embedder.MavenExecutionContext.execute(MavenExecutionContext.java:228)
	at org.eclipse.m2e.core.internal.builder.MavenBuilder$BuildMethod.lambda$0(MavenBuilder.java:100)
	at org.eclipse.m2e.core.internal.embedder.MavenExecutionContext.executeBare(MavenExecutionContext.java:394)
	at org.eclipse.m2e.core.internal.embedder.MavenExecutionContext.execute(MavenExecutionContext.java:275)
	at org.eclipse.m2e.core.internal.embedder.MavenExecutionContext.execute(MavenExecutionContext.java:214)
	at org.eclipse.m2e.core.internal.builder.MavenBuilder$BuildMethod.execute(MavenBuilder.java:83)
	at org.eclipse.m2e.core.internal.builder.MavenBuilder.build(MavenBuilder.java:192)
	at org.eclipse.core.internal.events.BuildManager$2.run(BuildManager.java:1020)
	at org.eclipse.core.runtime.SafeRunner.run(SafeRunner.java:45)
	at org.eclipse.core.internal.events.BuildManager.basicBuild(BuildManager.java:247)
	at org.eclipse.core.internal.events.BuildManager.basicBuild(BuildManager.java:303)
	at org.eclipse.core.internal.events.BuildManager$1.run(BuildManager.java:392)
	at org.eclipse.core.runtime.SafeRunner.run(SafeRunner.java:45)
	at org.eclipse.core.internal.events.BuildManager.basicBuild(BuildManager.java:395)
	at org.eclipse.core.internal.events.BuildManager.basicBuildLoop(BuildManager.java:506)
	at org.eclipse.core.internal.events.BuildManager.basicBuildLoop(BuildManager.java:454)
	at org.eclipse.core.internal.events.BuildManager.build(BuildManager.java:536)
	at org.eclipse.core.internal.events.AutoBuildJob.doBuild(AutoBuildJob.java:196)
	at org.eclipse.core.internal.events.AutoBuildJob.run(AutoBuildJob.java:289)
	at org.eclipse.core.internal.jobs.Worker.run(Worker.java:63)
Caused by: java.lang.NoClassDefFoundError: Could not initialize class org.apache.maven.plugin.war.util.WebappStructureSerializer
	at org.apache.maven.plugin.war.AbstractWarMojo.<init>(AbstractWarMojo.java:316)
	at org.apache.maven.plugin.war.WarMojo.<init>(WarMojo.java:49)
	at java.base/jdk.internal.reflect.NativeConstructorAccessorImpl.newInstance0(Native Method)
	at java.base/jdk.internal.reflect.NativeConstructorAccessorImpl.newInstance(NativeConstructorAccessorImpl.java:77)
	at java.base/jdk.internal.reflect.DelegatingConstructorAccessorImpl.newInstance(DelegatingConstructorAccessorImpl.java:45)
	at java.base/java.lang.reflect.Constructor.newInstanceWithCaller(Constructor.java:499)
	at java.base/java.lang.reflect.Constructor.newInstance(Constructor.java:480)
	at com.google.inject.internal.DefaultConstructionProxyFactory$ReflectiveProxy.newInstance(DefaultConstructionProxyFactory.java:126)
	at com.google.inject.internal.ConstructorInjector.provision(ConstructorInjector.java:114)
	at com.google.inject.internal.ConstructorInjector.access$000(ConstructorInjector.java:32)
	at com.google.inject.internal.ConstructorInjector$1.call(ConstructorInjector.java:98)
	at com.google.inject.internal.ProvisionListenerStackCallback$Provision.provision(ProvisionListenerStackCallback.java:112)
	at com.google.inject.internal.ProvisionListenerStackCallback$Provision.provision(ProvisionListenerStackCallback.java:127)
	at com.google.inject.internal.ProvisionListenerStackCallback.provision(ProvisionListenerStackCallback.java:66)
	at com.google.inject.internal.ConstructorInjector.construct(ConstructorInjector.java:93)
	at com.google.inject.internal.ConstructorBindingImpl$Factory.get(ConstructorBindingImpl.java:306)
	at com.google.inject.internal.InjectorImpl$1.get(InjectorImpl.java:1050)
	... 53 common frames omitted
2025-12-06 14:42:29,729 [Worker-14: Building] WARN  o.e.m.c.i.embedder.EclipseLogger - Using platform encoding (Cp1252 actually) to copy filtered resources, i.e. build is platform dependent!
2025-12-06 14:42:29,731 [Worker-14: Building] INFO  o.e.m.c.i.embedder.EclipseLogger - Copying 0 resource
2025-12-06 14:42:29,736 [Worker-14: Building] WARN  o.e.m.c.i.embedder.EclipseLogger - Using platform encoding (Cp1252 actually) to copy filtered resources, i.e. build is platform dependent!
2025-12-06 14:42:29,737 [Worker-14: Building] INFO  o.e.m.c.i.embedder.EclipseLogger - Copying 0 resource
2025-12-06 14:42:29,742 [Worker-14: Building] WARN  Sisu - Error injecting: org.apache.maven.plugin.war.WarMojo
com.google.inject.ProvisionException: Unable to provision, see the following errors:

1) Error injecting constructor, java.lang.NoClassDefFoundError: Could not initialize class org.apache.maven.plugin.war.util.WebappStructureSerializer
  at org.apache.maven.plugin.war.WarMojo.<init>(Unknown Source)
  while locating org.apache.maven.plugin.war.WarMojo

1 error
	at com.google.inject.internal.InternalProvisionException.toProvisionException(InternalProvisionException.java:226)
	at com.google.inject.internal.InjectorImpl$1.get(InjectorImpl.java:1053)
	at com.google.inject.internal.InjectorImpl.getInstance(InjectorImpl.java:1086)
	at org.eclipse.sisu.space.AbstractDeferredClass.get(AbstractDeferredClass.java:48)
	at com.google.inject.internal.ProviderInternalFactory.provision(ProviderInternalFactory.java:85)
	at com.google.inject.internal.InternalFactoryToInitializableAdapter.provision(InternalFactoryToInitializableAdapter.java:57)
	at com.google.inject.internal.ProviderInternalFactory$1.call(ProviderInternalFactory.java:66)
	at com.google.inject.internal.ProvisionListenerStackCallback$Provision.provision(ProvisionListenerStackCallback.java:112)
	at com.google.inject.internal.ProvisionListenerStackCallback$Provision.provision(ProvisionListenerStackCallback.java:127)
	at com.google.inject.internal.ProvisionListenerStackCallback.provision(ProvisionListenerStackCallback.java:66)
	at com.google.inject.internal.ProviderInternalFactory.circularGet(ProviderInternalFactory.java:61)
	at com.google.inject.internal.InternalFactoryToInitializableAdapter.get(InternalFactoryToInitializableAdapter.java:47)
	at com.google.inject.internal.InjectorImpl$1.get(InjectorImpl.java:1050)
	at org.eclipse.sisu.inject.Guice4$1.get(Guice4.java:162)
	at org.eclipse.sisu.inject.LazyBeanEntry.getValue(LazyBeanEntry.java:81)
	at org.eclipse.sisu.plexus.LazyPlexusBean.getValue(LazyPlexusBean.java:51)
	at org.codehaus.plexus.DefaultPlexusContainer.lookup(DefaultPlexusContainer.java:263)
	at org.codehaus.plexus.DefaultPlexusContainer.lookup(DefaultPlexusContainer.java:255)
	at org.apache.maven.plugin.internal.DefaultMavenPluginManager.getConfiguredMojo(DefaultMavenPluginManager.java:520)
	at org.eclipse.m2e.core.internal.embedder.MavenImpl.getConfiguredMojo(MavenImpl.java:210)
	at org.eclipse.m2e.mavenarchiver.internal.AbstractMavenArchiverConfigurator.reflectManifestGeneration(AbstractMavenArchiverConfigurator.java:440)
	at org.eclipse.m2e.mavenarchiver.internal.AbstractMavenArchiverConfigurator.lambda$3(AbstractMavenArchiverConfigurator.java:399)
	at org.eclipse.m2e.core.internal.embedder.MavenExecutionContext.executeBare(MavenExecutionContext.java:394)
	at org.eclipse.m2e.core.internal.embedder.MavenExecutionContext.execute(MavenExecutionContext.java:275)
	at org.eclipse.m2e.core.internal.embedder.MavenExecutionContext.execute(MavenExecutionContext.java:214)
	at org.eclipse.m2e.mavenarchiver.internal.AbstractMavenArchiverConfigurator.generateManifest(AbstractMavenArchiverConfigurator.java:372)
	at org.eclipse.m2e.mavenarchiver.internal.AbstractMavenArchiverConfigurator.mavenProjectChanged(AbstractMavenArchiverConfigurator.java:229)
	at org.eclipse.m2e.mavenarchiver.internal.AbstractMavenArchiverConfigurator$1.build(AbstractMavenArchiverConfigurator.java:179)
	at org.eclipse.m2e.core.internal.builder.MavenBuilderImpl.lambda$1(MavenBuilderImpl.java:139)
	at java.base/java.util.LinkedHashMap.forEach(LinkedHashMap.java:721)
	at org.eclipse.m2e.core.internal.builder.MavenBuilderImpl.build(MavenBuilderImpl.java:122)
	at org.eclipse.m2e.core.internal.builder.MavenBuilder$1.method(MavenBuilder.java:164)
	at org.eclipse.m2e.core.internal.builder.MavenBuilder$1.method(MavenBuilder.java:1)
	at org.eclipse.m2e.core.internal.builder.MavenBuilder$BuildMethod.lambda$1(MavenBuilder.java:109)
	at org.eclipse.m2e.core.internal.embedder.MavenExecutionContext.executeBare(MavenExecutionContext.java:394)
	at org.eclipse.m2e.core.internal.embedder.MavenExecutionContext.execute(MavenExecutionContext.java:228)
	at org.eclipse.m2e.core.internal.builder.MavenBuilder$BuildMethod.lambda$0(MavenBuilder.java:100)
	at org.eclipse.m2e.core.internal.embedder.MavenExecutionContext.executeBare(MavenExecutionContext.java:394)
	at org.eclipse.m2e.core.internal.embedder.MavenExecutionContext.execute(MavenExecutionContext.java:275)
	at org.eclipse.m2e.core.internal.embedder.MavenExecutionContext.execute(MavenExecutionContext.java:214)
	at org.eclipse.m2e.core.internal.builder.MavenBuilder$BuildMethod.execute(MavenBuilder.java:83)
	at org.eclipse.m2e.core.internal.builder.MavenBuilder.build(MavenBuilder.java:192)
	at org.eclipse.core.internal.events.BuildManager$2.run(BuildManager.java:1020)
	at org.eclipse.core.runtime.SafeRunner.run(SafeRunner.java:45)
	at org.eclipse.core.internal.events.BuildManager.basicBuild(BuildManager.java:247)
	at org.eclipse.core.internal.events.BuildManager.basicBuild(BuildManager.java:303)
	at org.eclipse.core.internal.events.BuildManager$1.run(BuildManager.java:392)
	at org.eclipse.core.runtime.SafeRunner.run(SafeRunner.java:45)
	at org.eclipse.core.internal.events.BuildManager.basicBuild(BuildManager.java:395)
	at org.eclipse.core.internal.events.BuildManager.basicBuildLoop(BuildManager.java:506)
	at org.eclipse.core.internal.events.BuildManager.basicBuildLoop(BuildManager.java:454)
	at org.eclipse.core.internal.events.BuildManager.build(BuildManager.java:536)
	at org.eclipse.core.internal.events.AutoBuildJob.doBuild(AutoBuildJob.java:196)
	at org.eclipse.core.internal.events.AutoBuildJob.run(AutoBuildJob.java:289)
	at org.eclipse.core.internal.jobs.Worker.run(Worker.java:63)
Caused by: java.lang.NoClassDefFoundError: Could not initialize class org.apache.maven.plugin.war.util.WebappStructureSerializer
	at org.apache.maven.plugin.war.AbstractWarMojo.<init>(AbstractWarMojo.java:316)
	at org.apache.maven.plugin.war.WarMojo.<init>(WarMojo.java:49)
	at java.base/jdk.internal.reflect.NativeConstructorAccessorImpl.newInstance0(Native Method)
	at java.base/jdk.internal.reflect.NativeConstructorAccessorImpl.newInstance(NativeConstructorAccessorImpl.java:77)
	at java.base/jdk.internal.reflect.DelegatingConstructorAccessorImpl.newInstance(DelegatingConstructorAccessorImpl.java:45)
	at java.base/java.lang.reflect.Constructor.newInstanceWithCaller(Constructor.java:499)
	at java.base/java.lang.reflect.Constructor.newInstance(Constructor.java:480)
	at com.google.inject.internal.DefaultConstructionProxyFactory$ReflectiveProxy.newInstance(DefaultConstructionProxyFactory.java:126)
	at com.google.inject.internal.ConstructorInjector.provision(ConstructorInjector.java:114)
	at com.google.inject.internal.ConstructorInjector.access$000(ConstructorInjector.java:32)
	at com.google.inject.internal.ConstructorInjector$1.call(ConstructorInjector.java:98)
	at com.google.inject.internal.ProvisionListenerStackCallback$Provision.provision(ProvisionListenerStackCallback.java:112)
	at com.google.inject.internal.ProvisionListenerStackCallback$Provision.provision(ProvisionListenerStackCallback.java:127)
	at com.google.inject.internal.ProvisionListenerStackCallback.provision(ProvisionListenerStackCallback.java:66)
	at com.google.inject.internal.ConstructorInjector.construct(ConstructorInjector.java:93)
	at com.google.inject.internal.ConstructorBindingImpl$Factory.get(ConstructorBindingImpl.java:306)
	at com.google.inject.internal.InjectorImpl$1.get(InjectorImpl.java:1050)
	... 53 common frames omitted
2025-12-06 14:42:40,515 [Worker-16: Building] WARN  o.e.m.c.i.embedder.EclipseLogger - Using platform encoding (Cp1252 actually) to copy filtered resources, i.e. build is platform dependent!
2025-12-06 14:42:40,517 [Worker-16: Building] INFO  o.e.m.c.i.embedder.EclipseLogger - Copying 0 resource
2025-12-06 14:42:40,521 [Worker-16: Building] WARN  o.e.m.c.i.embedder.EclipseLogger - Using platform encoding (Cp1252 actually) to copy filtered resources, i.e. build is platform dependent!
2025-12-06 14:42:40,522 [Worker-16: Building] INFO  o.e.m.c.i.embedder.EclipseLogger - Copying 0 resource
2025-12-06 14:42:40,527 [Worker-16: Building] WARN  Sisu - Error injecting: org.apache.maven.plugin.war.WarMojo
com.google.inject.ProvisionException: Unable to provision, see the following errors:

1) Error injecting constructor, java.lang.NoClassDefFoundError: Could not initialize class org.apache.maven.plugin.war.util.WebappStructureSerializer
  at org.apache.maven.plugin.war.WarMojo.<init>(Unknown Source)
  while locating org.apache.maven.plugin.war.WarMojo

1 error
	at com.google.inject.internal.InternalProvisionException.toProvisionException(InternalProvisionException.java:226)
	at com.google.inject.internal.InjectorImpl$1.get(InjectorImpl.java:1053)
	at com.google.inject.internal.InjectorImpl.getInstance(InjectorImpl.java:1086)
	at org.eclipse.sisu.space.AbstractDeferredClass.get(AbstractDeferredClass.java:48)
	at com.google.inject.internal.ProviderInternalFactory.provision(ProviderInternalFactory.java:85)
	at com.google.inject.internal.InternalFactoryToInitializableAdapter.provision(InternalFactoryToInitializableAdapter.java:57)
	at com.google.inject.internal.ProviderInternalFactory$1.call(ProviderInternalFactory.java:66)
	at com.google.inject.internal.ProvisionListenerStackCallback$Provision.provision(ProvisionListenerStackCallback.java:112)
	at com.google.inject.internal.ProvisionListenerStackCallback$Provision.provision(ProvisionListenerStackCallback.java:127)
	at com.google.inject.internal.ProvisionListenerStackCallback.provision(ProvisionListenerStackCallback.java:66)
	at com.google.inject.internal.ProviderInternalFactory.circularGet(ProviderInternalFactory.java:61)
	at com.google.inject.internal.InternalFactoryToInitializableAdapter.get(InternalFactoryToInitializableAdapter.java:47)
	at com.google.inject.internal.InjectorImpl$1.get(InjectorImpl.java:1050)
	at org.eclipse.sisu.inject.Guice4$1.get(Guice4.java:162)
	at org.eclipse.sisu.inject.LazyBeanEntry.getValue(LazyBeanEntry.java:81)
	at org.eclipse.sisu.plexus.LazyPlexusBean.getValue(LazyPlexusBean.java:51)
	at org.codehaus.plexus.DefaultPlexusContainer.lookup(DefaultPlexusContainer.java:263)
	at org.codehaus.plexus.DefaultPlexusContainer.lookup(DefaultPlexusContainer.java:255)
	at org.apache.maven.plugin.internal.DefaultMavenPluginManager.getConfiguredMojo(DefaultMavenPluginManager.java:520)
	at org.eclipse.m2e.core.internal.embedder.MavenImpl.getConfiguredMojo(MavenImpl.java:210)
	at org.eclipse.m2e.mavenarchiver.internal.AbstractMavenArchiverConfigurator.reflectManifestGeneration(AbstractMavenArchiverConfigurator.java:440)
	at org.eclipse.m2e.mavenarchiver.internal.AbstractMavenArchiverConfigurator.lambda$3(AbstractMavenArchiverConfigurator.java:399)
	at org.eclipse.m2e.core.internal.embedder.MavenExecutionContext.executeBare(MavenExecutionContext.java:394)
	at org.eclipse.m2e.core.internal.embedder.MavenExecutionContext.execute(MavenExecutionContext.java:275)
	at org.eclipse.m2e.core.internal.embedder.MavenExecutionContext.execute(MavenExecutionContext.java:214)
	at org.eclipse.m2e.mavenarchiver.internal.AbstractMavenArchiverConfigurator.generateManifest(AbstractMavenArchiverConfigurator.java:372)
	at org.eclipse.m2e.mavenarchiver.internal.AbstractMavenArchiverConfigurator.mavenProjectChanged(AbstractMavenArchiverConfigurator.java:229)
	at org.eclipse.m2e.mavenarchiver.internal.AbstractMavenArchiverConfigurator$1.build(AbstractMavenArchiverConfigurator.java:179)
	at org.eclipse.m2e.core.internal.builder.MavenBuilderImpl.lambda$1(MavenBuilderImpl.java:139)
	at java.base/java.util.LinkedHashMap.forEach(LinkedHashMap.java:721)
	at org.eclipse.m2e.core.internal.builder.MavenBuilderImpl.build(MavenBuilderImpl.java:122)
	at org.eclipse.m2e.core.internal.builder.MavenBuilder$1.method(MavenBuilder.java:164)
	at org.eclipse.m2e.core.internal.builder.MavenBuilder$1.method(MavenBuilder.java:1)
	at org.eclipse.m2e.core.internal.builder.MavenBuilder$BuildMethod.lambda$1(MavenBuilder.java:109)
	at org.eclipse.m2e.core.internal.embedder.MavenExecutionContext.executeBare(MavenExecutionContext.java:394)
	at org.eclipse.m2e.core.internal.embedder.MavenExecutionContext.execute(MavenExecutionContext.java:228)
	at org.eclipse.m2e.core.internal.builder.MavenBuilder$BuildMethod.lambda$0(MavenBuilder.java:100)
	at org.eclipse.m2e.core.internal.embedder.MavenExecutionContext.executeBare(MavenExecutionContext.java:394)
	at org.eclipse.m2e.core.internal.embedder.MavenExecutionContext.execute(MavenExecutionContext.java:275)
	at org.eclipse.m2e.core.internal.embedder.MavenExecutionContext.execute(MavenExecutionContext.java:214)
	at org.eclipse.m2e.core.internal.builder.MavenBuilder$BuildMethod.execute(MavenBuilder.java:83)
	at org.eclipse.m2e.core.internal.builder.MavenBuilder.build(MavenBuilder.java:192)
	at org.eclipse.core.internal.events.BuildManager$2.run(BuildManager.java:1020)
	at org.eclipse.core.runtime.SafeRunner.run(SafeRunner.java:45)
	at org.eclipse.core.internal.events.BuildManager.basicBuild(BuildManager.java:247)
	at org.eclipse.core.internal.events.BuildManager.basicBuild(BuildManager.java:303)
	at org.eclipse.core.internal.events.BuildManager$1.run(BuildManager.java:392)
	at org.eclipse.core.runtime.SafeRunner.run(SafeRunner.java:45)
	at org.eclipse.core.internal.events.BuildManager.basicBuild(BuildManager.java:395)
	at org.eclipse.core.internal.events.BuildManager.basicBuildLoop(BuildManager.java:506)
	at org.eclipse.core.internal.events.BuildManager.basicBuildLoop(BuildManager.java:454)
	at org.eclipse.core.internal.events.BuildManager.build(BuildManager.java:536)
	at org.eclipse.core.internal.events.AutoBuildJob.doBuild(AutoBuildJob.java:196)
	at org.eclipse.core.internal.events.AutoBuildJob.run(AutoBuildJob.java:289)
	at org.eclipse.core.internal.jobs.Worker.run(Worker.java:63)
Caused by: java.lang.NoClassDefFoundError: Could not initialize class org.apache.maven.plugin.war.util.WebappStructureSerializer
	at org.apache.maven.plugin.war.AbstractWarMojo.<init>(AbstractWarMojo.java:316)
	at org.apache.maven.plugin.war.WarMojo.<init>(WarMojo.java:49)
	at java.base/jdk.internal.reflect.NativeConstructorAccessorImpl.newInstance0(Native Method)
	at java.base/jdk.internal.reflect.NativeConstructorAccessorImpl.newInstance(NativeConstructorAccessorImpl.java:77)
	at java.base/jdk.internal.reflect.DelegatingConstructorAccessorImpl.newInstance(DelegatingConstructorAccessorImpl.java:45)
	at java.base/java.lang.reflect.Constructor.newInstanceWithCaller(Constructor.java:499)
	at java.base/java.lang.reflect.Constructor.newInstance(Constructor.java:480)
	at com.google.inject.internal.DefaultConstructionProxyFactory$ReflectiveProxy.newInstance(DefaultConstructionProxyFactory.java:126)
	at com.google.inject.internal.ConstructorInjector.provision(ConstructorInjector.java:114)
	at com.google.inject.internal.ConstructorInjector.access$000(ConstructorInjector.java:32)
	at com.google.inject.internal.ConstructorInjector$1.call(ConstructorInjector.java:98)
	at com.google.inject.internal.ProvisionListenerStackCallback$Provision.provision(ProvisionListenerStackCallback.java:112)
	at com.google.inject.internal.ProvisionListenerStackCallback$Provision.provision(ProvisionListenerStackCallback.java:127)
	at com.google.inject.internal.ProvisionListenerStackCallback.provision(ProvisionListenerStackCallback.java:66)
	at com.google.inject.internal.ConstructorInjector.construct(ConstructorInjector.java:93)
	at com.google.inject.internal.ConstructorBindingImpl$Factory.get(ConstructorBindingImpl.java:306)
	at com.google.inject.internal.InjectorImpl$1.get(InjectorImpl.java:1050)
	... 53 common frames omitted
2025-12-06 14:42:59,936 [Worker-4: Building] WARN  o.e.m.c.i.embedder.EclipseLogger - Using platform encoding (Cp1252 actually) to copy filtered resources, i.e. build is platform dependent!
2025-12-06 14:42:59,937 [Worker-4: Building] INFO  o.e.m.c.i.embedder.EclipseLogger - Copying 0 resource
2025-12-06 14:42:59,940 [Worker-4: Building] WARN  o.e.m.c.i.embedder.EclipseLogger - Using platform encoding (Cp1252 actually) to copy filtered resources, i.e. build is platform dependent!
2025-12-06 14:42:59,941 [Worker-4: Building] INFO  o.e.m.c.i.embedder.EclipseLogger - Copying 0 resource
2025-12-06 14:42:59,946 [Worker-4: Building] WARN  Sisu - Error injecting: org.apache.maven.plugin.war.WarMojo
com.google.inject.ProvisionException: Unable to provision, see the following errors:

1) Error injecting constructor, java.lang.NoClassDefFoundError: Could not initialize class org.apache.maven.plugin.war.util.WebappStructureSerializer
  at org.apache.maven.plugin.war.WarMojo.<init>(Unknown Source)
  while locating org.apache.maven.plugin.war.WarMojo

1 error
	at com.google.inject.internal.InternalProvisionException.toProvisionException(InternalProvisionException.java:226)
	at com.google.inject.internal.InjectorImpl$1.get(InjectorImpl.java:1053)
	at com.google.inject.internal.InjectorImpl.getInstance(InjectorImpl.java:1086)
	at org.eclipse.sisu.space.AbstractDeferredClass.get(AbstractDeferredClass.java:48)
	at com.google.inject.internal.ProviderInternalFactory.provision(ProviderInternalFactory.java:85)
	at com.google.inject.internal.InternalFactoryToInitializableAdapter.provision(InternalFactoryToInitializableAdapter.java:57)
	at com.google.inject.internal.ProviderInternalFactory$1.call(ProviderInternalFactory.java:66)
	at com.google.inject.internal.ProvisionListenerStackCallback$Provision.provision(ProvisionListenerStackCallback.java:112)
	at com.google.inject.internal.ProvisionListenerStackCallback$Provision.provision(ProvisionListenerStackCallback.java:127)
	at com.google.inject.internal.ProvisionListenerStackCallback.provision(ProvisionListenerStackCallback.java:66)
	at com.google.inject.internal.ProviderInternalFactory.circularGet(ProviderInternalFactory.java:61)
	at com.google.inject.internal.InternalFactoryToInitializableAdapter.get(InternalFactoryToInitializableAdapter.java:47)
	at com.google.inject.internal.InjectorImpl$1.get(InjectorImpl.java:1050)
	at org.eclipse.sisu.inject.Guice4$1.get(Guice4.java:162)
	at org.eclipse.sisu.inject.LazyBeanEntry.getValue(LazyBeanEntry.java:81)
	at org.eclipse.sisu.plexus.LazyPlexusBean.getValue(LazyPlexusBean.java:51)
	at org.codehaus.plexus.DefaultPlexusContainer.lookup(DefaultPlexusContainer.java:263)
	at org.codehaus.plexus.DefaultPlexusContainer.lookup(DefaultPlexusContainer.java:255)
	at org.apache.maven.plugin.internal.DefaultMavenPluginManager.getConfiguredMojo(DefaultMavenPluginManager.java:520)
	at org.eclipse.m2e.core.internal.embedder.MavenImpl.getConfiguredMojo(MavenImpl.java:210)
	at org.eclipse.m2e.mavenarchiver.internal.AbstractMavenArchiverConfigurator.reflectManifestGeneration(AbstractMavenArchiverConfigurator.java:440)
	at org.eclipse.m2e.mavenarchiver.internal.AbstractMavenArchiverConfigurator.lambda$3(AbstractMavenArchiverConfigurator.java:399)
	at org.eclipse.m2e.core.internal.embedder.MavenExecutionContext.executeBare(MavenExecutionContext.java:394)
	at org.eclipse.m2e.core.internal.embedder.MavenExecutionContext.execute(MavenExecutionContext.java:275)
	at org.eclipse.m2e.core.internal.embedder.MavenExecutionContext.execute(MavenExecutionContext.java:214)
	at org.eclipse.m2e.mavenarchiver.internal.AbstractMavenArchiverConfigurator.generateManifest(AbstractMavenArchiverConfigurator.java:372)
	at org.eclipse.m2e.mavenarchiver.internal.AbstractMavenArchiverConfigurator.mavenProjectChanged(AbstractMavenArchiverConfigurator.java:229)
	at org.eclipse.m2e.mavenarchiver.internal.AbstractMavenArchiverConfigurator$1.build(AbstractMavenArchiverConfigurator.java:179)
	at org.eclipse.m2e.core.internal.builder.MavenBuilderImpl.lambda$1(MavenBuilderImpl.java:139)
	at java.base/java.util.LinkedHashMap.forEach(LinkedHashMap.java:721)
	at org.eclipse.m2e.core.internal.builder.MavenBuilderImpl.build(MavenBuilderImpl.java:122)
	at org.eclipse.m2e.core.internal.builder.MavenBuilder$1.method(MavenBuilder.java:164)
	at org.eclipse.m2e.core.internal.builder.MavenBuilder$1.method(MavenBuilder.java:1)
	at org.eclipse.m2e.core.internal.builder.MavenBuilder$BuildMethod.lambda$1(MavenBuilder.java:109)
	at org.eclipse.m2e.core.internal.embedder.MavenExecutionContext.executeBare(MavenExecutionContext.java:394)
	at org.eclipse.m2e.core.internal.embedder.MavenExecutionContext.execute(MavenExecutionContext.java:228)
	at org.eclipse.m2e.core.internal.builder.MavenBuilder$BuildMethod.lambda$0(MavenBuilder.java:100)
	at org.eclipse.m2e.core.internal.embedder.MavenExecutionContext.executeBare(MavenExecutionContext.java:394)
	at org.eclipse.m2e.core.internal.embedder.MavenExecutionContext.execute(MavenExecutionContext.java:275)
	at org.eclipse.m2e.core.internal.embedder.MavenExecutionContext.execute(MavenExecutionContext.java:214)
	at org.eclipse.m2e.core.internal.builder.MavenBuilder$BuildMethod.execute(MavenBuilder.java:83)
	at org.eclipse.m2e.core.internal.builder.MavenBuilder.build(MavenBuilder.java:192)
	at org.eclipse.core.internal.events.BuildManager$2.run(BuildManager.java:1020)
	at org.eclipse.core.runtime.SafeRunner.run(SafeRunner.java:45)
	at org.eclipse.core.internal.events.BuildManager.basicBuild(BuildManager.java:247)
	at org.eclipse.core.internal.events.BuildManager.basicBuild(BuildManager.java:303)
	at org.eclipse.core.internal.events.BuildManager$1.run(BuildManager.java:392)
	at org.eclipse.core.runtime.SafeRunner.run(SafeRunner.java:45)
	at org.eclipse.core.internal.events.BuildManager.basicBuild(BuildManager.java:395)
	at org.eclipse.core.internal.events.BuildManager.basicBuildLoop(BuildManager.java:506)
	at org.eclipse.core.internal.events.BuildManager.basicBuildLoop(BuildManager.java:454)
	at org.eclipse.core.internal.events.BuildManager.build(BuildManager.java:536)
	at org.eclipse.core.internal.events.AutoBuildJob.doBuild(AutoBuildJob.java:196)
	at org.eclipse.core.internal.events.AutoBuildJob.run(AutoBuildJob.java:289)
	at org.eclipse.core.internal.jobs.Worker.run(Worker.java:63)
Caused by: java.lang.NoClassDefFoundError: Could not initialize class org.apache.maven.plugin.war.util.WebappStructureSerializer
	at org.apache.maven.plugin.war.AbstractWarMojo.<init>(AbstractWarMojo.java:316)
	at org.apache.maven.plugin.war.WarMojo.<init>(WarMojo.java:49)
	at java.base/jdk.internal.reflect.NativeConstructorAccessorImpl.newInstance0(Native Method)
	at java.base/jdk.internal.reflect.NativeConstructorAccessorImpl.newInstance(NativeConstructorAccessorImpl.java:77)
	at java.base/jdk.internal.reflect.DelegatingConstructorAccessorImpl.newInstance(DelegatingConstructorAccessorImpl.java:45)
	at java.base/java.lang.reflect.Constructor.newInstanceWithCaller(Constructor.java:499)
	at java.base/java.lang.reflect.Constructor.newInstance(Constructor.java:480)
	at com.google.inject.internal.DefaultConstructionProxyFactory$ReflectiveProxy.newInstance(DefaultConstructionProxyFactory.java:126)
	at com.google.inject.internal.ConstructorInjector.provision(ConstructorInjector.java:114)
	at com.google.inject.internal.ConstructorInjector.access$000(ConstructorInjector.java:32)
	at com.google.inject.internal.ConstructorInjector$1.call(ConstructorInjector.java:98)
	at com.google.inject.internal.ProvisionListenerStackCallback$Provision.provision(ProvisionListenerStackCallback.java:112)
	at com.google.inject.internal.ProvisionListenerStackCallback$Provision.provision(ProvisionListenerStackCallback.java:127)
	at com.google.inject.internal.ProvisionListenerStackCallback.provision(ProvisionListenerStackCallback.java:66)
	at com.google.inject.internal.ConstructorInjector.construct(ConstructorInjector.java:93)
	at com.google.inject.internal.ConstructorBindingImpl$Factory.get(ConstructorBindingImpl.java:306)
	at com.google.inject.internal.InjectorImpl$1.get(InjectorImpl.java:1050)
	... 53 common frames omitted
2025-12-06 14:43:16,939 [Worker-17: Building] WARN  o.e.m.c.i.embedder.EclipseLogger - Using platform encoding (Cp1252 actually) to copy filtered resources, i.e. build is platform dependent!
2025-12-06 14:43:16,941 [Worker-17: Building] INFO  o.e.m.c.i.embedder.EclipseLogger - Copying 0 resource
2025-12-06 14:43:16,944 [Worker-17: Building] WARN  o.e.m.c.i.embedder.EclipseLogger - Using platform encoding (Cp1252 actually) to copy filtered resources, i.e. build is platform dependent!
2025-12-06 14:43:16,946 [Worker-17: Building] INFO  o.e.m.c.i.embedder.EclipseLogger - Copying 0 resource
2025-12-06 14:43:16,950 [Worker-17: Building] WARN  Sisu - Error injecting: org.apache.maven.plugin.war.WarMojo
com.google.inject.ProvisionException: Unable to provision, see the following errors:

1) Error injecting constructor, java.lang.NoClassDefFoundError: Could not initialize class org.apache.maven.plugin.war.util.WebappStructureSerializer
  at org.apache.maven.plugin.war.WarMojo.<init>(Unknown Source)
  while locating org.apache.maven.plugin.war.WarMojo

1 error
	at com.google.inject.internal.InternalProvisionException.toProvisionException(InternalProvisionException.java:226)
	at com.google.inject.internal.InjectorImpl$1.get(InjectorImpl.java:1053)
	at com.google.inject.internal.InjectorImpl.getInstance(InjectorImpl.java:1086)
	at org.eclipse.sisu.space.AbstractDeferredClass.get(AbstractDeferredClass.java:48)
	at com.google.inject.internal.ProviderInternalFactory.provision(ProviderInternalFactory.java:85)
	at com.google.inject.internal.InternalFactoryToInitializableAdapter.provision(InternalFactoryToInitializableAdapter.java:57)
	at com.google.inject.internal.ProviderInternalFactory$1.call(ProviderInternalFactory.java:66)
	at com.google.inject.internal.ProvisionListenerStackCallback$Provision.provision(ProvisionListenerStackCallback.java:112)
	at com.google.inject.internal.ProvisionListenerStackCallback$Provision.provision(ProvisionListenerStackCallback.java:127)
	at com.google.inject.internal.ProvisionListenerStackCallback.provision(ProvisionListenerStackCallback.java:66)
	at com.google.inject.internal.ProviderInternalFactory.circularGet(ProviderInternalFactory.java:61)
	at com.google.inject.internal.InternalFactoryToInitializableAdapter.get(InternalFactoryToInitializableAdapter.java:47)
	at com.google.inject.internal.InjectorImpl$1.get(InjectorImpl.java:1050)
	at org.eclipse.sisu.inject.Guice4$1.get(Guice4.java:162)
	at org.eclipse.sisu.inject.LazyBeanEntry.getValue(LazyBeanEntry.java:81)
	at org.eclipse.sisu.plexus.LazyPlexusBean.getValue(LazyPlexusBean.java:51)
	at org.codehaus.plexus.DefaultPlexusContainer.lookup(DefaultPlexusContainer.java:263)
	at org.codehaus.plexus.DefaultPlexusContainer.lookup(DefaultPlexusContainer.java:255)
	at org.apache.maven.plugin.internal.DefaultMavenPluginManager.getConfiguredMojo(DefaultMavenPluginManager.java:520)
	at org.eclipse.m2e.core.internal.embedder.MavenImpl.getConfiguredMojo(MavenImpl.java:210)
	at org.eclipse.m2e.mavenarchiver.internal.AbstractMavenArchiverConfigurator.reflectManifestGeneration(AbstractMavenArchiverConfigurator.java:440)
	at org.eclipse.m2e.mavenarchiver.internal.AbstractMavenArchiverConfigurator.lambda$3(AbstractMavenArchiverConfigurator.java:399)
	at org.eclipse.m2e.core.internal.embedder.MavenExecutionContext.executeBare(MavenExecutionContext.java:394)
	at org.eclipse.m2e.core.internal.embedder.MavenExecutionContext.execute(MavenExecutionContext.java:275)
	at org.eclipse.m2e.core.internal.embedder.MavenExecutionContext.execute(MavenExecutionContext.java:214)
	at org.eclipse.m2e.mavenarchiver.internal.AbstractMavenArchiverConfigurator.generateManifest(AbstractMavenArchiverConfigurator.java:372)
	at org.eclipse.m2e.mavenarchiver.internal.AbstractMavenArchiverConfigurator.mavenProjectChanged(AbstractMavenArchiverConfigurator.java:229)
	at org.eclipse.m2e.mavenarchiver.internal.AbstractMavenArchiverConfigurator$1.build(AbstractMavenArchiverConfigurator.java:179)
	at org.eclipse.m2e.core.internal.builder.MavenBuilderImpl.lambda$1(MavenBuilderImpl.java:139)
	at java.base/java.util.LinkedHashMap.forEach(LinkedHashMap.java:721)
	at org.eclipse.m2e.core.internal.builder.MavenBuilderImpl.build(MavenBuilderImpl.java:122)
	at org.eclipse.m2e.core.internal.builder.MavenBuilder$1.method(MavenBuilder.java:164)
	at org.eclipse.m2e.core.internal.builder.MavenBuilder$1.method(MavenBuilder.java:1)
	at org.eclipse.m2e.core.internal.builder.MavenBuilder$BuildMethod.lambda$1(MavenBuilder.java:109)
	at org.eclipse.m2e.core.internal.embedder.MavenExecutionContext.executeBare(MavenExecutionContext.java:394)
	at org.eclipse.m2e.core.internal.embedder.MavenExecutionContext.execute(MavenExecutionContext.java:228)
	at org.eclipse.m2e.core.internal.builder.MavenBuilder$BuildMethod.lambda$0(MavenBuilder.java:100)
	at org.eclipse.m2e.core.internal.embedder.MavenExecutionContext.executeBare(MavenExecutionContext.java:394)
	at org.eclipse.m2e.core.internal.embedder.MavenExecutionContext.execute(MavenExecutionContext.java:275)
	at org.eclipse.m2e.core.internal.embedder.MavenExecutionContext.execute(MavenExecutionContext.java:214)
	at org.eclipse.m2e.core.internal.builder.MavenBuilder$BuildMethod.execute(MavenBuilder.java:83)
	at org.eclipse.m2e.core.internal.builder.MavenBuilder.build(MavenBuilder.java:192)
	at org.eclipse.core.internal.events.BuildManager$2.run(BuildManager.java:1020)
	at org.eclipse.core.runtime.SafeRunner.run(SafeRunner.java:45)
	at org.eclipse.core.internal.events.BuildManager.basicBuild(BuildManager.java:247)
	at org.eclipse.core.internal.events.BuildManager.basicBuild(BuildManager.java:303)
	at org.eclipse.core.internal.events.BuildManager$1.run(BuildManager.java:392)
	at org.eclipse.core.runtime.SafeRunner.run(SafeRunner.java:45)
	at org.eclipse.core.internal.events.BuildManager.basicBuild(BuildManager.java:395)
	at org.eclipse.core.internal.events.BuildManager.basicBuildLoop(BuildManager.java:506)
	at org.eclipse.core.internal.events.BuildManager.basicBuildLoop(BuildManager.java:454)
	at org.eclipse.core.internal.events.BuildManager.build(BuildManager.java:536)
	at org.eclipse.core.internal.events.AutoBuildJob.doBuild(AutoBuildJob.java:196)
	at org.eclipse.core.internal.events.AutoBuildJob.run(AutoBuildJob.java:289)
	at org.eclipse.core.internal.jobs.Worker.run(Worker.java:63)
Caused by: java.lang.NoClassDefFoundError: Could not initialize class org.apache.maven.plugin.war.util.WebappStructureSerializer
	at org.apache.maven.plugin.war.AbstractWarMojo.<init>(AbstractWarMojo.java:316)
	at org.apache.maven.plugin.war.WarMojo.<init>(WarMojo.java:49)
	at java.base/jdk.internal.reflect.NativeConstructorAccessorImpl.newInstance0(Native Method)
	at java.base/jdk.internal.reflect.NativeConstructorAccessorImpl.newInstance(NativeConstructorAccessorImpl.java:77)
	at java.base/jdk.internal.reflect.DelegatingConstructorAccessorImpl.newInstance(DelegatingConstructorAccessorImpl.java:45)
	at java.base/java.lang.reflect.Constructor.newInstanceWithCaller(Constructor.java:499)
	at java.base/java.lang.reflect.Constructor.newInstance(Constructor.java:480)
	at com.google.inject.internal.DefaultConstructionProxyFactory$ReflectiveProxy.newInstance(DefaultConstructionProxyFactory.java:126)
	at com.google.inject.internal.ConstructorInjector.provision(ConstructorInjector.java:114)
	at com.google.inject.internal.ConstructorInjector.access$000(ConstructorInjector.java:32)
	at com.google.inject.internal.ConstructorInjector$1.call(ConstructorInjector.java:98)
	at com.google.inject.internal.ProvisionListenerStackCallback$Provision.provision(ProvisionListenerStackCallback.java:112)
	at com.google.inject.internal.ProvisionListenerStackCallback$Provision.provision(ProvisionListenerStackCallback.java:127)
	at com.google.inject.internal.ProvisionListenerStackCallback.provision(ProvisionListenerStackCallback.java:66)
	at com.google.inject.internal.ConstructorInjector.construct(ConstructorInjector.java:93)
	at com.google.inject.internal.ConstructorBindingImpl$Factory.get(ConstructorBindingImpl.java:306)
	at com.google.inject.internal.InjectorImpl$1.get(InjectorImpl.java:1050)
	... 53 common frames omitted
2025-12-06 14:43:30,165 [Worker-15: Building] WARN  o.e.m.c.i.embedder.EclipseLogger - Using platform encoding (Cp1252 actually) to copy filtered resources, i.e. build is platform dependent!
2025-12-06 14:43:30,167 [Worker-15: Building] INFO  o.e.m.c.i.embedder.EclipseLogger - Copying 0 resource
2025-12-06 14:43:30,170 [Worker-15: Building] WARN  o.e.m.c.i.embedder.EclipseLogger - Using platform encoding (Cp1252 actually) to copy filtered resources, i.e. build is platform dependent!
2025-12-06 14:43:30,172 [Worker-15: Building] INFO  o.e.m.c.i.embedder.EclipseLogger - Copying 0 resource
2025-12-06 14:43:30,176 [Worker-15: Building] WARN  Sisu - Error injecting: org.apache.maven.plugin.war.WarMojo
com.google.inject.ProvisionException: Unable to provision, see the following errors:

1) Error injecting constructor, java.lang.NoClassDefFoundError: Could not initialize class org.apache.maven.plugin.war.util.WebappStructureSerializer
  at org.apache.maven.plugin.war.WarMojo.<init>(Unknown Source)
  while locating org.apache.maven.plugin.war.WarMojo

1 error
	at com.google.inject.internal.InternalProvisionException.toProvisionException(InternalProvisionException.java:226)
	at com.google.inject.internal.InjectorImpl$1.get(InjectorImpl.java:1053)
	at com.google.inject.internal.InjectorImpl.getInstance(InjectorImpl.java:1086)
	at org.eclipse.sisu.space.AbstractDeferredClass.get(AbstractDeferredClass.java:48)
	at com.google.inject.internal.ProviderInternalFactory.provision(ProviderInternalFactory.java:85)
	at com.google.inject.internal.InternalFactoryToInitializableAdapter.provision(InternalFactoryToInitializableAdapter.java:57)
	at com.google.inject.internal.ProviderInternalFactory$1.call(ProviderInternalFactory.java:66)
	at com.google.inject.internal.ProvisionListenerStackCallback$Provision.provision(ProvisionListenerStackCallback.java:112)
	at com.google.inject.internal.ProvisionListenerStackCallback$Provision.provision(ProvisionListenerStackCallback.java:127)
	at com.google.inject.internal.ProvisionListenerStackCallback.provision(ProvisionListenerStackCallback.java:66)
	at com.google.inject.internal.ProviderInternalFactory.circularGet(ProviderInternalFactory.java:61)
	at com.google.inject.internal.InternalFactoryToInitializableAdapter.get(InternalFactoryToInitializableAdapter.java:47)
	at com.google.inject.internal.InjectorImpl$1.get(InjectorImpl.java:1050)
	at org.eclipse.sisu.inject.Guice4$1.get(Guice4.java:162)
	at org.eclipse.sisu.inject.LazyBeanEntry.getValue(LazyBeanEntry.java:81)
	at org.eclipse.sisu.plexus.LazyPlexusBean.getValue(LazyPlexusBean.java:51)
	at org.codehaus.plexus.DefaultPlexusContainer.lookup(DefaultPlexusContainer.java:263)
	at org.codehaus.plexus.DefaultPlexusContainer.lookup(DefaultPlexusContainer.java:255)
	at org.apache.maven.plugin.internal.DefaultMavenPluginManager.getConfiguredMojo(DefaultMavenPluginManager.java:520)
	at org.eclipse.m2e.core.internal.embedder.MavenImpl.getConfiguredMojo(MavenImpl.java:210)
	at org.eclipse.m2e.mavenarchiver.internal.AbstractMavenArchiverConfigurator.reflectManifestGeneration(AbstractMavenArchiverConfigurator.java:440)
	at org.eclipse.m2e.mavenarchiver.internal.AbstractMavenArchiverConfigurator.lambda$3(AbstractMavenArchiverConfigurator.java:399)
	at org.eclipse.m2e.core.internal.embedder.MavenExecutionContext.executeBare(MavenExecutionContext.java:394)
	at org.eclipse.m2e.core.internal.embedder.MavenExecutionContext.execute(MavenExecutionContext.java:275)
	at org.eclipse.m2e.core.internal.embedder.MavenExecutionContext.execute(MavenExecutionContext.java:214)
	at org.eclipse.m2e.mavenarchiver.internal.AbstractMavenArchiverConfigurator.generateManifest(AbstractMavenArchiverConfigurator.java:372)
	at org.eclipse.m2e.mavenarchiver.internal.AbstractMavenArchiverConfigurator.mavenProjectChanged(AbstractMavenArchiverConfigurator.java:229)
	at org.eclipse.m2e.mavenarchiver.internal.AbstractMavenArchiverConfigurator$1.build(AbstractMavenArchiverConfigurator.java:179)
	at org.eclipse.m2e.core.internal.builder.MavenBuilderImpl.lambda$1(MavenBuilderImpl.java:139)
	at java.base/java.util.LinkedHashMap.forEach(LinkedHashMap.java:721)
	at org.eclipse.m2e.core.internal.builder.MavenBuilderImpl.build(MavenBuilderImpl.java:122)
	at org.eclipse.m2e.core.internal.builder.MavenBuilder$1.method(MavenBuilder.java:164)
	at org.eclipse.m2e.core.internal.builder.MavenBuilder$1.method(MavenBuilder.java:1)
	at org.eclipse.m2e.core.internal.builder.MavenBuilder$BuildMethod.lambda$1(MavenBuilder.java:109)
	at org.eclipse.m2e.core.internal.embedder.MavenExecutionContext.executeBare(MavenExecutionContext.java:394)
	at org.eclipse.m2e.core.internal.embedder.MavenExecutionContext.execute(MavenExecutionContext.java:228)
	at org.eclipse.m2e.core.internal.builder.MavenBuilder$BuildMethod.lambda$0(MavenBuilder.java:100)
	at org.eclipse.m2e.core.internal.embedder.MavenExecutionContext.executeBare(MavenExecutionContext.java:394)
	at org.eclipse.m2e.core.internal.embedder.MavenExecutionContext.execute(MavenExecutionContext.java:275)
	at org.eclipse.m2e.core.internal.embedder.MavenExecutionContext.execute(MavenExecutionContext.java:214)
	at org.eclipse.m2e.core.internal.builder.MavenBuilder$BuildMethod.execute(MavenBuilder.java:83)
	at org.eclipse.m2e.core.internal.builder.MavenBuilder.build(MavenBuilder.java:192)
	at org.eclipse.core.internal.events.BuildManager$2.run(BuildManager.java:1020)
	at org.eclipse.core.runtime.SafeRunner.run(SafeRunner.java:45)
	at org.eclipse.core.internal.events.BuildManager.basicBuild(BuildManager.java:247)
	at org.eclipse.core.internal.events.BuildManager.basicBuild(BuildManager.java:303)
	at org.eclipse.core.internal.events.BuildManager$1.run(BuildManager.java:392)
	at org.eclipse.core.runtime.SafeRunner.run(SafeRunner.java:45)
	at org.eclipse.core.internal.events.BuildManager.basicBuild(BuildManager.java:395)
	at org.eclipse.core.internal.events.BuildManager.basicBuildLoop(BuildManager.java:506)
	at org.eclipse.core.internal.events.BuildManager.basicBuildLoop(BuildManager.java:454)
	at org.eclipse.core.internal.events.BuildManager.build(BuildManager.java:536)
	at org.eclipse.core.internal.events.AutoBuildJob.doBuild(AutoBuildJob.java:196)
	at org.eclipse.core.internal.events.AutoBuildJob.run(AutoBuildJob.java:289)
	at org.eclipse.core.internal.jobs.Worker.run(Worker.java:63)
Caused by: java.lang.NoClassDefFoundError: Could not initialize class org.apache.maven.plugin.war.util.WebappStructureSerializer
	at org.apache.maven.plugin.war.AbstractWarMojo.<init>(AbstractWarMojo.java:316)
	at org.apache.maven.plugin.war.WarMojo.<init>(WarMojo.java:49)
	at java.base/jdk.internal.reflect.NativeConstructorAccessorImpl.newInstance0(Native Method)
	at java.base/jdk.internal.reflect.NativeConstructorAccessorImpl.newInstance(NativeConstructorAccessorImpl.java:77)
	at java.base/jdk.internal.reflect.DelegatingConstructorAccessorImpl.newInstance(DelegatingConstructorAccessorImpl.java:45)
	at java.base/java.lang.reflect.Constructor.newInstanceWithCaller(Constructor.java:499)
	at java.base/java.lang.reflect.Constructor.newInstance(Constructor.java:480)
	at com.google.inject.internal.DefaultConstructionProxyFactory$ReflectiveProxy.newInstance(DefaultConstructionProxyFactory.java:126)
	at com.google.inject.internal.ConstructorInjector.provision(ConstructorInjector.java:114)
	at com.google.inject.internal.ConstructorInjector.access$000(ConstructorInjector.java:32)
	at com.google.inject.internal.ConstructorInjector$1.call(ConstructorInjector.java:98)
	at com.google.inject.internal.ProvisionListenerStackCallback$Provision.provision(ProvisionListenerStackCallback.java:112)
	at com.google.inject.internal.ProvisionListenerStackCallback$Provision.provision(ProvisionListenerStackCallback.java:127)
	at com.google.inject.internal.ProvisionListenerStackCallback.provision(ProvisionListenerStackCallback.java:66)
	at com.google.inject.internal.ConstructorInjector.construct(ConstructorInjector.java:93)
	at com.google.inject.internal.ConstructorBindingImpl$Factory.get(ConstructorBindingImpl.java:306)
	at com.google.inject.internal.InjectorImpl$1.get(InjectorImpl.java:1050)
	... 53 common frames omitted
2025-12-06 14:43:46,165 [Worker-4: Building] WARN  o.e.m.c.i.embedder.EclipseLogger - Using platform encoding (Cp1252 actually) to copy filtered resources, i.e. build is platform dependent!
2025-12-06 14:43:46,167 [Worker-4: Building] INFO  o.e.m.c.i.embedder.EclipseLogger - Copying 0 resource
2025-12-06 14:43:46,169 [Worker-4: Building] WARN  o.e.m.c.i.embedder.EclipseLogger - Using platform encoding (Cp1252 actually) to copy filtered resources, i.e. build is platform dependent!
2025-12-06 14:43:46,170 [Worker-4: Building] INFO  o.e.m.c.i.embedder.EclipseLogger - Copying 0 resource
2025-12-06 14:43:46,175 [Worker-4: Building] WARN  Sisu - Error injecting: org.apache.maven.plugin.war.WarMojo
com.google.inject.ProvisionException: Unable to provision, see the following errors:

1) Error injecting constructor, java.lang.NoClassDefFoundError: Could not initialize class org.apache.maven.plugin.war.util.WebappStructureSerializer
  at org.apache.maven.plugin.war.WarMojo.<init>(Unknown Source)
  while locating org.apache.maven.plugin.war.WarMojo

1 error
	at com.google.inject.internal.InternalProvisionException.toProvisionException(InternalProvisionException.java:226)
	at com.google.inject.internal.InjectorImpl$1.get(InjectorImpl.java:1053)
	at com.google.inject.internal.InjectorImpl.getInstance(InjectorImpl.java:1086)
	at org.eclipse.sisu.space.AbstractDeferredClass.get(AbstractDeferredClass.java:48)
	at com.google.inject.internal.ProviderInternalFactory.provision(ProviderInternalFactory.java:85)
	at com.google.inject.internal.InternalFactoryToInitializableAdapter.provision(InternalFactoryToInitializableAdapter.java:57)
	at com.google.inject.internal.ProviderInternalFactory$1.call(ProviderInternalFactory.java:66)
	at com.google.inject.internal.ProvisionListenerStackCallback$Provision.provision(ProvisionListenerStackCallback.java:112)
	at com.google.inject.internal.ProvisionListenerStackCallback$Provision.provision(ProvisionListenerStackCallback.java:127)
	at com.google.inject.internal.ProvisionListenerStackCallback.provision(ProvisionListenerStackCallback.java:66)
	at com.google.inject.internal.ProviderInternalFactory.circularGet(ProviderInternalFactory.java:61)
	at com.google.inject.internal.InternalFactoryToInitializableAdapter.get(InternalFactoryToInitializableAdapter.java:47)
	at com.google.inject.internal.InjectorImpl$1.get(InjectorImpl.java:1050)
	at org.eclipse.sisu.inject.Guice4$1.get(Guice4.java:162)
	at org.eclipse.sisu.inject.LazyBeanEntry.getValue(LazyBeanEntry.java:81)
	at org.eclipse.sisu.plexus.LazyPlexusBean.getValue(LazyPlexusBean.java:51)
	at org.codehaus.plexus.DefaultPlexusContainer.lookup(DefaultPlexusContainer.java:263)
	at org.codehaus.plexus.DefaultPlexusContainer.lookup(DefaultPlexusContainer.java:255)
	at org.apache.maven.plugin.internal.DefaultMavenPluginManager.getConfiguredMojo(DefaultMavenPluginManager.java:520)
	at org.eclipse.m2e.core.internal.embedder.MavenImpl.getConfiguredMojo(MavenImpl.java:210)
	at org.eclipse.m2e.mavenarchiver.internal.AbstractMavenArchiverConfigurator.reflectManifestGeneration(AbstractMavenArchiverConfigurator.java:440)
	at org.eclipse.m2e.mavenarchiver.internal.AbstractMavenArchiverConfigurator.lambda$3(AbstractMavenArchiverConfigurator.java:399)
	at org.eclipse.m2e.core.internal.embedder.MavenExecutionContext.executeBare(MavenExecutionContext.java:394)
	at org.eclipse.m2e.core.internal.embedder.MavenExecutionContext.execute(MavenExecutionContext.java:275)
	at org.eclipse.m2e.core.internal.embedder.MavenExecutionContext.execute(MavenExecutionContext.java:214)
	at org.eclipse.m2e.mavenarchiver.internal.AbstractMavenArchiverConfigurator.generateManifest(AbstractMavenArchiverConfigurator.java:372)
	at org.eclipse.m2e.mavenarchiver.internal.AbstractMavenArchiverConfigurator.mavenProjectChanged(AbstractMavenArchiverConfigurator.java:229)
	at org.eclipse.m2e.mavenarchiver.internal.AbstractMavenArchiverConfigurator$1.build(AbstractMavenArchiverConfigurator.java:179)
	at org.eclipse.m2e.core.internal.builder.MavenBuilderImpl.lambda$1(MavenBuilderImpl.java:139)
	at java.base/java.util.LinkedHashMap.forEach(LinkedHashMap.java:721)
	at org.eclipse.m2e.core.internal.builder.MavenBuilderImpl.build(MavenBuilderImpl.java:122)
	at org.eclipse.m2e.core.internal.builder.MavenBuilder$1.method(MavenBuilder.java:164)
	at org.eclipse.m2e.core.internal.builder.MavenBuilder$1.method(MavenBuilder.java:1)
	at org.eclipse.m2e.core.internal.builder.MavenBuilder$BuildMethod.lambda$1(MavenBuilder.java:109)
	at org.eclipse.m2e.core.internal.embedder.MavenExecutionContext.executeBare(MavenExecutionContext.java:394)
	at org.eclipse.m2e.core.internal.embedder.MavenExecutionContext.execute(MavenExecutionContext.java:228)
	at org.eclipse.m2e.core.internal.builder.MavenBuilder$BuildMethod.lambda$0(MavenBuilder.java:100)
	at org.eclipse.m2e.core.internal.embedder.MavenExecutionContext.executeBare(MavenExecutionContext.java:394)
	at org.eclipse.m2e.core.internal.embedder.MavenExecutionContext.execute(MavenExecutionContext.java:275)
	at org.eclipse.m2e.core.internal.embedder.MavenExecutionContext.execute(MavenExecutionContext.java:214)
	at org.eclipse.m2e.core.internal.builder.MavenBuilder$BuildMethod.execute(MavenBuilder.java:83)
	at org.eclipse.m2e.core.internal.builder.MavenBuilder.build(MavenBuilder.java:192)
	at org.eclipse.core.internal.events.BuildManager$2.run(BuildManager.java:1020)
	at org.eclipse.core.runtime.SafeRunner.run(SafeRunner.java:45)
	at org.eclipse.core.internal.events.BuildManager.basicBuild(BuildManager.java:247)
	at org.eclipse.core.internal.events.BuildManager.basicBuild(BuildManager.java:303)
	at org.eclipse.core.internal.events.BuildManager$1.run(BuildManager.java:392)
	at org.eclipse.core.runtime.SafeRunner.run(SafeRunner.java:45)
	at org.eclipse.core.internal.events.BuildManager.basicBuild(BuildManager.java:395)
	at org.eclipse.core.internal.events.BuildManager.basicBuildLoop(BuildManager.java:506)
	at org.eclipse.core.internal.events.BuildManager.basicBuildLoop(BuildManager.java:454)
	at org.eclipse.core.internal.events.BuildManager.build(BuildManager.java:536)
	at org.eclipse.core.internal.events.AutoBuildJob.doBuild(AutoBuildJob.java:196)
	at org.eclipse.core.internal.events.AutoBuildJob.run(AutoBuildJob.java:289)
	at org.eclipse.core.internal.jobs.Worker.run(Worker.java:63)
Caused by: java.lang.NoClassDefFoundError: Could not initialize class org.apache.maven.plugin.war.util.WebappStructureSerializer
	at org.apache.maven.plugin.war.AbstractWarMojo.<init>(AbstractWarMojo.java:316)
	at org.apache.maven.plugin.war.WarMojo.<init>(WarMojo.java:49)
	at java.base/jdk.internal.reflect.NativeConstructorAccessorImpl.newInstance0(Native Method)
	at java.base/jdk.internal.reflect.NativeConstructorAccessorImpl.newInstance(NativeConstructorAccessorImpl.java:77)
	at java.base/jdk.internal.reflect.DelegatingConstructorAccessorImpl.newInstance(DelegatingConstructorAccessorImpl.java:45)
	at java.base/java.lang.reflect.Constructor.newInstanceWithCaller(Constructor.java:499)
	at java.base/java.lang.reflect.Constructor.newInstance(Constructor.java:480)
	at com.google.inject.internal.DefaultConstructionProxyFactory$ReflectiveProxy.newInstance(DefaultConstructionProxyFactory.java:126)
	at com.google.inject.internal.ConstructorInjector.provision(ConstructorInjector.java:114)
	at com.google.inject.internal.ConstructorInjector.access$000(ConstructorInjector.java:32)
	at com.google.inject.internal.ConstructorInjector$1.call(ConstructorInjector.java:98)
	at com.google.inject.internal.ProvisionListenerStackCallback$Provision.provision(ProvisionListenerStackCallback.java:112)
	at com.google.inject.internal.ProvisionListenerStackCallback$Provision.provision(ProvisionListenerStackCallback.java:127)
	at com.google.inject.internal.ProvisionListenerStackCallback.provision(ProvisionListenerStackCallback.java:66)
	at com.google.inject.internal.ConstructorInjector.construct(ConstructorInjector.java:93)
	at com.google.inject.internal.ConstructorBindingImpl$Factory.get(ConstructorBindingImpl.java:306)
	at com.google.inject.internal.InjectorImpl$1.get(InjectorImpl.java:1050)
	... 53 common frames omitted
2025-12-06 14:44:05,458 [Worker-17: Building] WARN  o.e.m.c.i.embedder.EclipseLogger - Using platform encoding (Cp1252 actually) to copy filtered resources, i.e. build is platform dependent!
2025-12-06 14:44:05,459 [Worker-17: Building] INFO  o.e.m.c.i.embedder.EclipseLogger - Copying 0 resource
2025-12-06 14:44:05,464 [Worker-17: Building] WARN  o.e.m.c.i.embedder.EclipseLogger - Using platform encoding (Cp1252 actually) to copy filtered resources, i.e. build is platform dependent!
2025-12-06 14:44:05,465 [Worker-17: Building] INFO  o.e.m.c.i.embedder.EclipseLogger - Copying 0 resource
2025-12-06 14:44:05,469 [Worker-17: Building] WARN  Sisu - Error injecting: org.apache.maven.plugin.war.WarMojo
com.google.inject.ProvisionException: Unable to provision, see the following errors:

1) Error injecting constructor, java.lang.NoClassDefFoundError: Could not initialize class org.apache.maven.plugin.war.util.WebappStructureSerializer
  at org.apache.maven.plugin.war.WarMojo.<init>(Unknown Source)
  while locating org.apache.maven.plugin.war.WarMojo

1 error
	at com.google.inject.internal.InternalProvisionException.toProvisionException(InternalProvisionException.java:226)
	at com.google.inject.internal.InjectorImpl$1.get(InjectorImpl.java:1053)
	at com.google.inject.internal.InjectorImpl.getInstance(InjectorImpl.java:1086)
	at org.eclipse.sisu.space.AbstractDeferredClass.get(AbstractDeferredClass.java:48)
	at com.google.inject.internal.ProviderInternalFactory.provision(ProviderInternalFactory.java:85)
	at com.google.inject.internal.InternalFactoryToInitializableAdapter.provision(InternalFactoryToInitializableAdapter.java:57)
	at com.google.inject.internal.ProviderInternalFactory$1.call(ProviderInternalFactory.java:66)
	at com.google.inject.internal.ProvisionListenerStackCallback$Provision.provision(ProvisionListenerStackCallback.java:112)
	at com.google.inject.internal.ProvisionListenerStackCallback$Provision.provision(ProvisionListenerStackCallback.java:127)
	at com.google.inject.internal.ProvisionListenerStackCallback.provision(ProvisionListenerStackCallback.java:66)
	at com.google.inject.internal.ProviderInternalFactory.circularGet(ProviderInternalFactory.java:61)
	at com.google.inject.internal.InternalFactoryToInitializableAdapter.get(InternalFactoryToInitializableAdapter.java:47)
	at com.google.inject.internal.InjectorImpl$1.get(InjectorImpl.java:1050)
	at org.eclipse.sisu.inject.Guice4$1.get(Guice4.java:162)
	at org.eclipse.sisu.inject.LazyBeanEntry.getValue(LazyBeanEntry.java:81)
	at org.eclipse.sisu.plexus.LazyPlexusBean.getValue(LazyPlexusBean.java:51)
	at org.codehaus.plexus.DefaultPlexusContainer.lookup(DefaultPlexusContainer.java:263)
	at org.codehaus.plexus.DefaultPlexusContainer.lookup(DefaultPlexusContainer.java:255)
	at org.apache.maven.plugin.internal.DefaultMavenPluginManager.getConfiguredMojo(DefaultMavenPluginManager.java:520)
	at org.eclipse.m2e.core.internal.embedder.MavenImpl.getConfiguredMojo(MavenImpl.java:210)
	at org.eclipse.m2e.mavenarchiver.internal.AbstractMavenArchiverConfigurator.reflectManifestGeneration(AbstractMavenArchiverConfigurator.java:440)
	at org.eclipse.m2e.mavenarchiver.internal.AbstractMavenArchiverConfigurator.lambda$3(AbstractMavenArchiverConfigurator.java:399)
	at org.eclipse.m2e.core.internal.embedder.MavenExecutionContext.executeBare(MavenExecutionContext.java:394)
	at org.eclipse.m2e.core.internal.embedder.MavenExecutionContext.execute(MavenExecutionContext.java:275)
	at org.eclipse.m2e.core.internal.embedder.MavenExecutionContext.execute(MavenExecutionContext.java:214)
	at org.eclipse.m2e.mavenarchiver.internal.AbstractMavenArchiverConfigurator.generateManifest(AbstractMavenArchiverConfigurator.java:372)
	at org.eclipse.m2e.mavenarchiver.internal.AbstractMavenArchiverConfigurator.mavenProjectChanged(AbstractMavenArchiverConfigurator.java:229)
	at org.eclipse.m2e.mavenarchiver.internal.AbstractMavenArchiverConfigurator$1.build(AbstractMavenArchiverConfigurator.java:179)
	at org.eclipse.m2e.core.internal.builder.MavenBuilderImpl.lambda$1(MavenBuilderImpl.java:139)
	at java.base/java.util.LinkedHashMap.forEach(LinkedHashMap.java:721)
	at org.eclipse.m2e.core.internal.builder.MavenBuilderImpl.build(MavenBuilderImpl.java:122)
	at org.eclipse.m2e.core.internal.builder.MavenBuilder$1.method(MavenBuilder.java:164)
	at org.eclipse.m2e.core.internal.builder.MavenBuilder$1.method(MavenBuilder.java:1)
	at org.eclipse.m2e.core.internal.builder.MavenBuilder$BuildMethod.lambda$1(MavenBuilder.java:109)
	at org.eclipse.m2e.core.internal.embedder.MavenExecutionContext.executeBare(MavenExecutionContext.java:394)
	at org.eclipse.m2e.core.internal.embedder.MavenExecutionContext.execute(MavenExecutionContext.java:228)
	at org.eclipse.m2e.core.internal.builder.MavenBuilder$BuildMethod.lambda$0(MavenBuilder.java:100)
	at org.eclipse.m2e.core.internal.embedder.MavenExecutionContext.executeBare(MavenExecutionContext.java:394)
	at org.eclipse.m2e.core.internal.embedder.MavenExecutionContext.execute(MavenExecutionContext.java:275)
	at org.eclipse.m2e.core.internal.embedder.MavenExecutionContext.execute(MavenExecutionContext.java:214)
	at org.eclipse.m2e.core.internal.builder.MavenBuilder$BuildMethod.execute(MavenBuilder.java:83)
	at org.eclipse.m2e.core.internal.builder.MavenBuilder.build(MavenBuilder.java:192)
	at org.eclipse.core.internal.events.BuildManager$2.run(BuildManager.java:1020)
	at org.eclipse.core.runtime.SafeRunner.run(SafeRunner.java:45)
	at org.eclipse.core.internal.events.BuildManager.basicBuild(BuildManager.java:247)
	at org.eclipse.core.internal.events.BuildManager.basicBuild(BuildManager.java:303)
	at org.eclipse.core.internal.events.BuildManager$1.run(BuildManager.java:392)
	at org.eclipse.core.runtime.SafeRunner.run(SafeRunner.java:45)
	at org.eclipse.core.internal.events.BuildManager.basicBuild(BuildManager.java:395)
	at org.eclipse.core.internal.events.BuildManager.basicBuildLoop(BuildManager.java:506)
	at org.eclipse.core.internal.events.BuildManager.basicBuildLoop(BuildManager.java:454)
	at org.eclipse.core.internal.events.BuildManager.build(BuildManager.java:536)
	at org.eclipse.core.internal.events.AutoBuildJob.doBuild(AutoBuildJob.java:196)
	at org.eclipse.core.internal.events.AutoBuildJob.run(AutoBuildJob.java:289)
	at org.eclipse.core.internal.jobs.Worker.run(Worker.java:63)
Caused by: java.lang.NoClassDefFoundError: Could not initialize class org.apache.maven.plugin.war.util.WebappStructureSerializer
	at org.apache.maven.plugin.war.AbstractWarMojo.<init>(AbstractWarMojo.java:316)
	at org.apache.maven.plugin.war.WarMojo.<init>(WarMojo.java:49)
	at jdk.internal.reflect.GeneratedConstructorAccessor80.newInstance(Unknown Source)
	at java.base/jdk.internal.reflect.DelegatingConstructorAccessorImpl.newInstance(DelegatingConstructorAccessorImpl.java:45)
	at java.base/java.lang.reflect.Constructor.newInstanceWithCaller(Constructor.java:499)
	at java.base/java.lang.reflect.Constructor.newInstance(Constructor.java:480)
	at com.google.inject.internal.DefaultConstructionProxyFactory$ReflectiveProxy.newInstance(DefaultConstructionProxyFactory.java:126)
	at com.google.inject.internal.ConstructorInjector.provision(ConstructorInjector.java:114)
	at com.google.inject.internal.ConstructorInjector.access$000(ConstructorInjector.java:32)
	at com.google.inject.internal.ConstructorInjector$1.call(ConstructorInjector.java:98)
	at com.google.inject.internal.ProvisionListenerStackCallback$Provision.provision(ProvisionListenerStackCallback.java:112)
	at com.google.inject.internal.ProvisionListenerStackCallback$Provision.provision(ProvisionListenerStackCallback.java:127)
	at com.google.inject.internal.ProvisionListenerStackCallback.provision(ProvisionListenerStackCallback.java:66)
	at com.google.inject.internal.ConstructorInjector.construct(ConstructorInjector.java:93)
	at com.google.inject.internal.ConstructorBindingImpl$Factory.get(ConstructorBindingImpl.java:306)
	at com.google.inject.internal.InjectorImpl$1.get(InjectorImpl.java:1050)
	... 53 common frames omitted
2025-12-06 14:44:59,005 [Worker-4: Building] WARN  o.e.m.c.i.embedder.EclipseLogger - Using platform encoding (Cp1252 actually) to copy filtered resources, i.e. build is platform dependent!
2025-12-06 14:44:59,006 [Worker-4: Building] INFO  o.e.m.c.i.embedder.EclipseLogger - Copying 0 resource
2025-12-06 14:44:59,009 [Worker-4: Building] WARN  o.e.m.c.i.embedder.EclipseLogger - Using platform encoding (Cp1252 actually) to copy filtered resources, i.e. build is platform dependent!
2025-12-06 14:44:59,010 [Worker-4: Building] INFO  o.e.m.c.i.embedder.EclipseLogger - Copying 0 resource
2025-12-06 14:44:59,015 [Worker-4: Building] WARN  Sisu - Error injecting: org.apache.maven.plugin.war.WarMojo
com.google.inject.ProvisionException: Unable to provision, see the following errors:

1) Error injecting constructor, java.lang.NoClassDefFoundError: Could not initialize class org.apache.maven.plugin.war.util.WebappStructureSerializer
  at org.apache.maven.plugin.war.WarMojo.<init>(Unknown Source)
  while locating org.apache.maven.plugin.war.WarMojo

1 error
	at com.google.inject.internal.InternalProvisionException.toProvisionException(InternalProvisionException.java:226)
	at com.google.inject.internal.InjectorImpl$1.get(InjectorImpl.java:1053)
	at com.google.inject.internal.InjectorImpl.getInstance(InjectorImpl.java:1086)
	at org.eclipse.sisu.space.AbstractDeferredClass.get(AbstractDeferredClass.java:48)
	at com.google.inject.internal.ProviderInternalFactory.provision(ProviderInternalFactory.java:85)
	at com.google.inject.internal.InternalFactoryToInitializableAdapter.provision(InternalFactoryToInitializableAdapter.java:57)
	at com.google.inject.internal.ProviderInternalFactory$1.call(ProviderInternalFactory.java:66)
	at com.google.inject.internal.ProvisionListenerStackCallback$Provision.provision(ProvisionListenerStackCallback.java:112)
	at com.google.inject.internal.ProvisionListenerStackCallback$Provision.provision(ProvisionListenerStackCallback.java:127)
	at com.google.inject.internal.ProvisionListenerStackCallback.provision(ProvisionListenerStackCallback.java:66)
	at com.google.inject.internal.ProviderInternalFactory.circularGet(ProviderInternalFactory.java:61)
	at com.google.inject.internal.InternalFactoryToInitializableAdapter.get(InternalFactoryToInitializableAdapter.java:47)
	at com.google.inject.internal.InjectorImpl$1.get(InjectorImpl.java:1050)
	at org.eclipse.sisu.inject.Guice4$1.get(Guice4.java:162)
	at org.eclipse.sisu.inject.LazyBeanEntry.getValue(LazyBeanEntry.java:81)
	at org.eclipse.sisu.plexus.LazyPlexusBean.getValue(LazyPlexusBean.java:51)
	at org.codehaus.plexus.DefaultPlexusContainer.lookup(DefaultPlexusContainer.java:263)
	at org.codehaus.plexus.DefaultPlexusContainer.lookup(DefaultPlexusContainer.java:255)
	at org.apache.maven.plugin.internal.DefaultMavenPluginManager.getConfiguredMojo(DefaultMavenPluginManager.java:520)
	at org.eclipse.m2e.core.internal.embedder.MavenImpl.getConfiguredMojo(MavenImpl.java:210)
	at org.eclipse.m2e.mavenarchiver.internal.AbstractMavenArchiverConfigurator.reflectManifestGeneration(AbstractMavenArchiverConfigurator.java:440)
	at org.eclipse.m2e.mavenarchiver.internal.AbstractMavenArchiverConfigurator.lambda$3(AbstractMavenArchiverConfigurator.java:399)
	at org.eclipse.m2e.core.internal.embedder.MavenExecutionContext.executeBare(MavenExecutionContext.java:394)
	at org.eclipse.m2e.core.internal.embedder.MavenExecutionContext.execute(MavenExecutionContext.java:275)
	at org.eclipse.m2e.core.internal.embedder.MavenExecutionContext.execute(MavenExecutionContext.java:214)
	at org.eclipse.m2e.mavenarchiver.internal.AbstractMavenArchiverConfigurator.generateManifest(AbstractMavenArchiverConfigurator.java:372)
	at org.eclipse.m2e.mavenarchiver.internal.AbstractMavenArchiverConfigurator.mavenProjectChanged(AbstractMavenArchiverConfigurator.java:229)
	at org.eclipse.m2e.mavenarchiver.internal.AbstractMavenArchiverConfigurator$1.build(AbstractMavenArchiverConfigurator.java:179)
	at org.eclipse.m2e.core.internal.builder.MavenBuilderImpl.lambda$1(MavenBuilderImpl.java:139)
	at java.base/java.util.LinkedHashMap.forEach(LinkedHashMap.java:721)
	at org.eclipse.m2e.core.internal.builder.MavenBuilderImpl.build(MavenBuilderImpl.java:122)
	at org.eclipse.m2e.core.internal.builder.MavenBuilder$1.method(MavenBuilder.java:164)
	at org.eclipse.m2e.core.internal.builder.MavenBuilder$1.method(MavenBuilder.java:1)
	at org.eclipse.m2e.core.internal.builder.MavenBuilder$BuildMethod.lambda$1(MavenBuilder.java:109)
	at org.eclipse.m2e.core.internal.embedder.MavenExecutionContext.executeBare(MavenExecutionContext.java:394)
	at org.eclipse.m2e.core.internal.embedder.MavenExecutionContext.execute(MavenExecutionContext.java:228)
	at org.eclipse.m2e.core.internal.builder.MavenBuilder$BuildMethod.lambda$0(MavenBuilder.java:100)
	at org.eclipse.m2e.core.internal.embedder.MavenExecutionContext.executeBare(MavenExecutionContext.java:394)
	at org.eclipse.m2e.core.internal.embedder.MavenExecutionContext.execute(MavenExecutionContext.java:275)
	at org.eclipse.m2e.core.internal.embedder.MavenExecutionContext.execute(MavenExecutionContext.java:214)
	at org.eclipse.m2e.core.internal.builder.MavenBuilder$BuildMethod.execute(MavenBuilder.java:83)
	at org.eclipse.m2e.core.internal.builder.MavenBuilder.build(MavenBuilder.java:192)
	at org.eclipse.core.internal.events.BuildManager$2.run(BuildManager.java:1020)
	at org.eclipse.core.runtime.SafeRunner.run(SafeRunner.java:45)
	at org.eclipse.core.internal.events.BuildManager.basicBuild(BuildManager.java:247)
	at org.eclipse.core.internal.events.BuildManager.basicBuild(BuildManager.java:303)
	at org.eclipse.core.internal.events.BuildManager$1.run(BuildManager.java:392)
	at org.eclipse.core.runtime.SafeRunner.run(SafeRunner.java:45)
	at org.eclipse.core.internal.events.BuildManager.basicBuild(BuildManager.java:395)
	at org.eclipse.core.internal.events.BuildManager.basicBuildLoop(BuildManager.java:506)
	at org.eclipse.core.internal.events.BuildManager.basicBuildLoop(BuildManager.java:454)
	at org.eclipse.core.internal.events.BuildManager.build(BuildManager.java:536)
	at org.eclipse.core.internal.events.AutoBuildJob.doBuild(AutoBuildJob.java:196)
	at org.eclipse.core.internal.events.AutoBuildJob.run(AutoBuildJob.java:289)
	at org.eclipse.core.internal.jobs.Worker.run(Worker.java:63)
Caused by: java.lang.NoClassDefFoundError: Could not initialize class org.apache.maven.plugin.war.util.WebappStructureSerializer
	at org.apache.maven.plugin.war.AbstractWarMojo.<init>(AbstractWarMojo.java:316)
	at org.apache.maven.plugin.war.WarMojo.<init>(WarMojo.java:49)
	at jdk.internal.reflect.GeneratedConstructorAccessor80.newInstance(Unknown Source)
	at java.base/jdk.internal.reflect.DelegatingConstructorAccessorImpl.newInstance(DelegatingConstructorAccessorImpl.java:45)
	at java.base/java.lang.reflect.Constructor.newInstanceWithCaller(Constructor.java:499)
	at java.base/java.lang.reflect.Constructor.newInstance(Constructor.java:480)
	at com.google.inject.internal.DefaultConstructionProxyFactory$ReflectiveProxy.newInstance(DefaultConstructionProxyFactory.java:126)
	at com.google.inject.internal.ConstructorInjector.provision(ConstructorInjector.java:114)
	at com.google.inject.internal.ConstructorInjector.access$000(ConstructorInjector.java:32)
	at com.google.inject.internal.ConstructorInjector$1.call(ConstructorInjector.java:98)
	at com.google.inject.internal.ProvisionListenerStackCallback$Provision.provision(ProvisionListenerStackCallback.java:112)
	at com.google.inject.internal.ProvisionListenerStackCallback$Provision.provision(ProvisionListenerStackCallback.java:127)
	at com.google.inject.internal.ProvisionListenerStackCallback.provision(ProvisionListenerStackCallback.java:66)
	at com.google.inject.internal.ConstructorInjector.construct(ConstructorInjector.java:93)
	at com.google.inject.internal.ConstructorBindingImpl$Factory.get(ConstructorBindingImpl.java:306)
	at com.google.inject.internal.InjectorImpl$1.get(InjectorImpl.java:1050)
	... 53 common frames omitted
2025-12-06 14:45:24,429 [Worker-15: Building] WARN  o.e.m.c.i.embedder.EclipseLogger - Using platform encoding (Cp1252 actually) to copy filtered resources, i.e. build is platform dependent!
2025-12-06 14:45:24,430 [Worker-15: Building] INFO  o.e.m.c.i.embedder.EclipseLogger - Copying 0 resource
2025-12-06 14:45:24,432 [Worker-15: Building] WARN  o.e.m.c.i.embedder.EclipseLogger - Using platform encoding (Cp1252 actually) to copy filtered resources, i.e. build is platform dependent!
2025-12-06 14:45:24,434 [Worker-15: Building] INFO  o.e.m.c.i.embedder.EclipseLogger - Copying 0 resource
2025-12-06 14:45:24,441 [Worker-15: Building] WARN  Sisu - Error injecting: org.apache.maven.plugin.war.WarMojo
com.google.inject.ProvisionException: Unable to provision, see the following errors:

1) Error injecting constructor, java.lang.NoClassDefFoundError: Could not initialize class org.apache.maven.plugin.war.util.WebappStructureSerializer
  at org.apache.maven.plugin.war.WarMojo.<init>(Unknown Source)
  while locating org.apache.maven.plugin.war.WarMojo

1 error
	at com.google.inject.internal.InternalProvisionException.toProvisionException(InternalProvisionException.java:226)
	at com.google.inject.internal.InjectorImpl$1.get(InjectorImpl.java:1053)
	at com.google.inject.internal.InjectorImpl.getInstance(InjectorImpl.java:1086)
	at org.eclipse.sisu.space.AbstractDeferredClass.get(AbstractDeferredClass.java:48)
	at com.google.inject.internal.ProviderInternalFactory.provision(ProviderInternalFactory.java:85)
	at com.google.inject.internal.InternalFactoryToInitializableAdapter.provision(InternalFactoryToInitializableAdapter.java:57)
	at com.google.inject.internal.ProviderInternalFactory$1.call(ProviderInternalFactory.java:66)
	at com.google.inject.internal.ProvisionListenerStackCallback$Provision.provision(ProvisionListenerStackCallback.java:112)
	at com.google.inject.internal.ProvisionListenerStackCallback$Provision.provision(ProvisionListenerStackCallback.java:127)
	at com.google.inject.internal.ProvisionListenerStackCallback.provision(ProvisionListenerStackCallback.java:66)
	at com.google.inject.internal.ProviderInternalFactory.circularGet(ProviderInternalFactory.java:61)
	at com.google.inject.internal.InternalFactoryToInitializableAdapter.get(InternalFactoryToInitializableAdapter.java:47)
	at com.google.inject.internal.InjectorImpl$1.get(InjectorImpl.java:1050)
	at org.eclipse.sisu.inject.Guice4$1.get(Guice4.java:162)
	at org.eclipse.sisu.inject.LazyBeanEntry.getValue(LazyBeanEntry.java:81)
	at org.eclipse.sisu.plexus.LazyPlexusBean.getValue(LazyPlexusBean.java:51)
	at org.codehaus.plexus.DefaultPlexusContainer.lookup(DefaultPlexusContainer.java:263)
	at org.codehaus.plexus.DefaultPlexusContainer.lookup(DefaultPlexusContainer.java:255)
	at org.apache.maven.plugin.internal.DefaultMavenPluginManager.getConfiguredMojo(DefaultMavenPluginManager.java:520)
	at org.eclipse.m2e.core.internal.embedder.MavenImpl.getConfiguredMojo(MavenImpl.java:210)
	at org.eclipse.m2e.mavenarchiver.internal.AbstractMavenArchiverConfigurator.reflectManifestGeneration(AbstractMavenArchiverConfigurator.java:440)
	at org.eclipse.m2e.mavenarchiver.internal.AbstractMavenArchiverConfigurator.lambda$3(AbstractMavenArchiverConfigurator.java:399)
	at org.eclipse.m2e.core.internal.embedder.MavenExecutionContext.executeBare(MavenExecutionContext.java:394)
	at org.eclipse.m2e.core.internal.embedder.MavenExecutionContext.execute(MavenExecutionContext.java:275)
	at org.eclipse.m2e.core.internal.embedder.MavenExecutionContext.execute(MavenExecutionContext.java:214)
	at org.eclipse.m2e.mavenarchiver.internal.AbstractMavenArchiverConfigurator.generateManifest(AbstractMavenArchiverConfigurator.java:372)
	at org.eclipse.m2e.mavenarchiver.internal.AbstractMavenArchiverConfigurator.mavenProjectChanged(AbstractMavenArchiverConfigurator.java:229)
	at org.eclipse.m2e.mavenarchiver.internal.AbstractMavenArchiverConfigurator$1.build(AbstractMavenArchiverConfigurator.java:179)
	at org.eclipse.m2e.core.internal.builder.MavenBuilderImpl.lambda$1(MavenBuilderImpl.java:139)
	at java.base/java.util.LinkedHashMap.forEach(LinkedHashMap.java:721)
	at org.eclipse.m2e.core.internal.builder.MavenBuilderImpl.build(MavenBuilderImpl.java:122)
	at org.eclipse.m2e.core.internal.builder.MavenBuilder$1.method(MavenBuilder.java:164)
	at org.eclipse.m2e.core.internal.builder.MavenBuilder$1.method(MavenBuilder.java:1)
	at org.eclipse.m2e.core.internal.builder.MavenBuilder$BuildMethod.lambda$1(MavenBuilder.java:109)
	at org.eclipse.m2e.core.internal.embedder.MavenExecutionContext.executeBare(MavenExecutionContext.java:394)
	at org.eclipse.m2e.core.internal.embedder.MavenExecutionContext.execute(MavenExecutionContext.java:228)
	at org.eclipse.m2e.core.internal.builder.MavenBuilder$BuildMethod.lambda$0(MavenBuilder.java:100)
	at org.eclipse.m2e.core.internal.embedder.MavenExecutionContext.executeBare(MavenExecutionContext.java:394)
	at org.eclipse.m2e.core.internal.embedder.MavenExecutionContext.execute(MavenExecutionContext.java:275)
	at org.eclipse.m2e.core.internal.embedder.MavenExecutionContext.execute(MavenExecutionContext.java:214)
	at org.eclipse.m2e.core.internal.builder.MavenBuilder$BuildMethod.execute(MavenBuilder.java:83)
	at org.eclipse.m2e.core.internal.builder.MavenBuilder.build(MavenBuilder.java:192)
	at org.eclipse.core.internal.events.BuildManager$2.run(BuildManager.java:1020)
	at org.eclipse.core.runtime.SafeRunner.run(SafeRunner.java:45)
	at org.eclipse.core.internal.events.BuildManager.basicBuild(BuildManager.java:247)
	at org.eclipse.core.internal.events.BuildManager.basicBuild(BuildManager.java:303)
	at org.eclipse.core.internal.events.BuildManager$1.run(BuildManager.java:392)
	at org.eclipse.core.runtime.SafeRunner.run(SafeRunner.java:45)
	at org.eclipse.core.internal.events.BuildManager.basicBuild(BuildManager.java:395)
	at org.eclipse.core.internal.events.BuildManager.basicBuildLoop(BuildManager.java:506)
	at org.eclipse.core.internal.events.BuildManager.basicBuildLoop(BuildManager.java:454)
	at org.eclipse.core.internal.events.BuildManager.build(BuildManager.java:536)
	at org.eclipse.core.internal.events.AutoBuildJob.doBuild(AutoBuildJob.java:196)
	at org.eclipse.core.internal.events.AutoBuildJob.run(AutoBuildJob.java:289)
	at org.eclipse.core.internal.jobs.Worker.run(Worker.java:63)
Caused by: java.lang.NoClassDefFoundError: Could not initialize class org.apache.maven.plugin.war.util.WebappStructureSerializer
	at org.apache.maven.plugin.war.AbstractWarMojo.<init>(AbstractWarMojo.java:316)
	at org.apache.maven.plugin.war.WarMojo.<init>(WarMojo.java:49)
	at jdk.internal.reflect.GeneratedConstructorAccessor80.newInstance(Unknown Source)
	at java.base/jdk.internal.reflect.DelegatingConstructorAccessorImpl.newInstance(DelegatingConstructorAccessorImpl.java:45)
	at java.base/java.lang.reflect.Constructor.newInstanceWithCaller(Constructor.java:499)
	at java.base/java.lang.reflect.Constructor.newInstance(Constructor.java:480)
	at com.google.inject.internal.DefaultConstructionProxyFactory$ReflectiveProxy.newInstance(DefaultConstructionProxyFactory.java:126)
	at com.google.inject.internal.ConstructorInjector.provision(ConstructorInjector.java:114)
	at com.google.inject.internal.ConstructorInjector.access$000(ConstructorInjector.java:32)
	at com.google.inject.internal.ConstructorInjector$1.call(ConstructorInjector.java:98)
	at com.google.inject.internal.ProvisionListenerStackCallback$Provision.provision(ProvisionListenerStackCallback.java:112)
	at com.google.inject.internal.ProvisionListenerStackCallback$Provision.provision(ProvisionListenerStackCallback.java:127)
	at com.google.inject.internal.ProvisionListenerStackCallback.provision(ProvisionListenerStackCallback.java:66)
	at com.google.inject.internal.ConstructorInjector.construct(ConstructorInjector.java:93)
	at com.google.inject.internal.ConstructorBindingImpl$Factory.get(ConstructorBindingImpl.java:306)
	at com.google.inject.internal.InjectorImpl$1.get(InjectorImpl.java:1050)
	... 53 common frames omitted
2025-12-06 14:45:52,654 [Worker-18: Launching Executing clean in C__Users_IET_Desktop_VipulPriyanka_Web_Based_ Java_Day15 Spring_MySpringMVCDemo] INFO  o.eclipse.m2e.core.internal.Bundles - getClasspathEntries(Bundle=org.eclipse.m2e.maven.runtime_3.8.701.20230209-1606 [610])
2025-12-06 14:45:52,675 [Worker-18: Launching Executing clean in C__Users_IET_Desktop_VipulPriyanka_Web_Based_ Java_Day15 Spring_MySpringMVCDemo] INFO  o.eclipse.m2e.core.internal.Bundles - 	Entry: C:\Users\IET\Desktop\Ele\eclipse\plugins\org.eclipse.m2e.maven.runtime_3.8.701.20230209-1606
2025-12-06 14:45:52,676 [Worker-18: Launching Executing clean in C__Users_IET_Desktop_VipulPriyanka_Web_Based_ Java_Day15 Spring_MySpringMVCDemo] INFO  o.eclipse.m2e.core.internal.Bundles - 	Entry: C:\Users\IET\Desktop\Ele\eclipse\plugins\org.eclipse.m2e.maven.runtime_3.8.701.20230209-1606\jars\aether-connector-okhttp-0.17.8.jar
2025-12-06 14:45:52,676 [Worker-18: Launching Executing clean in C__Users_IET_Desktop_VipulPriyanka_Web_Based_ Java_Day15 Spring_MySpringMVCDemo] INFO  o.eclipse.m2e.core.internal.Bundles - 	Entry: C:\Users\IET\Desktop\Ele\eclipse\plugins\org.eclipse.m2e.maven.runtime_3.8.701.20230209-1606\jars\commons-lang3-3.8.1.jar
2025-12-06 14:45:52,676 [Worker-18: Launching Executing clean in C__Users_IET_Desktop_VipulPriyanka_Web_Based_ Java_Day15 Spring_MySpringMVCDemo] INFO  o.eclipse.m2e.core.internal.Bundles - 	Entry: C:\Users\IET\Desktop\Ele\eclipse\plugins\org.eclipse.m2e.maven.runtime_3.8.701.20230209-1606\jars\guice-4.2.2-no_aop.jar
2025-12-06 14:45:52,676 [Worker-18: Launching Executing clean in C__Users_IET_Desktop_VipulPriyanka_Web_Based_ Java_Day15 Spring_MySpringMVCDemo] INFO  o.eclipse.m2e.core.internal.Bundles - 	Entry: C:\Users\IET\Desktop\Ele\eclipse\plugins\org.eclipse.m2e.maven.runtime_3.8.701.20230209-1606\jars\jansi-2.4.0.jar
2025-12-06 14:45:52,677 [Worker-18: Launching Executing clean in C__Users_IET_Desktop_VipulPriyanka_Web_Based_ Java_Day15 Spring_MySpringMVCDemo] INFO  o.eclipse.m2e.core.internal.Bundles - 	Entry: C:\Users\IET\Desktop\Ele\eclipse\plugins\org.eclipse.m2e.maven.runtime_3.8.701.20230209-1606\jars\maven-artifact-3.8.7.jar
2025-12-06 14:45:52,677 [Worker-18: Launching Executing clean in C__Users_IET_Desktop_VipulPriyanka_Web_Based_ Java_Day15 Spring_MySpringMVCDemo] INFO  o.eclipse.m2e.core.internal.Bundles - 	Entry: C:\Users\IET\Desktop\Ele\eclipse\plugins\org.eclipse.m2e.maven.runtime_3.8.701.20230209-1606\jars\maven-builder-support-3.8.7.jar
2025-12-06 14:45:52,677 [Worker-18: Launching Executing clean in C__Users_IET_Desktop_VipulPriyanka_Web_Based_ Java_Day15 Spring_MySpringMVCDemo] INFO  o.eclipse.m2e.core.internal.Bundles - 	Entry: C:\Users\IET\Desktop\Ele\eclipse\plugins\org.eclipse.m2e.maven.runtime_3.8.701.20230209-1606\jars\maven-compat-3.8.7.jar
2025-12-06 14:45:52,677 [Worker-18: Launching Executing clean in C__Users_IET_Desktop_VipulPriyanka_Web_Based_ Java_Day15 Spring_MySpringMVCDemo] INFO  o.eclipse.m2e.core.internal.Bundles - 	Entry: C:\Users\IET\Desktop\Ele\eclipse\plugins\org.eclipse.m2e.maven.runtime_3.8.701.20230209-1606\jars\maven-core-3.8.7.jar
2025-12-06 14:45:52,678 [Worker-18: Launching Executing clean in C__Users_IET_Desktop_VipulPriyanka_Web_Based_ Java_Day15 Spring_MySpringMVCDemo] INFO  o.eclipse.m2e.core.internal.Bundles - 	Entry: C:\Users\IET\Desktop\Ele\eclipse\plugins\org.eclipse.m2e.maven.runtime_3.8.701.20230209-1606\jars\maven-embedder-3.8.7.jar
2025-12-06 14:45:52,678 [Worker-18: Launching Executing clean in C__Users_IET_Desktop_VipulPriyanka_Web_Based_ Java_Day15 Spring_MySpringMVCDemo] INFO  o.eclipse.m2e.core.internal.Bundles - 	Entry: C:\Users\IET\Desktop\Ele\eclipse\plugins\org.eclipse.m2e.maven.runtime_3.8.701.20230209-1606\jars\maven-model-3.8.7.jar
2025-12-06 14:45:52,678 [Worker-18: Launching Executing clean in C__Users_IET_Desktop_VipulPriyanka_Web_Based_ Java_Day15 Spring_MySpringMVCDemo] INFO  o.eclipse.m2e.core.internal.Bundles - 	Entry: C:\Users\IET\Desktop\Ele\eclipse\plugins\org.eclipse.m2e.maven.runtime_3.8.701.20230209-1606\jars\maven-model-builder-3.8.7.jar
2025-12-06 14:45:52,678 [Worker-18: Launching Executing clean in C__Users_IET_Desktop_VipulPriyanka_Web_Based_ Java_Day15 Spring_MySpringMVCDemo] INFO  o.eclipse.m2e.core.internal.Bundles - 	Entry: C:\Users\IET\Desktop\Ele\eclipse\plugins\org.eclipse.m2e.maven.runtime_3.8.701.20230209-1606\jars\maven-plugin-api-3.8.7.jar
2025-12-06 14:45:52,678 [Worker-18: Launching Executing clean in C__Users_IET_Desktop_VipulPriyanka_Web_Based_ Java_Day15 Spring_MySpringMVCDemo] INFO  o.eclipse.m2e.core.internal.Bundles - 	Entry: C:\Users\IET\Desktop\Ele\eclipse\plugins\org.eclipse.m2e.maven.runtime_3.8.701.20230209-1606\jars\maven-repository-metadata-3.8.7.jar
2025-12-06 14:45:52,679 [Worker-18: Launching Executing clean in C__Users_IET_Desktop_VipulPriyanka_Web_Based_ Java_Day15 Spring_MySpringMVCDemo] INFO  o.eclipse.m2e.core.internal.Bundles - 	Entry: C:\Users\IET\Desktop\Ele\eclipse\plugins\org.eclipse.m2e.maven.runtime_3.8.701.20230209-1606\jars\maven-resolver-api-1.6.3.jar
2025-12-06 14:45:52,679 [Worker-18: Launching Executing clean in C__Users_IET_Desktop_VipulPriyanka_Web_Based_ Java_Day15 Spring_MySpringMVCDemo] INFO  o.eclipse.m2e.core.internal.Bundles - 	Entry: C:\Users\IET\Desktop\Ele\eclipse\plugins\org.eclipse.m2e.maven.runtime_3.8.701.20230209-1606\jars\maven-resolver-connector-basic-1.6.3.jar
2025-12-06 14:45:52,679 [Worker-18: Launching Executing clean in C__Users_IET_Desktop_VipulPriyanka_Web_Based_ Java_Day15 Spring_MySpringMVCDemo] INFO  o.eclipse.m2e.core.internal.Bundles - 	Entry: C:\Users\IET\Desktop\Ele\eclipse\plugins\org.eclipse.m2e.maven.runtime_3.8.701.20230209-1606\jars\maven-resolver-impl-1.6.3.jar
2025-12-06 14:45:52,679 [Worker-18: Launching Executing clean in C__Users_IET_Desktop_VipulPriyanka_Web_Based_ Java_Day15 Spring_MySpringMVCDemo] INFO  o.eclipse.m2e.core.internal.Bundles - 	Entry: C:\Users\IET\Desktop\Ele\eclipse\plugins\org.eclipse.m2e.maven.runtime_3.8.701.20230209-1606\jars\maven-resolver-provider-3.8.7.jar
2025-12-06 14:45:52,679 [Worker-18: Launching Executing clean in C__Users_IET_Desktop_VipulPriyanka_Web_Based_ Java_Day15 Spring_MySpringMVCDemo] INFO  o.eclipse.m2e.core.internal.Bundles - 	Entry: C:\Users\IET\Desktop\Ele\eclipse\plugins\org.eclipse.m2e.maven.runtime_3.8.701.20230209-1606\jars\maven-resolver-spi-1.6.3.jar
2025-12-06 14:45:52,680 [Worker-18: Launching Executing clean in C__Users_IET_Desktop_VipulPriyanka_Web_Based_ Java_Day15 Spring_MySpringMVCDemo] INFO  o.eclipse.m2e.core.internal.Bundles - 	Entry: C:\Users\IET\Desktop\Ele\eclipse\plugins\org.eclipse.m2e.maven.runtime_3.8.701.20230209-1606\jars\maven-resolver-transport-wagon-1.6.3.jar
2025-12-06 14:45:52,680 [Worker-18: Launching Executing clean in C__Users_IET_Desktop_VipulPriyanka_Web_Based_ Java_Day15 Spring_MySpringMVCDemo] INFO  o.eclipse.m2e.core.internal.Bundles - 	Entry: C:\Users\IET\Desktop\Ele\eclipse\plugins\org.eclipse.m2e.maven.runtime_3.8.701.20230209-1606\jars\maven-resolver-util-1.6.3.jar
2025-12-06 14:45:52,680 [Worker-18: Launching Executing clean in C__Users_IET_Desktop_VipulPriyanka_Web_Based_ Java_Day15 Spring_MySpringMVCDemo] INFO  o.eclipse.m2e.core.internal.Bundles - 	Entry: C:\Users\IET\Desktop\Ele\eclipse\plugins\org.eclipse.m2e.maven.runtime_3.8.701.20230209-1606\jars\maven-settings-3.8.7.jar
2025-12-06 14:45:52,680 [Worker-18: Launching Executing clean in C__Users_IET_Desktop_VipulPriyanka_Web_Based_ Java_Day15 Spring_MySpringMVCDemo] INFO  o.eclipse.m2e.core.internal.Bundles - 	Entry: C:\Users\IET\Desktop\Ele\eclipse\plugins\org.eclipse.m2e.maven.runtime_3.8.701.20230209-1606\jars\maven-settings-builder-3.8.7.jar
2025-12-06 14:45:52,680 [Worker-18: Launching Executing clean in C__Users_IET_Desktop_VipulPriyanka_Web_Based_ Java_Day15 Spring_MySpringMVCDemo] INFO  o.eclipse.m2e.core.internal.Bundles - 	Entry: C:\Users\IET\Desktop\Ele\eclipse\plugins\org.eclipse.m2e.maven.runtime_3.8.701.20230209-1606\jars\maven-shared-utils-3.3.4.jar
2025-12-06 14:45:52,681 [Worker-18: Launching Executing clean in C__Users_IET_Desktop_VipulPriyanka_Web_Based_ Java_Day15 Spring_MySpringMVCDemo] INFO  o.eclipse.m2e.core.internal.Bundles - 	Entry: C:\Users\IET\Desktop\Ele\eclipse\plugins\org.eclipse.m2e.maven.runtime_3.8.701.20230209-1606\jars\okhttp-3.14.1.jar
2025-12-06 14:45:52,681 [Worker-18: Launching Executing clean in C__Users_IET_Desktop_VipulPriyanka_Web_Based_ Java_Day15 Spring_MySpringMVCDemo] INFO  o.eclipse.m2e.core.internal.Bundles - 	Entry: C:\Users\IET\Desktop\Ele\eclipse\plugins\org.eclipse.m2e.maven.runtime_3.8.701.20230209-1606\jars\okio-1.17.3.jar
2025-12-06 14:45:52,681 [Worker-18: Launching Executing clean in C__Users_IET_Desktop_VipulPriyanka_Web_Based_ Java_Day15 Spring_MySpringMVCDemo] INFO  o.eclipse.m2e.core.internal.Bundles - 	Entry: C:\Users\IET\Desktop\Ele\eclipse\plugins\org.eclipse.m2e.maven.runtime_3.8.701.20230209-1606\jars\org.eclipse.sisu.inject-0.3.5.jar
2025-12-06 14:45:52,681 [Worker-18: Launching Executing clean in C__Users_IET_Desktop_VipulPriyanka_Web_Based_ Java_Day15 Spring_MySpringMVCDemo] INFO  o.eclipse.m2e.core.internal.Bundles - 	Entry: C:\Users\IET\Desktop\Ele\eclipse\plugins\org.eclipse.m2e.maven.runtime_3.8.701.20230209-1606\jars\org.eclipse.sisu.plexus-0.3.5.jar
2025-12-06 14:45:52,681 [Worker-18: Launching Executing clean in C__Users_IET_Desktop_VipulPriyanka_Web_Based_ Java_Day15 Spring_MySpringMVCDemo] INFO  o.eclipse.m2e.core.internal.Bundles - 	Entry: C:\Users\IET\Desktop\Ele\eclipse\plugins\org.eclipse.m2e.maven.runtime_3.8.701.20230209-1606\jars\plexus-build-api-0.0.7.jar
2025-12-06 14:45:52,682 [Worker-18: Launching Executing clean in C__Users_IET_Desktop_VipulPriyanka_Web_Based_ Java_Day15 Spring_MySpringMVCDemo] INFO  o.eclipse.m2e.core.internal.Bundles - 	Entry: C:\Users\IET\Desktop\Ele\eclipse\plugins\org.eclipse.m2e.maven.runtime_3.8.701.20230209-1606\jars\plexus-cipher-2.0.jar
2025-12-06 14:45:52,682 [Worker-18: Launching Executing clean in C__Users_IET_Desktop_VipulPriyanka_Web_Based_ Java_Day15 Spring_MySpringMVCDemo] INFO  o.eclipse.m2e.core.internal.Bundles - 	Entry: C:\Users\IET\Desktop\Ele\eclipse\plugins\org.eclipse.m2e.maven.runtime_3.8.701.20230209-1606\jars\plexus-classworlds-2.6.0.jar
2025-12-06 14:45:52,682 [Worker-18: Launching Executing clean in C__Users_IET_Desktop_VipulPriyanka_Web_Based_ Java_Day15 Spring_MySpringMVCDemo] INFO  o.eclipse.m2e.core.internal.Bundles - 	Entry: C:\Users\IET\Desktop\Ele\eclipse\plugins\org.eclipse.m2e.maven.runtime_3.8.701.20230209-1606\jars\plexus-component-annotations-2.1.0.jar
2025-12-06 14:45:52,682 [Worker-18: Launching Executing clean in C__Users_IET_Desktop_VipulPriyanka_Web_Based_ Java_Day15 Spring_MySpringMVCDemo] INFO  o.eclipse.m2e.core.internal.Bundles - 	Entry: C:\Users\IET\Desktop\Ele\eclipse\plugins\org.eclipse.m2e.maven.runtime_3.8.701.20230209-1606\jars\plexus-interpolation-1.26.jar
2025-12-06 14:45:52,682 [Worker-18: Launching Executing clean in C__Users_IET_Desktop_VipulPriyanka_Web_Based_ Java_Day15 Spring_MySpringMVCDemo] INFO  o.eclipse.m2e.core.internal.Bundles - 	Entry: C:\Users\IET\Desktop\Ele\eclipse\plugins\org.eclipse.m2e.maven.runtime_3.8.701.20230209-1606\jars\plexus-sec-dispatcher-2.0.jar
2025-12-06 14:45:52,683 [Worker-18: Launching Executing clean in C__Users_IET_Desktop_VipulPriyanka_Web_Based_ Java_Day15 Spring_MySpringMVCDemo] INFO  o.eclipse.m2e.core.internal.Bundles - 	Entry: C:\Users\IET\Desktop\Ele\eclipse\plugins\org.eclipse.m2e.maven.runtime_3.8.701.20230209-1606\jars\plexus-utils-3.3.1.jar
2025-12-06 14:45:52,683 [Worker-18: Launching Executing clean in C__Users_IET_Desktop_VipulPriyanka_Web_Based_ Java_Day15 Spring_MySpringMVCDemo] INFO  o.eclipse.m2e.core.internal.Bundles - 	Entry: C:\Users\IET\Desktop\Ele\eclipse\plugins\org.eclipse.m2e.maven.runtime_3.8.701.20230209-1606\jars\wagon-file-3.5.3.jar
2025-12-06 14:45:52,683 [Worker-18: Launching Executing clean in C__Users_IET_Desktop_VipulPriyanka_Web_Based_ Java_Day15 Spring_MySpringMVCDemo] INFO  o.eclipse.m2e.core.internal.Bundles - 	Entry: C:\Users\IET\Desktop\Ele\eclipse\plugins\org.eclipse.m2e.maven.runtime_3.8.701.20230209-1606\jars\wagon-provider-api-3.5.3.jar
2025-12-06 14:45:52,684 [Worker-18: Launching Executing clean in C__Users_IET_Desktop_VipulPriyanka_Web_Based_ Java_Day15 Spring_MySpringMVCDemo] INFO  o.eclipse.m2e.core.internal.Bundles - getClasspathEntries(Bundle=com.google.guava_31.1.0.jre [11])
2025-12-06 14:45:52,685 [Worker-18: Launching Executing clean in C__Users_IET_Desktop_VipulPriyanka_Web_Based_ Java_Day15 Spring_MySpringMVCDemo] INFO  o.eclipse.m2e.core.internal.Bundles - 	Entry: C:\Users\IET\Desktop\Ele\eclipse\plugins\com.google.guava_31.1.0.jre.jar
2025-12-06 14:45:52,685 [Worker-18: Launching Executing clean in C__Users_IET_Desktop_VipulPriyanka_Web_Based_ Java_Day15 Spring_MySpringMVCDemo] INFO  o.eclipse.m2e.core.internal.Bundles - getClasspathEntries(Bundle=slf4j.api_1.7.36 [924])
2025-12-06 14:45:52,686 [Worker-18: Launching Executing clean in C__Users_IET_Desktop_VipulPriyanka_Web_Based_ Java_Day15 Spring_MySpringMVCDemo] INFO  o.eclipse.m2e.core.internal.Bundles - 	Entry: C:\Users\IET\Desktop\Ele\eclipse\plugins\slf4j.api_1.7.36.jar
2025-12-06 14:45:52,686 [Worker-18: Launching Executing clean in C__Users_IET_Desktop_VipulPriyanka_Web_Based_ Java_Day15 Spring_MySpringMVCDemo] INFO  o.eclipse.m2e.core.internal.Bundles - getClasspathEntries(Bundle=javax.inject_1.0.0.v20220405-0441 [35])
2025-12-06 14:45:52,687 [Worker-18: Launching Executing clean in C__Users_IET_Desktop_VipulPriyanka_Web_Based_ Java_Day15 Spring_MySpringMVCDemo] INFO  o.eclipse.m2e.core.internal.Bundles - 	Entry: C:\Users\IET\Desktop\Ele\eclipse\plugins\javax.inject_1.0.0.v20220405-0441.jar
2025-12-06 14:45:52,687 [Worker-18: Launching Executing clean in C__Users_IET_Desktop_VipulPriyanka_Web_Based_ Java_Day15 Spring_MySpringMVCDemo] INFO  o.eclipse.m2e.core.internal.Bundles - getClasspathEntries(Bundle=javax.annotation_1.3.5.v20221203-1659 [33])
2025-12-06 14:45:53,093 [Worker-18: Launching Executing clean in C__Users_IET_Desktop_VipulPriyanka_Web_Based_ Java_Day15 Spring_MySpringMVCDemo] INFO  o.eclipse.m2e.core.internal.Bundles - 	Entry: C:\Users\IET\Desktop\Ele\eclipse\plugins\javax.annotation_1.3.5.v20221203-1659.jar
2025-12-06 14:45:53,093 [Worker-18: Launching Executing clean in C__Users_IET_Desktop_VipulPriyanka_Web_Based_ Java_Day15 Spring_MySpringMVCDemo] INFO  o.eclipse.m2e.core.internal.Bundles - getClasspathEntries(Bundle=org.apache.commons.cli_1.4.0.v20221112-0806 [67])
2025-12-06 14:45:53,094 [Worker-18: Launching Executing clean in C__Users_IET_Desktop_VipulPriyanka_Web_Based_ Java_Day15 Spring_MySpringMVCDemo] INFO  o.eclipse.m2e.core.internal.Bundles - 	Entry: C:\Users\IET\Desktop\Ele\eclipse\plugins\org.apache.commons.cli_1.4.0.v20221112-0806.jar
2025-12-06 14:45:53,094 [Worker-18: Launching Executing clean in C__Users_IET_Desktop_VipulPriyanka_Web_Based_ Java_Day15 Spring_MySpringMVCDemo] INFO  o.eclipse.m2e.core.internal.Bundles - getClasspathEntries(Bundle=com.google.guava.failureaccess_1.0.1 [13])
2025-12-06 14:45:53,196 [Worker-18: Launching Executing clean in C__Users_IET_Desktop_VipulPriyanka_Web_Based_ Java_Day15 Spring_MySpringMVCDemo] INFO  o.eclipse.m2e.core.internal.Bundles - 	Entry: C:\Users\IET\Desktop\Ele\eclipse\plugins\com.google.guava.failureaccess_1.0.1.jar
2025-12-06 14:45:53,200 [Worker-18: Launching Executing clean in C__Users_IET_Desktop_VipulPriyanka_Web_Based_ Java_Day15 Spring_MySpringMVCDemo] INFO  o.e.m.i.launch.MavenLaunchDelegate - Run build in "C:\Users\IET\Desktop\VipulPriyanka\Web_Based_ Java\Day15 Spring\MySpringMVCDemo":
2025-12-06 14:45:53,204 [Worker-18: Launching Executing clean in C__Users_IET_Desktop_VipulPriyanka_Web_Based_ Java_Day15 Spring_MySpringMVCDemo] INFO  o.e.m.i.launch.MavenLaunchDelegate -  mvn  -B -Dstyle.color=always clean
2025-12-06 14:46:07,077 [main] INFO  o.e.m2e.actions.ExecutePomAction - Creating new launch configuration
2025-12-06 14:46:16,708 [Worker-15: Launching MySpringMVCDemo] INFO  o.e.m.i.launch.MavenLaunchDelegate - Run build in "C:\Users\IET\Desktop\VipulPriyanka\Web_Based_ Java\Day15 Spring\MySpringMVCDemo":
2025-12-06 14:46:16,708 [Worker-15: Launching MySpringMVCDemo] INFO  o.e.m.i.launch.MavenLaunchDelegate -  mvn  -B -Dstyle.color=always install
2025-12-06 14:46:16,892 [Worker-17: Building] WARN  o.e.m.c.i.embedder.EclipseLogger - Using platform encoding (Cp1252 actually) to copy filtered resources, i.e. build is platform dependent!
2025-12-06 14:46:16,894 [Worker-17: Building] INFO  o.e.m.c.i.embedder.EclipseLogger - Copying 0 resource
2025-12-06 14:46:16,896 [Worker-17: Building] WARN  o.e.m.c.i.embedder.EclipseLogger - Using platform encoding (Cp1252 actually) to copy filtered resources, i.e. build is platform dependent!
2025-12-06 14:46:16,898 [Worker-17: Building] INFO  o.e.m.c.i.embedder.EclipseLogger - Copying 0 resource
2025-12-06 14:46:16,898 [Worker-17: Building] INFO  o.e.m.w.i.f.ResourceFilteringBuildParticipant - Changed resources require a complete clean of filtered resources of MySpringMVCDemo
2025-12-06 14:46:16,898 [Worker-17: Building] INFO  o.e.m.w.i.f.ResourceFilteringBuildParticipant - Executing resource filtering for MySpringMVCDemo
2025-12-06 14:46:16,905 [Worker-17: Building] WARN  Sisu - Error injecting: org.apache.maven.plugin.war.WarMojo
com.google.inject.ProvisionException: Unable to provision, see the following errors:

1) Error injecting constructor, java.lang.NoClassDefFoundError: Could not initialize class org.apache.maven.plugin.war.util.WebappStructureSerializer
  at org.apache.maven.plugin.war.WarMojo.<init>(Unknown Source)
  while locating org.apache.maven.plugin.war.WarMojo

1 error
	at com.google.inject.internal.InternalProvisionException.toProvisionException(InternalProvisionException.java:226)
	at com.google.inject.internal.InjectorImpl$1.get(InjectorImpl.java:1053)
	at com.google.inject.internal.InjectorImpl.getInstance(InjectorImpl.java:1086)
	at org.eclipse.sisu.space.AbstractDeferredClass.get(AbstractDeferredClass.java:48)
	at com.google.inject.internal.ProviderInternalFactory.provision(ProviderInternalFactory.java:85)
	at com.google.inject.internal.InternalFactoryToInitializableAdapter.provision(InternalFactoryToInitializableAdapter.java:57)
	at com.google.inject.internal.ProviderInternalFactory$1.call(ProviderInternalFactory.java:66)
	at com.google.inject.internal.ProvisionListenerStackCallback$Provision.provision(ProvisionListenerStackCallback.java:112)
	at com.google.inject.internal.ProvisionListenerStackCallback$Provision.provision(ProvisionListenerStackCallback.java:127)
	at com.google.inject.internal.ProvisionListenerStackCallback.provision(ProvisionListenerStackCallback.java:66)
	at com.google.inject.internal.ProviderInternalFactory.circularGet(ProviderInternalFactory.java:61)
	at com.google.inject.internal.InternalFactoryToInitializableAdapter.get(InternalFactoryToInitializableAdapter.java:47)
	at com.google.inject.internal.InjectorImpl$1.get(InjectorImpl.java:1050)
	at org.eclipse.sisu.inject.Guice4$1.get(Guice4.java:162)
	at org.eclipse.sisu.inject.LazyBeanEntry.getValue(LazyBeanEntry.java:81)
	at org.eclipse.sisu.plexus.LazyPlexusBean.getValue(LazyPlexusBean.java:51)
	at org.codehaus.plexus.DefaultPlexusContainer.lookup(DefaultPlexusContainer.java:263)
	at org.codehaus.plexus.DefaultPlexusContainer.lookup(DefaultPlexusContainer.java:255)
	at org.apache.maven.plugin.internal.DefaultMavenPluginManager.getConfiguredMojo(DefaultMavenPluginManager.java:520)
	at org.eclipse.m2e.core.internal.embedder.MavenImpl.getConfiguredMojo(MavenImpl.java:210)
	at org.eclipse.m2e.mavenarchiver.internal.AbstractMavenArchiverConfigurator.reflectManifestGeneration(AbstractMavenArchiverConfigurator.java:440)
	at org.eclipse.m2e.mavenarchiver.internal.AbstractMavenArchiverConfigurator.lambda$3(AbstractMavenArchiverConfigurator.java:399)
	at org.eclipse.m2e.core.internal.embedder.MavenExecutionContext.executeBare(MavenExecutionContext.java:394)
	at org.eclipse.m2e.core.internal.embedder.MavenExecutionContext.execute(MavenExecutionContext.java:275)
	at org.eclipse.m2e.core.internal.embedder.MavenExecutionContext.execute(MavenExecutionContext.java:214)
	at org.eclipse.m2e.mavenarchiver.internal.AbstractMavenArchiverConfigurator.generateManifest(AbstractMavenArchiverConfigurator.java:372)
	at org.eclipse.m2e.mavenarchiver.internal.AbstractMavenArchiverConfigurator.mavenProjectChanged(AbstractMavenArchiverConfigurator.java:229)
	at org.eclipse.m2e.mavenarchiver.internal.AbstractMavenArchiverConfigurator$1.build(AbstractMavenArchiverConfigurator.java:179)
	at org.eclipse.m2e.core.internal.builder.MavenBuilderImpl.lambda$1(MavenBuilderImpl.java:139)
	at java.base/java.util.LinkedHashMap.forEach(LinkedHashMap.java:721)
	at org.eclipse.m2e.core.internal.builder.MavenBuilderImpl.build(MavenBuilderImpl.java:122)
	at org.eclipse.m2e.core.internal.builder.MavenBuilder$1.method(MavenBuilder.java:164)
	at org.eclipse.m2e.core.internal.builder.MavenBuilder$1.method(MavenBuilder.java:1)
	at org.eclipse.m2e.core.internal.builder.MavenBuilder$BuildMethod.lambda$1(MavenBuilder.java:109)
	at org.eclipse.m2e.core.internal.embedder.MavenExecutionContext.executeBare(MavenExecutionContext.java:394)
	at org.eclipse.m2e.core.internal.embedder.MavenExecutionContext.execute(MavenExecutionContext.java:228)
	at org.eclipse.m2e.core.internal.builder.MavenBuilder$BuildMethod.lambda$0(MavenBuilder.java:100)
	at org.eclipse.m2e.core.internal.embedder.MavenExecutionContext.executeBare(MavenExecutionContext.java:394)
	at org.eclipse.m2e.core.internal.embedder.MavenExecutionContext.execute(MavenExecutionContext.java:275)
	at org.eclipse.m2e.core.internal.embedder.MavenExecutionContext.execute(MavenExecutionContext.java:214)
	at org.eclipse.m2e.core.internal.builder.MavenBuilder$BuildMethod.execute(MavenBuilder.java:83)
	at org.eclipse.m2e.core.internal.builder.MavenBuilder.build(MavenBuilder.java:192)
	at org.eclipse.core.internal.events.BuildManager$2.run(BuildManager.java:1020)
	at org.eclipse.core.runtime.SafeRunner.run(SafeRunner.java:45)
	at org.eclipse.core.internal.events.BuildManager.basicBuild(BuildManager.java:247)
	at org.eclipse.core.internal.events.BuildManager.basicBuild(BuildManager.java:303)
	at org.eclipse.core.internal.events.BuildManager$1.run(BuildManager.java:392)
	at org.eclipse.core.runtime.SafeRunner.run(SafeRunner.java:45)
	at org.eclipse.core.internal.events.BuildManager.basicBuild(BuildManager.java:395)
	at org.eclipse.core.internal.events.BuildManager.basicBuildLoop(BuildManager.java:506)
	at org.eclipse.core.internal.events.BuildManager.basicBuildLoop(BuildManager.java:454)
	at org.eclipse.core.internal.events.BuildManager.build(BuildManager.java:536)
	at org.eclipse.core.internal.events.AutoBuildJob.doBuild(AutoBuildJob.java:196)
	at org.eclipse.core.internal.events.AutoBuildJob.run(AutoBuildJob.java:289)
	at org.eclipse.core.internal.jobs.Worker.run(Worker.java:63)
Caused by: java.lang.NoClassDefFoundError: Could not initialize class org.apache.maven.plugin.war.util.WebappStructureSerializer
	at org.apache.maven.plugin.war.AbstractWarMojo.<init>(AbstractWarMojo.java:316)
	at org.apache.maven.plugin.war.WarMojo.<init>(WarMojo.java:49)
	at jdk.internal.reflect.GeneratedConstructorAccessor80.newInstance(Unknown Source)
	at java.base/jdk.internal.reflect.DelegatingConstructorAccessorImpl.newInstance(DelegatingConstructorAccessorImpl.java:45)
	at java.base/java.lang.reflect.Constructor.newInstanceWithCaller(Constructor.java:499)
	at java.base/java.lang.reflect.Constructor.newInstance(Constructor.java:480)
	at com.google.inject.internal.DefaultConstructionProxyFactory$ReflectiveProxy.newInstance(DefaultConstructionProxyFactory.java:126)
	at com.google.inject.internal.ConstructorInjector.provision(ConstructorInjector.java:114)
	at com.google.inject.internal.ConstructorInjector.access$000(ConstructorInjector.java:32)
	at com.google.inject.internal.ConstructorInjector$1.call(ConstructorInjector.java:98)
	at com.google.inject.internal.ProvisionListenerStackCallback$Provision.provision(ProvisionListenerStackCallback.java:112)
	at com.google.inject.internal.ProvisionListenerStackCallback$Provision.provision(ProvisionListenerStackCallback.java:127)
	at com.google.inject.internal.ProvisionListenerStackCallback.provision(ProvisionListenerStackCallback.java:66)
	at com.google.inject.internal.ConstructorInjector.construct(ConstructorInjector.java:93)
	at com.google.inject.internal.ConstructorBindingImpl$Factory.get(ConstructorBindingImpl.java:306)
	at com.google.inject.internal.InjectorImpl$1.get(InjectorImpl.java:1050)
	... 53 common frames omitted
2025-12-06 14:46:42,954 [Worker-17: Building] WARN  o.e.m.c.i.embedder.EclipseLogger - Using platform encoding (Cp1252 actually) to copy filtered resources, i.e. build is platform dependent!
2025-12-06 14:46:42,955 [Worker-17: Building] INFO  o.e.m.c.i.embedder.EclipseLogger - Copying 0 resource
2025-12-06 14:46:42,958 [Worker-17: Building] WARN  o.e.m.c.i.embedder.EclipseLogger - Using platform encoding (Cp1252 actually) to copy filtered resources, i.e. build is platform dependent!
2025-12-06 14:46:42,960 [Worker-17: Building] INFO  o.e.m.c.i.embedder.EclipseLogger - Copying 0 resource
2025-12-06 14:46:42,966 [Worker-17: Building] WARN  Sisu - Error injecting: org.apache.maven.plugin.war.WarMojo
com.google.inject.ProvisionException: Unable to provision, see the following errors:

1) Error injecting constructor, java.lang.NoClassDefFoundError: Could not initialize class org.apache.maven.plugin.war.util.WebappStructureSerializer
  at org.apache.maven.plugin.war.WarMojo.<init>(Unknown Source)
  while locating org.apache.maven.plugin.war.WarMojo

1 error
	at com.google.inject.internal.InternalProvisionException.toProvisionException(InternalProvisionException.java:226)
	at com.google.inject.internal.InjectorImpl$1.get(InjectorImpl.java:1053)
	at com.google.inject.internal.InjectorImpl.getInstance(InjectorImpl.java:1086)
	at org.eclipse.sisu.space.AbstractDeferredClass.get(AbstractDeferredClass.java:48)
	at com.google.inject.internal.ProviderInternalFactory.provision(ProviderInternalFactory.java:85)
	at com.google.inject.internal.InternalFactoryToInitializableAdapter.provision(InternalFactoryToInitializableAdapter.java:57)
	at com.google.inject.internal.ProviderInternalFactory$1.call(ProviderInternalFactory.java:66)
	at com.google.inject.internal.ProvisionListenerStackCallback$Provision.provision(ProvisionListenerStackCallback.java:112)
	at com.google.inject.internal.ProvisionListenerStackCallback$Provision.provision(ProvisionListenerStackCallback.java:127)
	at com.google.inject.internal.ProvisionListenerStackCallback.provision(ProvisionListenerStackCallback.java:66)
	at com.google.inject.internal.ProviderInternalFactory.circularGet(ProviderInternalFactory.java:61)
	at com.google.inject.internal.InternalFactoryToInitializableAdapter.get(InternalFactoryToInitializableAdapter.java:47)
	at com.google.inject.internal.InjectorImpl$1.get(InjectorImpl.java:1050)
	at org.eclipse.sisu.inject.Guice4$1.get(Guice4.java:162)
	at org.eclipse.sisu.inject.LazyBeanEntry.getValue(LazyBeanEntry.java:81)
	at org.eclipse.sisu.plexus.LazyPlexusBean.getValue(LazyPlexusBean.java:51)
	at org.codehaus.plexus.DefaultPlexusContainer.lookup(DefaultPlexusContainer.java:263)
	at org.codehaus.plexus.DefaultPlexusContainer.lookup(DefaultPlexusContainer.java:255)
	at org.apache.maven.plugin.internal.DefaultMavenPluginManager.getConfiguredMojo(DefaultMavenPluginManager.java:520)
	at org.eclipse.m2e.core.internal.embedder.MavenImpl.getConfiguredMojo(MavenImpl.java:210)
	at org.eclipse.m2e.mavenarchiver.internal.AbstractMavenArchiverConfigurator.reflectManifestGeneration(AbstractMavenArchiverConfigurator.java:440)
	at org.eclipse.m2e.mavenarchiver.internal.AbstractMavenArchiverConfigurator.lambda$3(AbstractMavenArchiverConfigurator.java:399)
	at org.eclipse.m2e.core.internal.embedder.MavenExecutionContext.executeBare(MavenExecutionContext.java:394)
	at org.eclipse.m2e.core.internal.embedder.MavenExecutionContext.execute(MavenExecutionContext.java:275)
	at org.eclipse.m2e.core.internal.embedder.MavenExecutionContext.execute(MavenExecutionContext.java:214)
	at org.eclipse.m2e.mavenarchiver.internal.AbstractMavenArchiverConfigurator.generateManifest(AbstractMavenArchiverConfigurator.java:372)
	at org.eclipse.m2e.mavenarchiver.internal.AbstractMavenArchiverConfigurator.mavenProjectChanged(AbstractMavenArchiverConfigurator.java:229)
	at org.eclipse.m2e.mavenarchiver.internal.AbstractMavenArchiverConfigurator$1.build(AbstractMavenArchiverConfigurator.java:179)
	at org.eclipse.m2e.core.internal.builder.MavenBuilderImpl.lambda$1(MavenBuilderImpl.java:139)
	at java.base/java.util.LinkedHashMap.forEach(LinkedHashMap.java:721)
	at org.eclipse.m2e.core.internal.builder.MavenBuilderImpl.build(MavenBuilderImpl.java:122)
	at org.eclipse.m2e.core.internal.builder.MavenBuilder$1.method(MavenBuilder.java:164)
	at org.eclipse.m2e.core.internal.builder.MavenBuilder$1.method(MavenBuilder.java:1)
	at org.eclipse.m2e.core.internal.builder.MavenBuilder$BuildMethod.lambda$1(MavenBuilder.java:109)
	at org.eclipse.m2e.core.internal.embedder.MavenExecutionContext.executeBare(MavenExecutionContext.java:394)
	at org.eclipse.m2e.core.internal.embedder.MavenExecutionContext.execute(MavenExecutionContext.java:228)
	at org.eclipse.m2e.core.internal.builder.MavenBuilder$BuildMethod.lambda$0(MavenBuilder.java:100)
	at org.eclipse.m2e.core.internal.embedder.MavenExecutionContext.executeBare(MavenExecutionContext.java:394)
	at org.eclipse.m2e.core.internal.embedder.MavenExecutionContext.execute(MavenExecutionContext.java:275)
	at org.eclipse.m2e.core.internal.embedder.MavenExecutionContext.execute(MavenExecutionContext.java:214)
	at org.eclipse.m2e.core.internal.builder.MavenBuilder$BuildMethod.execute(MavenBuilder.java:83)
	at org.eclipse.m2e.core.internal.builder.MavenBuilder.build(MavenBuilder.java:192)
	at org.eclipse.core.internal.events.BuildManager$2.run(BuildManager.java:1020)
	at org.eclipse.core.runtime.SafeRunner.run(SafeRunner.java:45)
	at org.eclipse.core.internal.events.BuildManager.basicBuild(BuildManager.java:247)
	at org.eclipse.core.internal.events.BuildManager.basicBuild(BuildManager.java:303)
	at org.eclipse.core.internal.events.BuildManager$1.run(BuildManager.java:392)
	at org.eclipse.core.runtime.SafeRunner.run(SafeRunner.java:45)
	at org.eclipse.core.internal.events.BuildManager.basicBuild(BuildManager.java:395)
	at org.eclipse.core.internal.events.BuildManager.basicBuildLoop(BuildManager.java:506)
	at org.eclipse.core.internal.events.BuildManager.basicBuildLoop(BuildManager.java:454)
	at org.eclipse.core.internal.events.BuildManager.build(BuildManager.java:536)
	at org.eclipse.core.internal.events.AutoBuildJob.doBuild(AutoBuildJob.java:196)
	at org.eclipse.core.internal.events.AutoBuildJob.run(AutoBuildJob.java:289)
	at org.eclipse.core.internal.jobs.Worker.run(Worker.java:63)
Caused by: java.lang.NoClassDefFoundError: Could not initialize class org.apache.maven.plugin.war.util.WebappStructureSerializer
	at org.apache.maven.plugin.war.AbstractWarMojo.<init>(AbstractWarMojo.java:316)
	at org.apache.maven.plugin.war.WarMojo.<init>(WarMojo.java:49)
	at jdk.internal.reflect.GeneratedConstructorAccessor80.newInstance(Unknown Source)
	at java.base/jdk.internal.reflect.DelegatingConstructorAccessorImpl.newInstance(DelegatingConstructorAccessorImpl.java:45)
	at java.base/java.lang.reflect.Constructor.newInstanceWithCaller(Constructor.java:499)
	at java.base/java.lang.reflect.Constructor.newInstance(Constructor.java:480)
	at com.google.inject.internal.DefaultConstructionProxyFactory$ReflectiveProxy.newInstance(DefaultConstructionProxyFactory.java:126)
	at com.google.inject.internal.ConstructorInjector.provision(ConstructorInjector.java:114)
	at com.google.inject.internal.ConstructorInjector.access$000(ConstructorInjector.java:32)
	at com.google.inject.internal.ConstructorInjector$1.call(ConstructorInjector.java:98)
	at com.google.inject.internal.ProvisionListenerStackCallback$Provision.provision(ProvisionListenerStackCallback.java:112)
	at com.google.inject.internal.ProvisionListenerStackCallback$Provision.provision(ProvisionListenerStackCallback.java:127)
	at com.google.inject.internal.ProvisionListenerStackCallback.provision(ProvisionListenerStackCallback.java:66)
	at com.google.inject.internal.ConstructorInjector.construct(ConstructorInjector.java:93)
	at com.google.inject.internal.ConstructorBindingImpl$Factory.get(ConstructorBindingImpl.java:306)
	at com.google.inject.internal.InjectorImpl$1.get(InjectorImpl.java:1050)
	... 53 common frames omitted
2025-12-06 14:46:48,157 [main] INFO  o.e.m2e.actions.ExecutePomAction - Using existing launch configuration
2025-12-06 14:46:48,216 [Worker-18: Launching MySpringMVCDemo] INFO  o.e.m.i.launch.MavenLaunchDelegate - Run build in "C:\Users\IET\Desktop\VipulPriyanka\Web_Based_ Java\Day15 Spring\MySpringMVCDemo":
2025-12-06 14:46:48,216 [Worker-18: Launching MySpringMVCDemo] INFO  o.e.m.i.launch.MavenLaunchDelegate -  mvn  -B -Dstyle.color=always install
2025-12-06 14:47:44,492 [Worker-14: Building] WARN  o.e.m.c.i.embedder.EclipseLogger - Using platform encoding (Cp1252 actually) to copy filtered resources, i.e. build is platform dependent!
2025-12-06 14:47:44,493 [Worker-14: Building] INFO  o.e.m.c.i.embedder.EclipseLogger - Copying 0 resource
2025-12-06 14:47:44,496 [Worker-14: Building] WARN  o.e.m.c.i.embedder.EclipseLogger - Using platform encoding (Cp1252 actually) to copy filtered resources, i.e. build is platform dependent!
2025-12-06 14:47:44,498 [Worker-14: Building] INFO  o.e.m.c.i.embedder.EclipseLogger - Copying 0 resource
2025-12-06 14:47:44,507 [Worker-14: Building] WARN  Sisu - Error injecting: org.apache.maven.plugin.war.WarMojo
com.google.inject.ProvisionException: Unable to provision, see the following errors:

1) Error injecting constructor, java.lang.NoClassDefFoundError: Could not initialize class org.apache.maven.plugin.war.util.WebappStructureSerializer
  at org.apache.maven.plugin.war.WarMojo.<init>(Unknown Source)
  while locating org.apache.maven.plugin.war.WarMojo

1 error
	at com.google.inject.internal.InternalProvisionException.toProvisionException(InternalProvisionException.java:226)
	at com.google.inject.internal.InjectorImpl$1.get(InjectorImpl.java:1053)
	at com.google.inject.internal.InjectorImpl.getInstance(InjectorImpl.java:1086)
	at org.eclipse.sisu.space.AbstractDeferredClass.get(AbstractDeferredClass.java:48)
	at com.google.inject.internal.ProviderInternalFactory.provision(ProviderInternalFactory.java:85)
	at com.google.inject.internal.InternalFactoryToInitializableAdapter.provision(InternalFactoryToInitializableAdapter.java:57)
	at com.google.inject.internal.ProviderInternalFactory$1.call(ProviderInternalFactory.java:66)
	at com.google.inject.internal.ProvisionListenerStackCallback$Provision.provision(ProvisionListenerStackCallback.java:112)
	at com.google.inject.internal.ProvisionListenerStackCallback$Provision.provision(ProvisionListenerStackCallback.java:127)
	at com.google.inject.internal.ProvisionListenerStackCallback.provision(ProvisionListenerStackCallback.java:66)
	at com.google.inject.internal.ProviderInternalFactory.circularGet(ProviderInternalFactory.java:61)
	at com.google.inject.internal.InternalFactoryToInitializableAdapter.get(InternalFactoryToInitializableAdapter.java:47)
	at com.google.inject.internal.InjectorImpl$1.get(InjectorImpl.java:1050)
	at org.eclipse.sisu.inject.Guice4$1.get(Guice4.java:162)
	at org.eclipse.sisu.inject.LazyBeanEntry.getValue(LazyBeanEntry.java:81)
	at org.eclipse.sisu.plexus.LazyPlexusBean.getValue(LazyPlexusBean.java:51)
	at org.codehaus.plexus.DefaultPlexusContainer.lookup(DefaultPlexusContainer.java:263)
	at org.codehaus.plexus.DefaultPlexusContainer.lookup(DefaultPlexusContainer.java:255)
	at org.apache.maven.plugin.internal.DefaultMavenPluginManager.getConfiguredMojo(DefaultMavenPluginManager.java:520)
	at org.eclipse.m2e.core.internal.embedder.MavenImpl.getConfiguredMojo(MavenImpl.java:210)
	at org.eclipse.m2e.mavenarchiver.internal.AbstractMavenArchiverConfigurator.reflectManifestGeneration(AbstractMavenArchiverConfigurator.java:440)
	at org.eclipse.m2e.mavenarchiver.internal.AbstractMavenArchiverConfigurator.lambda$3(AbstractMavenArchiverConfigurator.java:399)
	at org.eclipse.m2e.core.internal.embedder.MavenExecutionContext.executeBare(MavenExecutionContext.java:394)
	at org.eclipse.m2e.core.internal.embedder.MavenExecutionContext.execute(MavenExecutionContext.java:275)
	at org.eclipse.m2e.core.internal.embedder.MavenExecutionContext.execute(MavenExecutionContext.java:214)
	at org.eclipse.m2e.mavenarchiver.internal.AbstractMavenArchiverConfigurator.generateManifest(AbstractMavenArchiverConfigurator.java:372)
	at org.eclipse.m2e.mavenarchiver.internal.AbstractMavenArchiverConfigurator.mavenProjectChanged(AbstractMavenArchiverConfigurator.java:229)
	at org.eclipse.m2e.mavenarchiver.internal.AbstractMavenArchiverConfigurator$1.build(AbstractMavenArchiverConfigurator.java:179)
	at org.eclipse.m2e.core.internal.builder.MavenBuilderImpl.lambda$1(MavenBuilderImpl.java:139)
	at java.base/java.util.LinkedHashMap.forEach(LinkedHashMap.java:721)
	at org.eclipse.m2e.core.internal.builder.MavenBuilderImpl.build(MavenBuilderImpl.java:122)
	at org.eclipse.m2e.core.internal.builder.MavenBuilder$1.method(MavenBuilder.java:164)
	at org.eclipse.m2e.core.internal.builder.MavenBuilder$1.method(MavenBuilder.java:1)
	at org.eclipse.m2e.core.internal.builder.MavenBuilder$BuildMethod.lambda$1(MavenBuilder.java:109)
	at org.eclipse.m2e.core.internal.embedder.MavenExecutionContext.executeBare(MavenExecutionContext.java:394)
	at org.eclipse.m2e.core.internal.embedder.MavenExecutionContext.execute(MavenExecutionContext.java:228)
	at org.eclipse.m2e.core.internal.builder.MavenBuilder$BuildMethod.lambda$0(MavenBuilder.java:100)
	at org.eclipse.m2e.core.internal.embedder.MavenExecutionContext.executeBare(MavenExecutionContext.java:394)
	at org.eclipse.m2e.core.internal.embedder.MavenExecutionContext.execute(MavenExecutionContext.java:275)
	at org.eclipse.m2e.core.internal.embedder.MavenExecutionContext.execute(MavenExecutionContext.java:214)
	at org.eclipse.m2e.core.internal.builder.MavenBuilder$BuildMethod.execute(MavenBuilder.java:83)
	at org.eclipse.m2e.core.internal.builder.MavenBuilder.build(MavenBuilder.java:192)
	at org.eclipse.core.internal.events.BuildManager$2.run(BuildManager.java:1020)
	at org.eclipse.core.runtime.SafeRunner.run(SafeRunner.java:45)
	at org.eclipse.core.internal.events.BuildManager.basicBuild(BuildManager.java:247)
	at org.eclipse.core.internal.events.BuildManager.basicBuild(BuildManager.java:303)
	at org.eclipse.core.internal.events.BuildManager$1.run(BuildManager.java:392)
	at org.eclipse.core.runtime.SafeRunner.run(SafeRunner.java:45)
	at org.eclipse.core.internal.events.BuildManager.basicBuild(BuildManager.java:395)
	at org.eclipse.core.internal.events.BuildManager.basicBuildLoop(BuildManager.java:506)
	at org.eclipse.core.internal.events.BuildManager.basicBuildLoop(BuildManager.java:454)
	at org.eclipse.core.internal.events.BuildManager.build(BuildManager.java:536)
	at org.eclipse.core.internal.events.AutoBuildJob.doBuild(AutoBuildJob.java:196)
	at org.eclipse.core.internal.events.AutoBuildJob.run(AutoBuildJob.java:289)
	at org.eclipse.core.internal.jobs.Worker.run(Worker.java:63)
Caused by: java.lang.NoClassDefFoundError: Could not initialize class org.apache.maven.plugin.war.util.WebappStructureSerializer
	at org.apache.maven.plugin.war.AbstractWarMojo.<init>(AbstractWarMojo.java:316)
	at org.apache.maven.plugin.war.WarMojo.<init>(WarMojo.java:49)
	at jdk.internal.reflect.GeneratedConstructorAccessor80.newInstance(Unknown Source)
	at java.base/jdk.internal.reflect.DelegatingConstructorAccessorImpl.newInstance(DelegatingConstructorAccessorImpl.java:45)
	at java.base/java.lang.reflect.Constructor.newInstanceWithCaller(Constructor.java:499)
	at java.base/java.lang.reflect.Constructor.newInstance(Constructor.java:480)
	at com.google.inject.internal.DefaultConstructionProxyFactory$ReflectiveProxy.newInstance(DefaultConstructionProxyFactory.java:126)
	at com.google.inject.internal.ConstructorInjector.provision(ConstructorInjector.java:114)
	at com.google.inject.internal.ConstructorInjector.access$000(ConstructorInjector.java:32)
	at com.google.inject.internal.ConstructorInjector$1.call(ConstructorInjector.java:98)
	at com.google.inject.internal.ProvisionListenerStackCallback$Provision.provision(ProvisionListenerStackCallback.java:112)
	at com.google.inject.internal.ProvisionListenerStackCallback$Provision.provision(ProvisionListenerStackCallback.java:127)
	at com.google.inject.internal.ProvisionListenerStackCallback.provision(ProvisionListenerStackCallback.java:66)
	at com.google.inject.internal.ConstructorInjector.construct(ConstructorInjector.java:93)
	at com.google.inject.internal.ConstructorBindingImpl$Factory.get(ConstructorBindingImpl.java:306)
	at com.google.inject.internal.InjectorImpl$1.get(InjectorImpl.java:1050)
	... 53 common frames omitted
2025-12-06 14:48:17,625 [Worker-14: Building] WARN  o.e.m.c.i.embedder.EclipseLogger - Using platform encoding (Cp1252 actually) to copy filtered resources, i.e. build is platform dependent!
2025-12-06 14:48:17,626 [Worker-14: Building] INFO  o.e.m.c.i.embedder.EclipseLogger - Copying 0 resource
2025-12-06 14:48:17,629 [Worker-14: Building] WARN  o.e.m.c.i.embedder.EclipseLogger - Using platform encoding (Cp1252 actually) to copy filtered resources, i.e. build is platform dependent!
2025-12-06 14:48:17,630 [Worker-14: Building] INFO  o.e.m.c.i.embedder.EclipseLogger - Copying 0 resource
2025-12-06 14:48:17,635 [Worker-14: Building] WARN  Sisu - Error injecting: org.apache.maven.plugin.war.WarMojo
com.google.inject.ProvisionException: Unable to provision, see the following errors:

1) Error injecting constructor, java.lang.NoClassDefFoundError: Could not initialize class org.apache.maven.plugin.war.util.WebappStructureSerializer
  at org.apache.maven.plugin.war.WarMojo.<init>(Unknown Source)
  while locating org.apache.maven.plugin.war.WarMojo

1 error
	at com.google.inject.internal.InternalProvisionException.toProvisionException(InternalProvisionException.java:226)
	at com.google.inject.internal.InjectorImpl$1.get(InjectorImpl.java:1053)
	at com.google.inject.internal.InjectorImpl.getInstance(InjectorImpl.java:1086)
	at org.eclipse.sisu.space.AbstractDeferredClass.get(AbstractDeferredClass.java:48)
	at com.google.inject.internal.ProviderInternalFactory.provision(ProviderInternalFactory.java:85)
	at com.google.inject.internal.InternalFactoryToInitializableAdapter.provision(InternalFactoryToInitializableAdapter.java:57)
	at com.google.inject.internal.ProviderInternalFactory$1.call(ProviderInternalFactory.java:66)
	at com.google.inject.internal.ProvisionListenerStackCallback$Provision.provision(ProvisionListenerStackCallback.java:112)
	at com.google.inject.internal.ProvisionListenerStackCallback$Provision.provision(ProvisionListenerStackCallback.java:127)
	at com.google.inject.internal.ProvisionListenerStackCallback.provision(ProvisionListenerStackCallback.java:66)
	at com.google.inject.internal.ProviderInternalFactory.circularGet(ProviderInternalFactory.java:61)
	at com.google.inject.internal.InternalFactoryToInitializableAdapter.get(InternalFactoryToInitializableAdapter.java:47)
	at com.google.inject.internal.InjectorImpl$1.get(InjectorImpl.java:1050)
	at org.eclipse.sisu.inject.Guice4$1.get(Guice4.java:162)
	at org.eclipse.sisu.inject.LazyBeanEntry.getValue(LazyBeanEntry.java:81)
	at org.eclipse.sisu.plexus.LazyPlexusBean.getValue(LazyPlexusBean.java:51)
	at org.codehaus.plexus.DefaultPlexusContainer.lookup(DefaultPlexusContainer.java:263)
	at org.codehaus.plexus.DefaultPlexusContainer.lookup(DefaultPlexusContainer.java:255)
	at org.apache.maven.plugin.internal.DefaultMavenPluginManager.getConfiguredMojo(DefaultMavenPluginManager.java:520)
	at org.eclipse.m2e.core.internal.embedder.MavenImpl.getConfiguredMojo(MavenImpl.java:210)
	at org.eclipse.m2e.mavenarchiver.internal.AbstractMavenArchiverConfigurator.reflectManifestGeneration(AbstractMavenArchiverConfigurator.java:440)
	at org.eclipse.m2e.mavenarchiver.internal.AbstractMavenArchiverConfigurator.lambda$3(AbstractMavenArchiverConfigurator.java:399)
	at org.eclipse.m2e.core.internal.embedder.MavenExecutionContext.executeBare(MavenExecutionContext.java:394)
	at org.eclipse.m2e.core.internal.embedder.MavenExecutionContext.execute(MavenExecutionContext.java:275)
	at org.eclipse.m2e.core.internal.embedder.MavenExecutionContext.execute(MavenExecutionContext.java:214)
	at org.eclipse.m2e.mavenarchiver.internal.AbstractMavenArchiverConfigurator.generateManifest(AbstractMavenArchiverConfigurator.java:372)
	at org.eclipse.m2e.mavenarchiver.internal.AbstractMavenArchiverConfigurator.mavenProjectChanged(AbstractMavenArchiverConfigurator.java:229)
	at org.eclipse.m2e.mavenarchiver.internal.AbstractMavenArchiverConfigurator$1.build(AbstractMavenArchiverConfigurator.java:179)
	at org.eclipse.m2e.core.internal.builder.MavenBuilderImpl.lambda$1(MavenBuilderImpl.java:139)
	at java.base/java.util.LinkedHashMap.forEach(LinkedHashMap.java:721)
	at org.eclipse.m2e.core.internal.builder.MavenBuilderImpl.build(MavenBuilderImpl.java:122)
	at org.eclipse.m2e.core.internal.builder.MavenBuilder$1.method(MavenBuilder.java:164)
	at org.eclipse.m2e.core.internal.builder.MavenBuilder$1.method(MavenBuilder.java:1)
	at org.eclipse.m2e.core.internal.builder.MavenBuilder$BuildMethod.lambda$1(MavenBuilder.java:109)
	at org.eclipse.m2e.core.internal.embedder.MavenExecutionContext.executeBare(MavenExecutionContext.java:394)
	at org.eclipse.m2e.core.internal.embedder.MavenExecutionContext.execute(MavenExecutionContext.java:228)
	at org.eclipse.m2e.core.internal.builder.MavenBuilder$BuildMethod.lambda$0(MavenBuilder.java:100)
	at org.eclipse.m2e.core.internal.embedder.MavenExecutionContext.executeBare(MavenExecutionContext.java:394)
	at org.eclipse.m2e.core.internal.embedder.MavenExecutionContext.execute(MavenExecutionContext.java:275)
	at org.eclipse.m2e.core.internal.embedder.MavenExecutionContext.execute(MavenExecutionContext.java:214)
	at org.eclipse.m2e.core.internal.builder.MavenBuilder$BuildMethod.execute(MavenBuilder.java:83)
	at org.eclipse.m2e.core.internal.builder.MavenBuilder.build(MavenBuilder.java:192)
	at org.eclipse.core.internal.events.BuildManager$2.run(BuildManager.java:1020)
	at org.eclipse.core.runtime.SafeRunner.run(SafeRunner.java:45)
	at org.eclipse.core.internal.events.BuildManager.basicBuild(BuildManager.java:247)
	at org.eclipse.core.internal.events.BuildManager.basicBuild(BuildManager.java:303)
	at org.eclipse.core.internal.events.BuildManager$1.run(BuildManager.java:392)
	at org.eclipse.core.runtime.SafeRunner.run(SafeRunner.java:45)
	at org.eclipse.core.internal.events.BuildManager.basicBuild(BuildManager.java:395)
	at org.eclipse.core.internal.events.BuildManager.basicBuildLoop(BuildManager.java:506)
	at org.eclipse.core.internal.events.BuildManager.basicBuildLoop(BuildManager.java:454)
	at org.eclipse.core.internal.events.BuildManager.build(BuildManager.java:536)
	at org.eclipse.core.internal.events.AutoBuildJob.doBuild(AutoBuildJob.java:196)
	at org.eclipse.core.internal.events.AutoBuildJob.run(AutoBuildJob.java:289)
	at org.eclipse.core.internal.jobs.Worker.run(Worker.java:63)
Caused by: java.lang.NoClassDefFoundError: Could not initialize class org.apache.maven.plugin.war.util.WebappStructureSerializer
	at org.apache.maven.plugin.war.AbstractWarMojo.<init>(AbstractWarMojo.java:316)
	at org.apache.maven.plugin.war.WarMojo.<init>(WarMojo.java:49)
	at jdk.internal.reflect.GeneratedConstructorAccessor80.newInstance(Unknown Source)
	at java.base/jdk.internal.reflect.DelegatingConstructorAccessorImpl.newInstance(DelegatingConstructorAccessorImpl.java:45)
	at java.base/java.lang.reflect.Constructor.newInstanceWithCaller(Constructor.java:499)
	at java.base/java.lang.reflect.Constructor.newInstance(Constructor.java:480)
	at com.google.inject.internal.DefaultConstructionProxyFactory$ReflectiveProxy.newInstance(DefaultConstructionProxyFactory.java:126)
	at com.google.inject.internal.ConstructorInjector.provision(ConstructorInjector.java:114)
	at com.google.inject.internal.ConstructorInjector.access$000(ConstructorInjector.java:32)
	at com.google.inject.internal.ConstructorInjector$1.call(ConstructorInjector.java:98)
	at com.google.inject.internal.ProvisionListenerStackCallback$Provision.provision(ProvisionListenerStackCallback.java:112)
	at com.google.inject.internal.ProvisionListenerStackCallback$Provision.provision(ProvisionListenerStackCallback.java:127)
	at com.google.inject.internal.ProvisionListenerStackCallback.provision(ProvisionListenerStackCallback.java:66)
	at com.google.inject.internal.ConstructorInjector.construct(ConstructorInjector.java:93)
	at com.google.inject.internal.ConstructorBindingImpl$Factory.get(ConstructorBindingImpl.java:306)
	at com.google.inject.internal.InjectorImpl$1.get(InjectorImpl.java:1050)
	... 53 common frames omitted
2025-12-06 14:48:27,478 [Worker-15: Launching Executing clean in C__Users_IET_Desktop_VipulPriyanka_Web_Based_ Java_Day15 Spring_MySpringMVCDemo] INFO  o.e.m.i.launch.MavenLaunchDelegate - Run build in "C:\Users\IET\Desktop\VipulPriyanka\Web_Based_ Java\Day15 Spring\MySpringMVCDemo":
2025-12-06 14:48:27,478 [Worker-15: Launching Executing clean in C__Users_IET_Desktop_VipulPriyanka_Web_Based_ Java_Day15 Spring_MySpringMVCDemo] INFO  o.e.m.i.launch.MavenLaunchDelegate -  mvn  -B -Dstyle.color=always clean
2025-12-06 14:48:42,076 [main] INFO  o.e.m2e.actions.ExecutePomAction - Using existing launch configuration
2025-12-06 14:48:42,129 [Worker-4: Launching MySpringMVCDemo] INFO  o.e.m.i.launch.MavenLaunchDelegate - Run build in "C:\Users\IET\Desktop\VipulPriyanka\Web_Based_ Java\Day15 Spring\MySpringMVCDemo":
2025-12-06 14:48:42,130 [Worker-4: Launching MySpringMVCDemo] INFO  o.e.m.i.launch.MavenLaunchDelegate -  mvn  -B -Dstyle.color=always install
2025-12-06 14:49:02,708 [main] INFO  o.e.m2e.actions.ExecutePomAction - Using existing launch configuration
2025-12-06 14:49:02,765 [Worker-15: Launching MySpringMVCDemo] INFO  o.e.m.i.launch.MavenLaunchDelegate - Run build in "C:\Users\IET\Desktop\VipulPriyanka\Web_Based_ Java\Day15 Spring\MySpringMVCDemo":
2025-12-06 14:49:02,766 [Worker-15: Launching MySpringMVCDemo] INFO  o.e.m.i.launch.MavenLaunchDelegate -  mvn  -B -Dstyle.color=always install
2025-12-06 14:53:53,218 [Worker-22: Building] INFO  o.e.m.c.i.l.LifecycleMappingFactory - Using org.maven.ide.eclipse.wtp.WarLifecycleMapping lifecycle mapping for MavenProject: com.demo:MySpringMVCDemo:0.0.1-SNAPSHOT @ C:\Users\IET\Desktop\VipulPriyanka\Web_Based_ Java\Day15 Spring\MySpringMVCDemo\pom.xml.
2025-12-06 14:53:53,505 [Worker-22: Building] WARN  Sisu - Error injecting: org.apache.maven.plugin.war.WarMojo
com.google.inject.ProvisionException: Unable to provision, see the following errors:

1) Error injecting constructor, java.lang.ExceptionInInitializerError: Cannot access defaults field of Properties
  at org.apache.maven.plugin.war.WarMojo.<init>(Unknown Source)
  while locating org.apache.maven.plugin.war.WarMojo

1 error
	at com.google.inject.internal.InternalProvisionException.toProvisionException(InternalProvisionException.java:226)
	at com.google.inject.internal.InjectorImpl$1.get(InjectorImpl.java:1053)
	at com.google.inject.internal.InjectorImpl.getInstance(InjectorImpl.java:1086)
	at org.eclipse.sisu.space.AbstractDeferredClass.get(AbstractDeferredClass.java:48)
	at com.google.inject.internal.ProviderInternalFactory.provision(ProviderInternalFactory.java:85)
	at com.google.inject.internal.InternalFactoryToInitializableAdapter.provision(InternalFactoryToInitializableAdapter.java:57)
	at com.google.inject.internal.ProviderInternalFactory$1.call(ProviderInternalFactory.java:66)
	at com.google.inject.internal.ProvisionListenerStackCallback$Provision.provision(ProvisionListenerStackCallback.java:112)
	at com.google.inject.internal.ProvisionListenerStackCallback$Provision.provision(ProvisionListenerStackCallback.java:127)
	at com.google.inject.internal.ProvisionListenerStackCallback.provision(ProvisionListenerStackCallback.java:66)
	at com.google.inject.internal.ProviderInternalFactory.circularGet(ProviderInternalFactory.java:61)
	at com.google.inject.internal.InternalFactoryToInitializableAdapter.get(InternalFactoryToInitializableAdapter.java:47)
	at com.google.inject.internal.InjectorImpl$1.get(InjectorImpl.java:1050)
	at org.eclipse.sisu.inject.Guice4$1.get(Guice4.java:162)
	at org.eclipse.sisu.inject.LazyBeanEntry.getValue(LazyBeanEntry.java:81)
	at org.eclipse.sisu.plexus.LazyPlexusBean.getValue(LazyPlexusBean.java:51)
	at org.codehaus.plexus.DefaultPlexusContainer.lookup(DefaultPlexusContainer.java:263)
	at org.codehaus.plexus.DefaultPlexusContainer.lookup(DefaultPlexusContainer.java:255)
	at org.apache.maven.plugin.internal.DefaultMavenPluginManager.getConfiguredMojo(DefaultMavenPluginManager.java:520)
	at org.eclipse.m2e.core.internal.embedder.MavenImpl.getConfiguredMojo(MavenImpl.java:210)
	at org.eclipse.m2e.mavenarchiver.internal.AbstractMavenArchiverConfigurator.reflectManifestGeneration(AbstractMavenArchiverConfigurator.java:440)
	at org.eclipse.m2e.mavenarchiver.internal.AbstractMavenArchiverConfigurator.lambda$3(AbstractMavenArchiverConfigurator.java:399)
	at org.eclipse.m2e.core.internal.embedder.MavenExecutionContext.executeBare(MavenExecutionContext.java:394)
	at org.eclipse.m2e.core.internal.embedder.MavenExecutionContext.execute(MavenExecutionContext.java:275)
	at org.eclipse.m2e.core.internal.embedder.MavenExecutionContext.execute(MavenExecutionContext.java:214)
	at org.eclipse.m2e.mavenarchiver.internal.AbstractMavenArchiverConfigurator.generateManifest(AbstractMavenArchiverConfigurator.java:372)
	at org.eclipse.m2e.mavenarchiver.internal.AbstractMavenArchiverConfigurator.mavenProjectChanged(AbstractMavenArchiverConfigurator.java:229)
	at org.eclipse.m2e.wtp.mavenarchiver.AbstractWTPArchiverConfigurator.mavenProjectChanged(AbstractWTPArchiverConfigurator.java:56)
	at org.eclipse.m2e.core.internal.project.ProjectConfigurationManager.mavenProjectChanged(ProjectConfigurationManager.java:883)
	at org.eclipse.m2e.core.internal.project.registry.ProjectRegistryManager.notifyProjectChangeListeners(ProjectRegistryManager.java:851)
	at org.eclipse.m2e.core.internal.project.registry.ProjectRegistryManager.applyMutableProjectRegistry(ProjectRegistryManager.java:1004)
	at org.eclipse.m2e.core.internal.project.registry.ProjectRegistryManager.refresh(ProjectRegistryManager.java:316)
	at org.eclipse.m2e.core.internal.builder.MavenBuilder$BuildMethod.getProjectFacade(MavenBuilder.java:146)
	at org.eclipse.m2e.core.internal.builder.MavenBuilder$BuildMethod.lambda$0(MavenBuilder.java:84)
	at org.eclipse.m2e.core.internal.embedder.MavenExecutionContext.executeBare(MavenExecutionContext.java:394)
	at org.eclipse.m2e.core.internal.embedder.MavenExecutionContext.execute(MavenExecutionContext.java:275)
	at org.eclipse.m2e.core.internal.embedder.MavenExecutionContext.execute(MavenExecutionContext.java:214)
	at org.eclipse.m2e.core.internal.builder.MavenBuilder$BuildMethod.execute(MavenBuilder.java:83)
	at org.eclipse.m2e.core.internal.builder.MavenBuilder.build(MavenBuilder.java:192)
	at org.eclipse.core.internal.events.BuildManager$2.run(BuildManager.java:1020)
	at org.eclipse.core.runtime.SafeRunner.run(SafeRunner.java:45)
	at org.eclipse.core.internal.events.BuildManager.basicBuild(BuildManager.java:247)
	at org.eclipse.core.internal.events.BuildManager.basicBuild(BuildManager.java:303)
	at org.eclipse.core.internal.events.BuildManager$1.run(BuildManager.java:392)
	at org.eclipse.core.runtime.SafeRunner.run(SafeRunner.java:45)
	at org.eclipse.core.internal.events.BuildManager.basicBuild(BuildManager.java:395)
	at org.eclipse.core.internal.events.BuildManager.basicBuildLoop(BuildManager.java:506)
	at org.eclipse.core.internal.events.BuildManager.basicBuildLoop(BuildManager.java:454)
	at org.eclipse.core.internal.events.BuildManager.build(BuildManager.java:536)
	at org.eclipse.core.internal.events.AutoBuildJob.doBuild(AutoBuildJob.java:196)
	at org.eclipse.core.internal.events.AutoBuildJob.run(AutoBuildJob.java:289)
	at org.eclipse.core.internal.jobs.Worker.run(Worker.java:63)
Caused by: java.lang.ExceptionInInitializerError: Cannot access defaults field of Properties
	at com.thoughtworks.xstream.converters.collections.PropertiesConverter.<clinit>(PropertiesConverter.java:46)
	at com.thoughtworks.xstream.XStream.setupConverters(XStream.java:647)
	at com.thoughtworks.xstream.XStream.<init>(XStream.java:445)
	at com.thoughtworks.xstream.XStream.<init>(XStream.java:385)
	at com.thoughtworks.xstream.XStream.<init>(XStream.java:342)
	at org.apache.maven.plugin.war.util.WebappStructureSerializer.<clinit>(WebappStructureSerializer.java:47)
	at org.apache.maven.plugin.war.AbstractWarMojo.<init>(AbstractWarMojo.java:316)
	at org.apache.maven.plugin.war.WarMojo.<init>(WarMojo.java:49)
	at java.base/jdk.internal.reflect.NativeConstructorAccessorImpl.newInstance0(Native Method)
	at java.base/jdk.internal.reflect.NativeConstructorAccessorImpl.newInstance(NativeConstructorAccessorImpl.java:77)
	at java.base/jdk.internal.reflect.DelegatingConstructorAccessorImpl.newInstance(DelegatingConstructorAccessorImpl.java:45)
	at java.base/java.lang.reflect.Constructor.newInstanceWithCaller(Constructor.java:499)
	at java.base/java.lang.reflect.Constructor.newInstance(Constructor.java:480)
	at com.google.inject.internal.DefaultConstructionProxyFactory$ReflectiveProxy.newInstance(DefaultConstructionProxyFactory.java:126)
	at com.google.inject.internal.ConstructorInjector.provision(ConstructorInjector.java:114)
	at com.google.inject.internal.ConstructorInjector.access$000(ConstructorInjector.java:32)
	at com.google.inject.internal.ConstructorInjector$1.call(ConstructorInjector.java:98)
	at com.google.inject.internal.ProvisionListenerStackCallback$Provision.provision(ProvisionListenerStackCallback.java:112)
	at com.google.inject.internal.ProvisionListenerStackCallback$Provision.provision(ProvisionListenerStackCallback.java:127)
	at com.google.inject.internal.ProvisionListenerStackCallback.provision(ProvisionListenerStackCallback.java:66)
	at com.google.inject.internal.ConstructorInjector.construct(ConstructorInjector.java:93)
	at com.google.inject.internal.ConstructorBindingImpl$Factory.get(ConstructorBindingImpl.java:306)
	at com.google.inject.internal.InjectorImpl$1.get(InjectorImpl.java:1050)
	... 50 common frames omitted
2025-12-06 14:53:53,663 [Worker-22: Building] WARN  o.e.m.c.i.embedder.EclipseLogger - Using platform encoding (Cp1252 actually) to copy filtered resources, i.e. build is platform dependent!
2025-12-06 14:53:53,665 [Worker-22: Building] INFO  o.e.m.c.i.embedder.EclipseLogger - Copying 0 resource
2025-12-06 14:53:53,669 [Worker-22: Building] WARN  o.e.m.c.i.embedder.EclipseLogger - Using platform encoding (Cp1252 actually) to copy filtered resources, i.e. build is platform dependent!
2025-12-06 14:53:53,670 [Worker-22: Building] INFO  o.e.m.c.i.embedder.EclipseLogger - Copying 0 resource
2025-12-06 14:53:53,670 [Worker-22: Building] INFO  o.e.m.w.i.f.ResourceFilteringBuildParticipant - Changed resources require a complete clean of filtered resources of MySpringMVCDemo
2025-12-06 14:53:53,670 [Worker-22: Building] INFO  o.e.m.w.i.f.ResourceFilteringBuildParticipant - Executing resource filtering for MySpringMVCDemo
2025-12-06 14:53:53,676 [Worker-22: Building] WARN  Sisu - Error injecting: org.apache.maven.plugin.war.WarMojo
com.google.inject.ProvisionException: Unable to provision, see the following errors:

1) Error injecting constructor, java.lang.NoClassDefFoundError: Could not initialize class org.apache.maven.plugin.war.util.WebappStructureSerializer
  at org.apache.maven.plugin.war.WarMojo.<init>(Unknown Source)
  while locating org.apache.maven.plugin.war.WarMojo

1 error
	at com.google.inject.internal.InternalProvisionException.toProvisionException(InternalProvisionException.java:226)
	at com.google.inject.internal.InjectorImpl$1.get(InjectorImpl.java:1053)
	at com.google.inject.internal.InjectorImpl.getInstance(InjectorImpl.java:1086)
	at org.eclipse.sisu.space.AbstractDeferredClass.get(AbstractDeferredClass.java:48)
	at com.google.inject.internal.ProviderInternalFactory.provision(ProviderInternalFactory.java:85)
	at com.google.inject.internal.InternalFactoryToInitializableAdapter.provision(InternalFactoryToInitializableAdapter.java:57)
	at com.google.inject.internal.ProviderInternalFactory$1.call(ProviderInternalFactory.java:66)
	at com.google.inject.internal.ProvisionListenerStackCallback$Provision.provision(ProvisionListenerStackCallback.java:112)
	at com.google.inject.internal.ProvisionListenerStackCallback$Provision.provision(ProvisionListenerStackCallback.java:127)
	at com.google.inject.internal.ProvisionListenerStackCallback.provision(ProvisionListenerStackCallback.java:66)
	at com.google.inject.internal.ProviderInternalFactory.circularGet(ProviderInternalFactory.java:61)
	at com.google.inject.internal.InternalFactoryToInitializableAdapter.get(InternalFactoryToInitializableAdapter.java:47)
	at com.google.inject.internal.InjectorImpl$1.get(InjectorImpl.java:1050)
	at org.eclipse.sisu.inject.Guice4$1.get(Guice4.java:162)
	at org.eclipse.sisu.inject.LazyBeanEntry.getValue(LazyBeanEntry.java:81)
	at org.eclipse.sisu.plexus.LazyPlexusBean.getValue(LazyPlexusBean.java:51)
	at org.codehaus.plexus.DefaultPlexusContainer.lookup(DefaultPlexusContainer.java:263)
	at org.codehaus.plexus.DefaultPlexusContainer.lookup(DefaultPlexusContainer.java:255)
	at org.apache.maven.plugin.internal.DefaultMavenPluginManager.getConfiguredMojo(DefaultMavenPluginManager.java:520)
	at org.eclipse.m2e.core.internal.embedder.MavenImpl.getConfiguredMojo(MavenImpl.java:210)
	at org.eclipse.m2e.mavenarchiver.internal.AbstractMavenArchiverConfigurator.reflectManifestGeneration(AbstractMavenArchiverConfigurator.java:440)
	at org.eclipse.m2e.mavenarchiver.internal.AbstractMavenArchiverConfigurator.lambda$3(AbstractMavenArchiverConfigurator.java:399)
	at org.eclipse.m2e.core.internal.embedder.MavenExecutionContext.executeBare(MavenExecutionContext.java:394)
	at org.eclipse.m2e.core.internal.embedder.MavenExecutionContext.execute(MavenExecutionContext.java:275)
	at org.eclipse.m2e.core.internal.embedder.MavenExecutionContext.execute(MavenExecutionContext.java:214)
	at org.eclipse.m2e.mavenarchiver.internal.AbstractMavenArchiverConfigurator.generateManifest(AbstractMavenArchiverConfigurator.java:372)
	at org.eclipse.m2e.mavenarchiver.internal.AbstractMavenArchiverConfigurator.mavenProjectChanged(AbstractMavenArchiverConfigurator.java:229)
	at org.eclipse.m2e.mavenarchiver.internal.AbstractMavenArchiverConfigurator$1.build(AbstractMavenArchiverConfigurator.java:179)
	at org.eclipse.m2e.core.internal.builder.MavenBuilderImpl.lambda$1(MavenBuilderImpl.java:139)
	at java.base/java.util.LinkedHashMap.forEach(LinkedHashMap.java:721)
	at org.eclipse.m2e.core.internal.builder.MavenBuilderImpl.build(MavenBuilderImpl.java:122)
	at org.eclipse.m2e.core.internal.builder.MavenBuilder$1.method(MavenBuilder.java:164)
	at org.eclipse.m2e.core.internal.builder.MavenBuilder$1.method(MavenBuilder.java:1)
	at org.eclipse.m2e.core.internal.builder.MavenBuilder$BuildMethod.lambda$1(MavenBuilder.java:109)
	at org.eclipse.m2e.core.internal.embedder.MavenExecutionContext.executeBare(MavenExecutionContext.java:394)
	at org.eclipse.m2e.core.internal.embedder.MavenExecutionContext.execute(MavenExecutionContext.java:228)
	at org.eclipse.m2e.core.internal.builder.MavenBuilder$BuildMethod.lambda$0(MavenBuilder.java:100)
	at org.eclipse.m2e.core.internal.embedder.MavenExecutionContext.executeBare(MavenExecutionContext.java:394)
	at org.eclipse.m2e.core.internal.embedder.MavenExecutionContext.execute(MavenExecutionContext.java:275)
	at org.eclipse.m2e.core.internal.embedder.MavenExecutionContext.execute(MavenExecutionContext.java:214)
	at org.eclipse.m2e.core.internal.builder.MavenBuilder$BuildMethod.execute(MavenBuilder.java:83)
	at org.eclipse.m2e.core.internal.builder.MavenBuilder.build(MavenBuilder.java:192)
	at org.eclipse.core.internal.events.BuildManager$2.run(BuildManager.java:1020)
	at org.eclipse.core.runtime.SafeRunner.run(SafeRunner.java:45)
	at org.eclipse.core.internal.events.BuildManager.basicBuild(BuildManager.java:247)
	at org.eclipse.core.internal.events.BuildManager.basicBuild(BuildManager.java:303)
	at org.eclipse.core.internal.events.BuildManager$1.run(BuildManager.java:392)
	at org.eclipse.core.runtime.SafeRunner.run(SafeRunner.java:45)
	at org.eclipse.core.internal.events.BuildManager.basicBuild(BuildManager.java:395)
	at org.eclipse.core.internal.events.BuildManager.basicBuildLoop(BuildManager.java:506)
	at org.eclipse.core.internal.events.BuildManager.basicBuildLoop(BuildManager.java:454)
	at org.eclipse.core.internal.events.BuildManager.build(BuildManager.java:536)
	at org.eclipse.core.internal.events.AutoBuildJob.doBuild(AutoBuildJob.java:196)
	at org.eclipse.core.internal.events.AutoBuildJob.run(AutoBuildJob.java:289)
	at org.eclipse.core.internal.jobs.Worker.run(Worker.java:63)
Caused by: java.lang.NoClassDefFoundError: Could not initialize class org.apache.maven.plugin.war.util.WebappStructureSerializer
	at org.apache.maven.plugin.war.AbstractWarMojo.<init>(AbstractWarMojo.java:316)
	at org.apache.maven.plugin.war.WarMojo.<init>(WarMojo.java:49)
	at java.base/jdk.internal.reflect.NativeConstructorAccessorImpl.newInstance0(Native Method)
	at java.base/jdk.internal.reflect.NativeConstructorAccessorImpl.newInstance(NativeConstructorAccessorImpl.java:77)
	at java.base/jdk.internal.reflect.DelegatingConstructorAccessorImpl.newInstance(DelegatingConstructorAccessorImpl.java:45)
	at java.base/java.lang.reflect.Constructor.newInstanceWithCaller(Constructor.java:499)
	at java.base/java.lang.reflect.Constructor.newInstance(Constructor.java:480)
	at com.google.inject.internal.DefaultConstructionProxyFactory$ReflectiveProxy.newInstance(DefaultConstructionProxyFactory.java:126)
	at com.google.inject.internal.ConstructorInjector.provision(ConstructorInjector.java:114)
	at com.google.inject.internal.ConstructorInjector.access$000(ConstructorInjector.java:32)
	at com.google.inject.internal.ConstructorInjector$1.call(ConstructorInjector.java:98)
	at com.google.inject.internal.ProvisionListenerStackCallback$Provision.provision(ProvisionListenerStackCallback.java:112)
	at com.google.inject.internal.ProvisionListenerStackCallback$Provision.provision(ProvisionListenerStackCallback.java:127)
	at com.google.inject.internal.ProvisionListenerStackCallback.provision(ProvisionListenerStackCallback.java:66)
	at com.google.inject.internal.ConstructorInjector.construct(ConstructorInjector.java:93)
	at com.google.inject.internal.ConstructorBindingImpl$Factory.get(ConstructorBindingImpl.java:306)
	at com.google.inject.internal.InjectorImpl$1.get(InjectorImpl.java:1050)
	... 53 common frames omitted
2025-12-06 14:53:59,425 [Worker-20: Launching Executing clean in C__Users_IET_Desktop_VipulPriyanka_Web_Based_ Java_Day15 Spring_MySpringMVCDemo] INFO  o.e.m.i.launch.MavenLaunchDelegate - Run build in "C:\Users\IET\Desktop\VipulPriyanka\Web_Based_ Java\Day15 Spring\MySpringMVCDemo":
2025-12-06 14:53:59,426 [Worker-20: Launching Executing clean in C__Users_IET_Desktop_VipulPriyanka_Web_Based_ Java_Day15 Spring_MySpringMVCDemo] INFO  o.e.m.i.launch.MavenLaunchDelegate -  mvn  -B -Dstyle.color=always clean
2025-12-06 14:54:10,466 [main] INFO  o.e.m2e.actions.ExecutePomAction - Using existing launch configuration
2025-12-06 14:54:10,523 [Worker-15: Launching MySpringMVCDemo] INFO  o.e.m.i.launch.MavenLaunchDelegate - Run build in "C:\Users\IET\Desktop\VipulPriyanka\Web_Based_ Java\Day15 Spring\MySpringMVCDemo":
2025-12-06 14:54:10,524 [Worker-15: Launching MySpringMVCDemo] INFO  o.e.m.i.launch.MavenLaunchDelegate -  mvn  -B -Dstyle.color=always install
2025-12-06 14:54:45,735 [Worker-15: Building] INFO  o.e.m.c.i.l.LifecycleMappingFactory - Using org.maven.ide.eclipse.wtp.WarLifecycleMapping lifecycle mapping for MavenProject: com.demo:MySpringMVCDemo:0.0.1-SNAPSHOT @ C:\Users\IET\Desktop\VipulPriyanka\Web_Based_ Java\Day15 Spring\MySpringMVCDemo\pom.xml.
2025-12-06 14:54:46,064 [Worker-15: Building] WARN  Sisu - Error injecting: org.apache.maven.plugin.war.WarMojo
com.google.inject.ProvisionException: Unable to provision, see the following errors:

1) Error injecting constructor, java.lang.ExceptionInInitializerError: Cannot access defaults field of Properties
  at org.apache.maven.plugin.war.WarMojo.<init>(Unknown Source)
  while locating org.apache.maven.plugin.war.WarMojo

1 error
	at com.google.inject.internal.InternalProvisionException.toProvisionException(InternalProvisionException.java:226)
	at com.google.inject.internal.InjectorImpl$1.get(InjectorImpl.java:1053)
	at com.google.inject.internal.InjectorImpl.getInstance(InjectorImpl.java:1086)
	at org.eclipse.sisu.space.AbstractDeferredClass.get(AbstractDeferredClass.java:48)
	at com.google.inject.internal.ProviderInternalFactory.provision(ProviderInternalFactory.java:85)
	at com.google.inject.internal.InternalFactoryToInitializableAdapter.provision(InternalFactoryToInitializableAdapter.java:57)
	at com.google.inject.internal.ProviderInternalFactory$1.call(ProviderInternalFactory.java:66)
	at com.google.inject.internal.ProvisionListenerStackCallback$Provision.provision(ProvisionListenerStackCallback.java:112)
	at com.google.inject.internal.ProvisionListenerStackCallback$Provision.provision(ProvisionListenerStackCallback.java:127)
	at com.google.inject.internal.ProvisionListenerStackCallback.provision(ProvisionListenerStackCallback.java:66)
	at com.google.inject.internal.ProviderInternalFactory.circularGet(ProviderInternalFactory.java:61)
	at com.google.inject.internal.InternalFactoryToInitializableAdapter.get(InternalFactoryToInitializableAdapter.java:47)
	at com.google.inject.internal.InjectorImpl$1.get(InjectorImpl.java:1050)
	at org.eclipse.sisu.inject.Guice4$1.get(Guice4.java:162)
	at org.eclipse.sisu.inject.LazyBeanEntry.getValue(LazyBeanEntry.java:81)
	at org.eclipse.sisu.plexus.LazyPlexusBean.getValue(LazyPlexusBean.java:51)
	at org.codehaus.plexus.DefaultPlexusContainer.lookup(DefaultPlexusContainer.java:263)
	at org.codehaus.plexus.DefaultPlexusContainer.lookup(DefaultPlexusContainer.java:255)
	at org.apache.maven.plugin.internal.DefaultMavenPluginManager.getConfiguredMojo(DefaultMavenPluginManager.java:520)
	at org.eclipse.m2e.core.internal.embedder.MavenImpl.getConfiguredMojo(MavenImpl.java:210)
	at org.eclipse.m2e.mavenarchiver.internal.AbstractMavenArchiverConfigurator.reflectManifestGeneration(AbstractMavenArchiverConfigurator.java:440)
	at org.eclipse.m2e.mavenarchiver.internal.AbstractMavenArchiverConfigurator.lambda$3(AbstractMavenArchiverConfigurator.java:399)
	at org.eclipse.m2e.core.internal.embedder.MavenExecutionContext.executeBare(MavenExecutionContext.java:394)
	at org.eclipse.m2e.core.internal.embedder.MavenExecutionContext.execute(MavenExecutionContext.java:275)
	at org.eclipse.m2e.core.internal.embedder.MavenExecutionContext.execute(MavenExecutionContext.java:214)
	at org.eclipse.m2e.mavenarchiver.internal.AbstractMavenArchiverConfigurator.generateManifest(AbstractMavenArchiverConfigurator.java:372)
	at org.eclipse.m2e.mavenarchiver.internal.AbstractMavenArchiverConfigurator.mavenProjectChanged(AbstractMavenArchiverConfigurator.java:229)
	at org.eclipse.m2e.wtp.mavenarchiver.AbstractWTPArchiverConfigurator.mavenProjectChanged(AbstractWTPArchiverConfigurator.java:56)
	at org.eclipse.m2e.core.internal.project.ProjectConfigurationManager.mavenProjectChanged(ProjectConfigurationManager.java:883)
	at org.eclipse.m2e.core.internal.project.registry.ProjectRegistryManager.notifyProjectChangeListeners(ProjectRegistryManager.java:851)
	at org.eclipse.m2e.core.internal.project.registry.ProjectRegistryManager.applyMutableProjectRegistry(ProjectRegistryManager.java:1004)
	at org.eclipse.m2e.core.internal.project.registry.ProjectRegistryManager.refresh(ProjectRegistryManager.java:316)
	at org.eclipse.m2e.core.internal.builder.MavenBuilder$BuildMethod.getProjectFacade(MavenBuilder.java:146)
	at org.eclipse.m2e.core.internal.builder.MavenBuilder$BuildMethod.lambda$0(MavenBuilder.java:84)
	at org.eclipse.m2e.core.internal.embedder.MavenExecutionContext.executeBare(MavenExecutionContext.java:394)
	at org.eclipse.m2e.core.internal.embedder.MavenExecutionContext.execute(MavenExecutionContext.java:275)
	at org.eclipse.m2e.core.internal.embedder.MavenExecutionContext.execute(MavenExecutionContext.java:214)
	at org.eclipse.m2e.core.internal.builder.MavenBuilder$BuildMethod.execute(MavenBuilder.java:83)
	at org.eclipse.m2e.core.internal.builder.MavenBuilder.build(MavenBuilder.java:192)
	at org.eclipse.core.internal.events.BuildManager$2.run(BuildManager.java:1020)
	at org.eclipse.core.runtime.SafeRunner.run(SafeRunner.java:45)
	at org.eclipse.core.internal.events.BuildManager.basicBuild(BuildManager.java:247)
	at org.eclipse.core.internal.events.BuildManager.basicBuild(BuildManager.java:303)
	at org.eclipse.core.internal.events.BuildManager$1.run(BuildManager.java:392)
	at org.eclipse.core.runtime.SafeRunner.run(SafeRunner.java:45)
	at org.eclipse.core.internal.events.BuildManager.basicBuild(BuildManager.java:395)
	at org.eclipse.core.internal.events.BuildManager.basicBuildLoop(BuildManager.java:506)
	at org.eclipse.core.internal.events.BuildManager.basicBuildLoop(BuildManager.java:454)
	at org.eclipse.core.internal.events.BuildManager.build(BuildManager.java:536)
	at org.eclipse.core.internal.events.AutoBuildJob.doBuild(AutoBuildJob.java:196)
	at org.eclipse.core.internal.events.AutoBuildJob.run(AutoBuildJob.java:289)
	at org.eclipse.core.internal.jobs.Worker.run(Worker.java:63)
Caused by: java.lang.ExceptionInInitializerError: Cannot access defaults field of Properties
	at com.thoughtworks.xstream.converters.collections.PropertiesConverter.<clinit>(PropertiesConverter.java:46)
	at com.thoughtworks.xstream.XStream.setupConverters(XStream.java:647)
	at com.thoughtworks.xstream.XStream.<init>(XStream.java:445)
	at com.thoughtworks.xstream.XStream.<init>(XStream.java:385)
	at com.thoughtworks.xstream.XStream.<init>(XStream.java:342)
	at org.apache.maven.plugin.war.util.WebappStructureSerializer.<clinit>(WebappStructureSerializer.java:47)
	at org.apache.maven.plugin.war.AbstractWarMojo.<init>(AbstractWarMojo.java:316)
	at org.apache.maven.plugin.war.WarMojo.<init>(WarMojo.java:49)
	at java.base/jdk.internal.reflect.NativeConstructorAccessorImpl.newInstance0(Native Method)
	at java.base/jdk.internal.reflect.NativeConstructorAccessorImpl.newInstance(NativeConstructorAccessorImpl.java:77)
	at java.base/jdk.internal.reflect.DelegatingConstructorAccessorImpl.newInstance(DelegatingConstructorAccessorImpl.java:45)
	at java.base/java.lang.reflect.Constructor.newInstanceWithCaller(Constructor.java:499)
	at java.base/java.lang.reflect.Constructor.newInstance(Constructor.java:480)
	at com.google.inject.internal.DefaultConstructionProxyFactory$ReflectiveProxy.newInstance(DefaultConstructionProxyFactory.java:126)
	at com.google.inject.internal.ConstructorInjector.provision(ConstructorInjector.java:114)
	at com.google.inject.internal.ConstructorInjector.access$000(ConstructorInjector.java:32)
	at com.google.inject.internal.ConstructorInjector$1.call(ConstructorInjector.java:98)
	at com.google.inject.internal.ProvisionListenerStackCallback$Provision.provision(ProvisionListenerStackCallback.java:112)
	at com.google.inject.internal.ProvisionListenerStackCallback$Provision.provision(ProvisionListenerStackCallback.java:127)
	at com.google.inject.internal.ProvisionListenerStackCallback.provision(ProvisionListenerStackCallback.java:66)
	at com.google.inject.internal.ConstructorInjector.construct(ConstructorInjector.java:93)
	at com.google.inject.internal.ConstructorBindingImpl$Factory.get(ConstructorBindingImpl.java:306)
	at com.google.inject.internal.InjectorImpl$1.get(InjectorImpl.java:1050)
	... 50 common frames omitted
2025-12-06 14:54:46,242 [Worker-15: Building] WARN  o.e.m.c.i.embedder.EclipseLogger - Using platform encoding (Cp1252 actually) to copy filtered resources, i.e. build is platform dependent!
2025-12-06 14:54:46,245 [Worker-15: Building] INFO  o.e.m.c.i.embedder.EclipseLogger - Copying 0 resource
2025-12-06 14:54:46,248 [Worker-15: Building] WARN  o.e.m.c.i.embedder.EclipseLogger - Using platform encoding (Cp1252 actually) to copy filtered resources, i.e. build is platform dependent!
2025-12-06 14:54:46,250 [Worker-15: Building] INFO  o.e.m.c.i.embedder.EclipseLogger - Copying 0 resource
2025-12-06 14:54:46,250 [Worker-15: Building] INFO  o.e.m.w.i.f.ResourceFilteringBuildParticipant - Changed resources require a complete clean of filtered resources of MySpringMVCDemo
2025-12-06 14:54:46,250 [Worker-15: Building] INFO  o.e.m.w.i.f.ResourceFilteringBuildParticipant - Executing resource filtering for MySpringMVCDemo
2025-12-06 14:54:46,256 [Worker-15: Building] WARN  Sisu - Error injecting: org.apache.maven.plugin.war.WarMojo
com.google.inject.ProvisionException: Unable to provision, see the following errors:

1) Error injecting constructor, java.lang.NoClassDefFoundError: Could not initialize class org.apache.maven.plugin.war.util.WebappStructureSerializer
  at org.apache.maven.plugin.war.WarMojo.<init>(Unknown Source)
  while locating org.apache.maven.plugin.war.WarMojo

1 error
	at com.google.inject.internal.InternalProvisionException.toProvisionException(InternalProvisionException.java:226)
	at com.google.inject.internal.InjectorImpl$1.get(InjectorImpl.java:1053)
	at com.google.inject.internal.InjectorImpl.getInstance(InjectorImpl.java:1086)
	at org.eclipse.sisu.space.AbstractDeferredClass.get(AbstractDeferredClass.java:48)
	at com.google.inject.internal.ProviderInternalFactory.provision(ProviderInternalFactory.java:85)
	at com.google.inject.internal.InternalFactoryToInitializableAdapter.provision(InternalFactoryToInitializableAdapter.java:57)
	at com.google.inject.internal.ProviderInternalFactory$1.call(ProviderInternalFactory.java:66)
	at com.google.inject.internal.ProvisionListenerStackCallback$Provision.provision(ProvisionListenerStackCallback.java:112)
	at com.google.inject.internal.ProvisionListenerStackCallback$Provision.provision(ProvisionListenerStackCallback.java:127)
	at com.google.inject.internal.ProvisionListenerStackCallback.provision(ProvisionListenerStackCallback.java:66)
	at com.google.inject.internal.ProviderInternalFactory.circularGet(ProviderInternalFactory.java:61)
	at com.google.inject.internal.InternalFactoryToInitializableAdapter.get(InternalFactoryToInitializableAdapter.java:47)
	at com.google.inject.internal.InjectorImpl$1.get(InjectorImpl.java:1050)
	at org.eclipse.sisu.inject.Guice4$1.get(Guice4.java:162)
	at org.eclipse.sisu.inject.LazyBeanEntry.getValue(LazyBeanEntry.java:81)
	at org.eclipse.sisu.plexus.LazyPlexusBean.getValue(LazyPlexusBean.java:51)
	at org.codehaus.plexus.DefaultPlexusContainer.lookup(DefaultPlexusContainer.java:263)
	at org.codehaus.plexus.DefaultPlexusContainer.lookup(DefaultPlexusContainer.java:255)
	at org.apache.maven.plugin.internal.DefaultMavenPluginManager.getConfiguredMojo(DefaultMavenPluginManager.java:520)
	at org.eclipse.m2e.core.internal.embedder.MavenImpl.getConfiguredMojo(MavenImpl.java:210)
	at org.eclipse.m2e.mavenarchiver.internal.AbstractMavenArchiverConfigurator.reflectManifestGeneration(AbstractMavenArchiverConfigurator.java:440)
	at org.eclipse.m2e.mavenarchiver.internal.AbstractMavenArchiverConfigurator.lambda$3(AbstractMavenArchiverConfigurator.java:399)
	at org.eclipse.m2e.core.internal.embedder.MavenExecutionContext.executeBare(MavenExecutionContext.java:394)
	at org.eclipse.m2e.core.internal.embedder.MavenExecutionContext.execute(MavenExecutionContext.java:275)
	at org.eclipse.m2e.core.internal.embedder.MavenExecutionContext.execute(MavenExecutionContext.java:214)
	at org.eclipse.m2e.mavenarchiver.internal.AbstractMavenArchiverConfigurator.generateManifest(AbstractMavenArchiverConfigurator.java:372)
	at org.eclipse.m2e.mavenarchiver.internal.AbstractMavenArchiverConfigurator.mavenProjectChanged(AbstractMavenArchiverConfigurator.java:229)
	at org.eclipse.m2e.mavenarchiver.internal.AbstractMavenArchiverConfigurator$1.build(AbstractMavenArchiverConfigurator.java:179)
	at org.eclipse.m2e.core.internal.builder.MavenBuilderImpl.lambda$1(MavenBuilderImpl.java:139)
	at java.base/java.util.LinkedHashMap.forEach(LinkedHashMap.java:721)
	at org.eclipse.m2e.core.internal.builder.MavenBuilderImpl.build(MavenBuilderImpl.java:122)
	at org.eclipse.m2e.core.internal.builder.MavenBuilder$1.method(MavenBuilder.java:164)
	at org.eclipse.m2e.core.internal.builder.MavenBuilder$1.method(MavenBuilder.java:1)
	at org.eclipse.m2e.core.internal.builder.MavenBuilder$BuildMethod.lambda$1(MavenBuilder.java:109)
	at org.eclipse.m2e.core.internal.embedder.MavenExecutionContext.executeBare(MavenExecutionContext.java:394)
	at org.eclipse.m2e.core.internal.embedder.MavenExecutionContext.execute(MavenExecutionContext.java:228)
	at org.eclipse.m2e.core.internal.builder.MavenBuilder$BuildMethod.lambda$0(MavenBuilder.java:100)
	at org.eclipse.m2e.core.internal.embedder.MavenExecutionContext.executeBare(MavenExecutionContext.java:394)
	at org.eclipse.m2e.core.internal.embedder.MavenExecutionContext.execute(MavenExecutionContext.java:275)
	at org.eclipse.m2e.core.internal.embedder.MavenExecutionContext.execute(MavenExecutionContext.java:214)
	at org.eclipse.m2e.core.internal.builder.MavenBuilder$BuildMethod.execute(MavenBuilder.java:83)
	at org.eclipse.m2e.core.internal.builder.MavenBuilder.build(MavenBuilder.java:192)
	at org.eclipse.core.internal.events.BuildManager$2.run(BuildManager.java:1020)
	at org.eclipse.core.runtime.SafeRunner.run(SafeRunner.java:45)
	at org.eclipse.core.internal.events.BuildManager.basicBuild(BuildManager.java:247)
	at org.eclipse.core.internal.events.BuildManager.basicBuild(BuildManager.java:303)
	at org.eclipse.core.internal.events.BuildManager$1.run(BuildManager.java:392)
	at org.eclipse.core.runtime.SafeRunner.run(SafeRunner.java:45)
	at org.eclipse.core.internal.events.BuildManager.basicBuild(BuildManager.java:395)
	at org.eclipse.core.internal.events.BuildManager.basicBuildLoop(BuildManager.java:506)
	at org.eclipse.core.internal.events.BuildManager.basicBuildLoop(BuildManager.java:454)
	at org.eclipse.core.internal.events.BuildManager.build(BuildManager.java:536)
	at org.eclipse.core.internal.events.AutoBuildJob.doBuild(AutoBuildJob.java:196)
	at org.eclipse.core.internal.events.AutoBuildJob.run(AutoBuildJob.java:289)
	at org.eclipse.core.internal.jobs.Worker.run(Worker.java:63)
Caused by: java.lang.NoClassDefFoundError: Could not initialize class org.apache.maven.plugin.war.util.WebappStructureSerializer
	at org.apache.maven.plugin.war.AbstractWarMojo.<init>(AbstractWarMojo.java:316)
	at org.apache.maven.plugin.war.WarMojo.<init>(WarMojo.java:49)
	at java.base/jdk.internal.reflect.NativeConstructorAccessorImpl.newInstance0(Native Method)
	at java.base/jdk.internal.reflect.NativeConstructorAccessorImpl.newInstance(NativeConstructorAccessorImpl.java:77)
	at java.base/jdk.internal.reflect.DelegatingConstructorAccessorImpl.newInstance(DelegatingConstructorAccessorImpl.java:45)
	at java.base/java.lang.reflect.Constructor.newInstanceWithCaller(Constructor.java:499)
	at java.base/java.lang.reflect.Constructor.newInstance(Constructor.java:480)
	at com.google.inject.internal.DefaultConstructionProxyFactory$ReflectiveProxy.newInstance(DefaultConstructionProxyFactory.java:126)
	at com.google.inject.internal.ConstructorInjector.provision(ConstructorInjector.java:114)
	at com.google.inject.internal.ConstructorInjector.access$000(ConstructorInjector.java:32)
	at com.google.inject.internal.ConstructorInjector$1.call(ConstructorInjector.java:98)
	at com.google.inject.internal.ProvisionListenerStackCallback$Provision.provision(ProvisionListenerStackCallback.java:112)
	at com.google.inject.internal.ProvisionListenerStackCallback$Provision.provision(ProvisionListenerStackCallback.java:127)
	at com.google.inject.internal.ProvisionListenerStackCallback.provision(ProvisionListenerStackCallback.java:66)
	at com.google.inject.internal.ConstructorInjector.construct(ConstructorInjector.java:93)
	at com.google.inject.internal.ConstructorBindingImpl$Factory.get(ConstructorBindingImpl.java:306)
	at com.google.inject.internal.InjectorImpl$1.get(InjectorImpl.java:1050)
	... 53 common frames omitted
2025-12-06 14:54:50,868 [Worker-20: Launching Executing clean in C__Users_IET_Desktop_VipulPriyanka_Web_Based_ Java_Day15 Spring_MySpringMVCDemo] INFO  o.e.m.i.launch.MavenLaunchDelegate - Run build in "C:\Users\IET\Desktop\VipulPriyanka\Web_Based_ Java\Day15 Spring\MySpringMVCDemo":
2025-12-06 14:54:50,868 [Worker-20: Launching Executing clean in C__Users_IET_Desktop_VipulPriyanka_Web_Based_ Java_Day15 Spring_MySpringMVCDemo] INFO  o.e.m.i.launch.MavenLaunchDelegate -  mvn  -B -Dstyle.color=always clean
2025-12-06 14:54:58,593 [main] INFO  o.e.m2e.actions.ExecutePomAction - Using existing launch configuration
2025-12-06 14:54:58,649 [Worker-22: Launching MySpringMVCDemo] INFO  o.e.m.i.launch.MavenLaunchDelegate - Run build in "C:\Users\IET\Desktop\VipulPriyanka\Web_Based_ Java\Day15 Spring\MySpringMVCDemo":
2025-12-06 14:54:58,649 [Worker-22: Launching MySpringMVCDemo] INFO  o.e.m.i.launch.MavenLaunchDelegate -  mvn  -B -Dstyle.color=always install
2025-12-06 14:56:48,077 [Worker-23: Building] INFO  o.e.m.c.i.e.AbstractTransferListenerAdapter - Downloading https://repo.maven.apache.org/maven2/org/apache/maven/plugins/maven-compiler-plugin/3.8.1/maven-compiler-plugin-3.8.1.jar
2025-12-06 14:56:48,430 [Worker-23: Building] INFO  o.e.m.c.i.e.AbstractTransferListenerAdapter - Downloaded https://repo.maven.apache.org/maven2/org/apache/maven/plugins/maven-compiler-plugin/3.8.1/maven-compiler-plugin-3.8.1.jar
2025-12-06 14:56:49,290 [Worker-23: Building] INFO  o.e.m.c.i.e.AbstractTransferListenerAdapter - Downloaded https://repo.maven.apache.org/maven2/org/codehaus/plexus/plexus-component-annotations/1.7.1/plexus-component-annotations-1.7.1.pom
2025-12-06 14:56:49,746 [Worker-23: Building] INFO  o.e.m.c.i.e.AbstractTransferListenerAdapter - Downloaded https://repo.maven.apache.org/maven2/org/codehaus/plexus/plexus-containers/1.7.1/plexus-containers-1.7.1.pom
2025-12-06 14:56:50,555 [Worker-23: Building] INFO  o.e.m.c.i.e.AbstractTransferListenerAdapter - Downloaded https://repo.maven.apache.org/maven2/org/codehaus/plexus/plexus-java/0.9.10/plexus-java-0.9.10.pom
2025-12-06 14:56:51,032 [Worker-23: Building] INFO  o.e.m.c.i.e.AbstractTransferListenerAdapter - Downloaded https://repo.maven.apache.org/maven2/org/codehaus/plexus/plexus-languages/0.9.10/plexus-languages-0.9.10.pom
2025-12-06 14:56:51,186 [Worker-23: Building] INFO  o.e.m.c.i.e.AbstractTransferListenerAdapter - Downloaded https://repo.maven.apache.org/maven2/org/ow2/asm/asm/6.2/asm-6.2.pom
2025-12-06 14:56:51,314 [Worker-23: Building] INFO  o.e.m.c.i.e.AbstractTransferListenerAdapter - Downloaded https://repo.maven.apache.org/maven2/org/ow2/ow2/1.5/ow2-1.5.pom
2025-12-06 14:56:51,857 [Worker-23: Building] INFO  o.e.m.c.i.e.AbstractTransferListenerAdapter - Downloaded https://repo.maven.apache.org/maven2/com/thoughtworks/qdox/qdox/2.0-M9/qdox-2.0-M9.pom
2025-12-06 14:56:51,992 [Worker-23: Building] INFO  o.e.m.c.i.e.AbstractTransferListenerAdapter - Downloaded https://repo.maven.apache.org/maven2/org/sonatype/oss/oss-parent/9/oss-parent-9.pom
2025-12-06 14:56:52,139 [Worker-23: Building] INFO  o.e.m.c.i.e.AbstractTransferListenerAdapter - Downloaded https://repo.maven.apache.org/maven2/org/codehaus/plexus/plexus-compiler-api/2.8.4/plexus-compiler-api-2.8.4.pom
2025-12-06 14:56:52,271 [Worker-23: Building] INFO  o.e.m.c.i.e.AbstractTransferListenerAdapter - Downloaded https://repo.maven.apache.org/maven2/org/codehaus/plexus/plexus-compiler/2.8.4/plexus-compiler-2.8.4.pom
2025-12-06 14:56:52,858 [Worker-23: Building] INFO  o.e.m.c.i.e.AbstractTransferListenerAdapter - Downloaded https://repo.maven.apache.org/maven2/org/codehaus/plexus/plexus-components/4.0/plexus-components-4.0.pom
2025-12-06 14:56:53,020 [Worker-23: Building] INFO  o.e.m.c.i.e.AbstractTransferListenerAdapter - Downloaded https://repo.maven.apache.org/maven2/org/codehaus/plexus/plexus-utils/3.0.22/plexus-utils-3.0.22.pom
2025-12-06 14:56:53,554 [Worker-23: Building] INFO  o.e.m.c.i.e.AbstractTransferListenerAdapter - Downloaded https://repo.maven.apache.org/maven2/org/codehaus/plexus/plexus-compiler-manager/2.8.4/plexus-compiler-manager-2.8.4.pom
2025-12-06 14:56:53,671 [Worker-23: Building] INFO  o.e.m.c.i.e.AbstractTransferListenerAdapter - Downloaded https://repo.maven.apache.org/maven2/org/codehaus/plexus/plexus-compiler-javac/2.8.4/plexus-compiler-javac-2.8.4.pom
2025-12-06 14:56:53,787 [Worker-23: Building] INFO  o.e.m.c.i.e.AbstractTransferListenerAdapter - Downloaded https://repo.maven.apache.org/maven2/org/codehaus/plexus/plexus-compilers/2.8.4/plexus-compilers-2.8.4.pom
2025-12-06 14:56:53,838 [AetherRepositoryConnector-repo.maven.apache.org-0-1] INFO  o.e.m.c.i.e.AbstractTransferListenerAdapter - Downloading https://repo.maven.apache.org/maven2/org/apache/maven/maven-model/3.0/maven-model-3.0.jar
2025-12-06 14:56:53,869 [AetherRepositoryConnector-repo.maven.apache.org-0-2] INFO  o.e.m.c.i.e.AbstractTransferListenerAdapter - Downloading https://repo.maven.apache.org/maven2/org/sonatype/sisu/sisu-inject-plexus/1.4.2/sisu-inject-plexus-1.4.2.jar
2025-12-06 14:56:53,890 [AetherRepositoryConnector-repo.maven.apache.org-0-4] INFO  o.e.m.c.i.e.AbstractTransferListenerAdapter - Downloading https://repo.maven.apache.org/maven2/org/sonatype/sisu/sisu-guice/2.1.7/sisu-guice-2.1.7-noaop.jar
2025-12-06 14:56:53,944 [AetherRepositoryConnector-repo.maven.apache.org-0-0] INFO  o.e.m.c.i.e.AbstractTransferListenerAdapter - Downloading https://repo.maven.apache.org/maven2/org/apache/maven/maven-plugin-api/3.0/maven-plugin-api-3.0.jar
2025-12-06 14:56:53,953 [AetherRepositoryConnector-repo.maven.apache.org-0-3] INFO  o.e.m.c.i.e.AbstractTransferListenerAdapter - Downloading https://repo.maven.apache.org/maven2/org/sonatype/sisu/sisu-inject-bean/1.4.2/sisu-inject-bean-1.4.2.jar
2025-12-06 14:56:53,991 [AetherRepositoryConnector-repo.maven.apache.org-0-1] INFO  o.e.m.c.i.e.AbstractTransferListenerAdapter - Downloaded https://repo.maven.apache.org/maven2/org/apache/maven/maven-model/3.0/maven-model-3.0.jar
2025-12-06 14:56:54,000 [AetherRepositoryConnector-repo.maven.apache.org-0-2] INFO  o.e.m.c.i.e.AbstractTransferListenerAdapter - Downloaded https://repo.maven.apache.org/maven2/org/sonatype/sisu/sisu-inject-plexus/1.4.2/sisu-inject-plexus-1.4.2.jar
2025-12-06 14:56:54,034 [AetherRepositoryConnector-repo.maven.apache.org-0-1] INFO  o.e.m.c.i.e.AbstractTransferListenerAdapter - Downloading https://repo.maven.apache.org/maven2/org/apache/maven/maven-artifact/3.0/maven-artifact-3.0.jar
2025-12-06 14:56:54,077 [AetherRepositoryConnector-repo.maven.apache.org-0-2] INFO  o.e.m.c.i.e.AbstractTransferListenerAdapter - Downloading https://repo.maven.apache.org/maven2/org/codehaus/plexus/plexus-utils/2.0.4/plexus-utils-2.0.4.jar
2025-12-06 14:56:54,093 [AetherRepositoryConnector-repo.maven.apache.org-0-3] INFO  o.e.m.c.i.e.AbstractTransferListenerAdapter - Downloaded https://repo.maven.apache.org/maven2/org/sonatype/sisu/sisu-inject-bean/1.4.2/sisu-inject-bean-1.4.2.jar
2025-12-06 14:56:54,117 [AetherRepositoryConnector-repo.maven.apache.org-0-4] INFO  o.e.m.c.i.e.AbstractTransferListenerAdapter - Downloaded https://repo.maven.apache.org/maven2/org/sonatype/sisu/sisu-guice/2.1.7/sisu-guice-2.1.7-noaop.jar
2025-12-06 14:56:54,122 [AetherRepositoryConnector-repo.maven.apache.org-0-1] INFO  o.e.m.c.i.e.AbstractTransferListenerAdapter - Downloaded https://repo.maven.apache.org/maven2/org/apache/maven/maven-artifact/3.0/maven-artifact-3.0.jar
2025-12-06 14:56:54,123 [AetherRepositoryConnector-repo.maven.apache.org-0-3] INFO  o.e.m.c.i.e.AbstractTransferListenerAdapter - Downloading https://repo.maven.apache.org/maven2/org/apache/maven/maven-core/3.0/maven-core-3.0.jar
2025-12-06 14:56:54,182 [AetherRepositoryConnector-repo.maven.apache.org-0-4] INFO  o.e.m.c.i.e.AbstractTransferListenerAdapter - Downloading https://repo.maven.apache.org/maven2/org/apache/maven/maven-settings/3.0/maven-settings-3.0.jar
2025-12-06 14:56:54,193 [AetherRepositoryConnector-repo.maven.apache.org-0-1] INFO  o.e.m.c.i.e.AbstractTransferListenerAdapter - Downloading https://repo.maven.apache.org/maven2/org/apache/maven/maven-settings-builder/3.0/maven-settings-builder-3.0.jar
2025-12-06 14:56:54,208 [AetherRepositoryConnector-repo.maven.apache.org-0-2] INFO  o.e.m.c.i.e.AbstractTransferListenerAdapter - Downloaded https://repo.maven.apache.org/maven2/org/codehaus/plexus/plexus-utils/2.0.4/plexus-utils-2.0.4.jar
2025-12-06 14:56:54,243 [AetherRepositoryConnector-repo.maven.apache.org-0-2] INFO  o.e.m.c.i.e.AbstractTransferListenerAdapter - Downloading https://repo.maven.apache.org/maven2/org/apache/maven/maven-repository-metadata/3.0/maven-repository-metadata-3.0.jar
2025-12-06 14:56:54,306 [AetherRepositoryConnector-repo.maven.apache.org-0-3] INFO  o.e.m.c.i.e.AbstractTransferListenerAdapter - Downloaded https://repo.maven.apache.org/maven2/org/apache/maven/maven-core/3.0/maven-core-3.0.jar
2025-12-06 14:56:54,345 [AetherRepositoryConnector-repo.maven.apache.org-0-0] INFO  o.e.m.c.i.e.AbstractTransferListenerAdapter - Downloaded https://repo.maven.apache.org/maven2/org/apache/maven/maven-plugin-api/3.0/maven-plugin-api-3.0.jar
2025-12-06 14:56:54,359 [AetherRepositoryConnector-repo.maven.apache.org-0-3] INFO  o.e.m.c.i.e.AbstractTransferListenerAdapter - Downloading https://repo.maven.apache.org/maven2/org/apache/maven/maven-model-builder/3.0/maven-model-builder-3.0.jar
2025-12-06 14:56:54,394 [AetherRepositoryConnector-repo.maven.apache.org-0-0] INFO  o.e.m.c.i.e.AbstractTransferListenerAdapter - Downloading https://repo.maven.apache.org/maven2/org/apache/maven/maven-aether-provider/3.0/maven-aether-provider-3.0.jar
2025-12-06 14:56:54,455 [AetherRepositoryConnector-repo.maven.apache.org-0-2] INFO  o.e.m.c.i.e.AbstractTransferListenerAdapter - Downloaded https://repo.maven.apache.org/maven2/org/apache/maven/maven-repository-metadata/3.0/maven-repository-metadata-3.0.jar
2025-12-06 14:56:54,487 [AetherRepositoryConnector-repo.maven.apache.org-0-0] INFO  o.e.m.c.i.e.AbstractTransferListenerAdapter - Downloaded https://repo.maven.apache.org/maven2/org/apache/maven/maven-aether-provider/3.0/maven-aether-provider-3.0.jar
2025-12-06 14:56:54,497 [AetherRepositoryConnector-repo.maven.apache.org-0-3] INFO  o.e.m.c.i.e.AbstractTransferListenerAdapter - Downloaded https://repo.maven.apache.org/maven2/org/apache/maven/maven-model-builder/3.0/maven-model-builder-3.0.jar
2025-12-06 14:56:54,931 [AetherRepositoryConnector-repo.maven.apache.org-0-0] INFO  o.e.m.c.i.e.AbstractTransferListenerAdapter - Downloading https://repo.maven.apache.org/maven2/org/sonatype/aether/aether-spi/1.7/aether-spi-1.7.jar
2025-12-06 14:56:54,933 [AetherRepositoryConnector-repo.maven.apache.org-0-2] INFO  o.e.m.c.i.e.AbstractTransferListenerAdapter - Downloading https://repo.maven.apache.org/maven2/org/sonatype/aether/aether-impl/1.7/aether-impl-1.7.jar
2025-12-06 14:56:54,953 [AetherRepositoryConnector-repo.maven.apache.org-0-3] INFO  o.e.m.c.i.e.AbstractTransferListenerAdapter - Downloading https://repo.maven.apache.org/maven2/org/sonatype/aether/aether-api/1.7/aether-api-1.7.jar
2025-12-06 14:56:54,968 [AetherRepositoryConnector-repo.maven.apache.org-0-1] INFO  o.e.m.c.i.e.AbstractTransferListenerAdapter - Downloaded https://repo.maven.apache.org/maven2/org/apache/maven/maven-settings-builder/3.0/maven-settings-builder-3.0.jar
2025-12-06 14:56:54,973 [AetherRepositoryConnector-repo.maven.apache.org-0-4] INFO  o.e.m.c.i.e.AbstractTransferListenerAdapter - Downloaded https://repo.maven.apache.org/maven2/org/apache/maven/maven-settings/3.0/maven-settings-3.0.jar
2025-12-06 14:56:55,003 [AetherRepositoryConnector-repo.maven.apache.org-0-1] INFO  o.e.m.c.i.e.AbstractTransferListenerAdapter - Downloading https://repo.maven.apache.org/maven2/org/sonatype/aether/aether-util/1.7/aether-util-1.7.jar
2025-12-06 14:56:55,044 [AetherRepositoryConnector-repo.maven.apache.org-0-4] INFO  o.e.m.c.i.e.AbstractTransferListenerAdapter - Downloading https://repo.maven.apache.org/maven2/org/codehaus/plexus/plexus-interpolation/1.14/plexus-interpolation-1.14.jar
2025-12-06 14:56:55,065 [AetherRepositoryConnector-repo.maven.apache.org-0-2] INFO  o.e.m.c.i.e.AbstractTransferListenerAdapter - Downloaded https://repo.maven.apache.org/maven2/org/sonatype/aether/aether-impl/1.7/aether-impl-1.7.jar
2025-12-06 14:56:55,066 [AetherRepositoryConnector-repo.maven.apache.org-0-3] INFO  o.e.m.c.i.e.AbstractTransferListenerAdapter - Downloaded https://repo.maven.apache.org/maven2/org/sonatype/aether/aether-api/1.7/aether-api-1.7.jar
2025-12-06 14:56:55,086 [AetherRepositoryConnector-repo.maven.apache.org-0-1] INFO  o.e.m.c.i.e.AbstractTransferListenerAdapter - Downloaded https://repo.maven.apache.org/maven2/org/sonatype/aether/aether-util/1.7/aether-util-1.7.jar
2025-12-06 14:56:55,095 [AetherRepositoryConnector-repo.maven.apache.org-0-2] INFO  o.e.m.c.i.e.AbstractTransferListenerAdapter - Downloading https://repo.maven.apache.org/maven2/org/codehaus/plexus/plexus-classworlds/2.2.3/plexus-classworlds-2.2.3.jar
2025-12-06 14:56:55,109 [AetherRepositoryConnector-repo.maven.apache.org-0-3] INFO  o.e.m.c.i.e.AbstractTransferListenerAdapter - Downloading https://repo.maven.apache.org/maven2/org/codehaus/plexus/plexus-component-annotations/1.7.1/plexus-component-annotations-1.7.1.jar
2025-12-06 14:56:55,122 [AetherRepositoryConnector-repo.maven.apache.org-0-4] INFO  o.e.m.c.i.e.AbstractTransferListenerAdapter - Downloaded https://repo.maven.apache.org/maven2/org/codehaus/plexus/plexus-interpolation/1.14/plexus-interpolation-1.14.jar
2025-12-06 14:56:55,123 [AetherRepositoryConnector-repo.maven.apache.org-0-1] INFO  o.e.m.c.i.e.AbstractTransferListenerAdapter - Downloading https://repo.maven.apache.org/maven2/commons-io/commons-io/2.5/commons-io-2.5.jar
2025-12-06 14:56:55,250 [AetherRepositoryConnector-repo.maven.apache.org-0-4] INFO  o.e.m.c.i.e.AbstractTransferListenerAdapter - Downloading https://repo.maven.apache.org/maven2/org/codehaus/plexus/plexus-java/0.9.10/plexus-java-0.9.10.jar
2025-12-06 14:56:55,268 [AetherRepositoryConnector-repo.maven.apache.org-0-3] INFO  o.e.m.c.i.e.AbstractTransferListenerAdapter - Downloaded https://repo.maven.apache.org/maven2/org/codehaus/plexus/plexus-component-annotations/1.7.1/plexus-component-annotations-1.7.1.jar
2025-12-06 14:56:55,273 [AetherRepositoryConnector-repo.maven.apache.org-0-1] INFO  o.e.m.c.i.e.AbstractTransferListenerAdapter - Downloaded https://repo.maven.apache.org/maven2/commons-io/commons-io/2.5/commons-io-2.5.jar
2025-12-06 14:56:55,282 [AetherRepositoryConnector-repo.maven.apache.org-0-0] INFO  o.e.m.c.i.e.AbstractTransferListenerAdapter - Downloaded https://repo.maven.apache.org/maven2/org/sonatype/aether/aether-spi/1.7/aether-spi-1.7.jar
2025-12-06 14:56:55,306 [AetherRepositoryConnector-repo.maven.apache.org-0-3] INFO  o.e.m.c.i.e.AbstractTransferListenerAdapter - Downloading https://repo.maven.apache.org/maven2/org/ow2/asm/asm/6.2/asm-6.2.jar
2025-12-06 14:56:55,337 [AetherRepositoryConnector-repo.maven.apache.org-0-0] INFO  o.e.m.c.i.e.AbstractTransferListenerAdapter - Downloading https://repo.maven.apache.org/maven2/org/codehaus/plexus/plexus-compiler-api/2.8.4/plexus-compiler-api-2.8.4.jar
2025-12-06 14:56:55,341 [AetherRepositoryConnector-repo.maven.apache.org-0-1] INFO  o.e.m.c.i.e.AbstractTransferListenerAdapter - Downloading https://repo.maven.apache.org/maven2/com/thoughtworks/qdox/qdox/2.0-M9/qdox-2.0-M9.jar
2025-12-06 14:56:55,407 [AetherRepositoryConnector-repo.maven.apache.org-0-3] INFO  o.e.m.c.i.e.AbstractTransferListenerAdapter - Downloaded https://repo.maven.apache.org/maven2/org/ow2/asm/asm/6.2/asm-6.2.jar
2025-12-06 14:56:55,451 [AetherRepositoryConnector-repo.maven.apache.org-0-1] INFO  o.e.m.c.i.e.AbstractTransferListenerAdapter - Downloaded https://repo.maven.apache.org/maven2/com/thoughtworks/qdox/qdox/2.0-M9/qdox-2.0-M9.jar
2025-12-06 14:56:55,463 [AetherRepositoryConnector-repo.maven.apache.org-0-3] INFO  o.e.m.c.i.e.AbstractTransferListenerAdapter - Downloading https://repo.maven.apache.org/maven2/org/codehaus/plexus/plexus-compiler-manager/2.8.4/plexus-compiler-manager-2.8.4.jar
2025-12-06 14:56:55,496 [AetherRepositoryConnector-repo.maven.apache.org-0-1] INFO  o.e.m.c.i.e.AbstractTransferListenerAdapter - Downloading https://repo.maven.apache.org/maven2/org/codehaus/plexus/plexus-compiler-javac/2.8.4/plexus-compiler-javac-2.8.4.jar
2025-12-06 14:56:55,597 [AetherRepositoryConnector-repo.maven.apache.org-0-3] INFO  o.e.m.c.i.e.AbstractTransferListenerAdapter - Downloaded https://repo.maven.apache.org/maven2/org/codehaus/plexus/plexus-compiler-manager/2.8.4/plexus-compiler-manager-2.8.4.jar
2025-12-06 14:56:55,632 [AetherRepositoryConnector-repo.maven.apache.org-0-4] INFO  o.e.m.c.i.e.AbstractTransferListenerAdapter - Downloaded https://repo.maven.apache.org/maven2/org/codehaus/plexus/plexus-java/0.9.10/plexus-java-0.9.10.jar
2025-12-06 14:56:55,632 [AetherRepositoryConnector-repo.maven.apache.org-0-0] INFO  o.e.m.c.i.e.AbstractTransferListenerAdapter - Downloaded https://repo.maven.apache.org/maven2/org/codehaus/plexus/plexus-compiler-api/2.8.4/plexus-compiler-api-2.8.4.jar
2025-12-06 14:56:55,634 [AetherRepositoryConnector-repo.maven.apache.org-0-2] INFO  o.e.m.c.i.e.AbstractTransferListenerAdapter - Downloaded https://repo.maven.apache.org/maven2/org/codehaus/plexus/plexus-classworlds/2.2.3/plexus-classworlds-2.2.3.jar
2025-12-06 14:56:55,665 [AetherRepositoryConnector-repo.maven.apache.org-0-1] INFO  o.e.m.c.i.e.AbstractTransferListenerAdapter - Downloaded https://repo.maven.apache.org/maven2/org/codehaus/plexus/plexus-compiler-javac/2.8.4/plexus-compiler-javac-2.8.4.jar
2025-12-06 14:56:56,316 [Worker-23: Building] INFO  o.e.m.c.i.l.LifecycleMappingFactory - Using org.maven.ide.eclipse.wtp.WarLifecycleMapping lifecycle mapping for MavenProject: com.demo:MySpringMVCDemo:0.0.1-SNAPSHOT @ C:\Users\IET\Desktop\VipulPriyanka\Web_Based_ Java\Day15 Spring\MySpringMVCDemo\pom.xml.
2025-12-06 14:56:56,540 [Worker-23: Building] WARN  Sisu - Error injecting: org.apache.maven.plugin.war.WarMojo
com.google.inject.ProvisionException: Unable to provision, see the following errors:

1) Error injecting constructor, java.lang.ExceptionInInitializerError: Cannot access defaults field of Properties
  at org.apache.maven.plugin.war.WarMojo.<init>(Unknown Source)
  while locating org.apache.maven.plugin.war.WarMojo

1 error
	at com.google.inject.internal.InternalProvisionException.toProvisionException(InternalProvisionException.java:226)
	at com.google.inject.internal.InjectorImpl$1.get(InjectorImpl.java:1053)
	at com.google.inject.internal.InjectorImpl.getInstance(InjectorImpl.java:1086)
	at org.eclipse.sisu.space.AbstractDeferredClass.get(AbstractDeferredClass.java:48)
	at com.google.inject.internal.ProviderInternalFactory.provision(ProviderInternalFactory.java:85)
	at com.google.inject.internal.InternalFactoryToInitializableAdapter.provision(InternalFactoryToInitializableAdapter.java:57)
	at com.google.inject.internal.ProviderInternalFactory$1.call(ProviderInternalFactory.java:66)
	at com.google.inject.internal.ProvisionListenerStackCallback$Provision.provision(ProvisionListenerStackCallback.java:112)
	at com.google.inject.internal.ProvisionListenerStackCallback$Provision.provision(ProvisionListenerStackCallback.java:127)
	at com.google.inject.internal.ProvisionListenerStackCallback.provision(ProvisionListenerStackCallback.java:66)
	at com.google.inject.internal.ProviderInternalFactory.circularGet(ProviderInternalFactory.java:61)
	at com.google.inject.internal.InternalFactoryToInitializableAdapter.get(InternalFactoryToInitializableAdapter.java:47)
	at com.google.inject.internal.InjectorImpl$1.get(InjectorImpl.java:1050)
	at org.eclipse.sisu.inject.Guice4$1.get(Guice4.java:162)
	at org.eclipse.sisu.inject.LazyBeanEntry.getValue(LazyBeanEntry.java:81)
	at org.eclipse.sisu.plexus.LazyPlexusBean.getValue(LazyPlexusBean.java:51)
	at org.codehaus.plexus.DefaultPlexusContainer.lookup(DefaultPlexusContainer.java:263)
	at org.codehaus.plexus.DefaultPlexusContainer.lookup(DefaultPlexusContainer.java:255)
	at org.apache.maven.plugin.internal.DefaultMavenPluginManager.getConfiguredMojo(DefaultMavenPluginManager.java:520)
	at org.eclipse.m2e.core.internal.embedder.MavenImpl.getConfiguredMojo(MavenImpl.java:210)
	at org.eclipse.m2e.mavenarchiver.internal.AbstractMavenArchiverConfigurator.reflectManifestGeneration(AbstractMavenArchiverConfigurator.java:440)
	at org.eclipse.m2e.mavenarchiver.internal.AbstractMavenArchiverConfigurator.lambda$3(AbstractMavenArchiverConfigurator.java:399)
	at org.eclipse.m2e.core.internal.embedder.MavenExecutionContext.executeBare(MavenExecutionContext.java:394)
	at org.eclipse.m2e.core.internal.embedder.MavenExecutionContext.execute(MavenExecutionContext.java:275)
	at org.eclipse.m2e.core.internal.embedder.MavenExecutionContext.execute(MavenExecutionContext.java:214)
	at org.eclipse.m2e.mavenarchiver.internal.AbstractMavenArchiverConfigurator.generateManifest(AbstractMavenArchiverConfigurator.java:372)
	at org.eclipse.m2e.mavenarchiver.internal.AbstractMavenArchiverConfigurator.mavenProjectChanged(AbstractMavenArchiverConfigurator.java:229)
	at org.eclipse.m2e.wtp.mavenarchiver.AbstractWTPArchiverConfigurator.mavenProjectChanged(AbstractWTPArchiverConfigurator.java:56)
	at org.eclipse.m2e.core.internal.project.ProjectConfigurationManager.mavenProjectChanged(ProjectConfigurationManager.java:883)
	at org.eclipse.m2e.core.internal.project.registry.ProjectRegistryManager.notifyProjectChangeListeners(ProjectRegistryManager.java:851)
	at org.eclipse.m2e.core.internal.project.registry.ProjectRegistryManager.applyMutableProjectRegistry(ProjectRegistryManager.java:1004)
	at org.eclipse.m2e.core.internal.project.registry.ProjectRegistryManager.refresh(ProjectRegistryManager.java:316)
	at org.eclipse.m2e.core.internal.builder.MavenBuilder$BuildMethod.getProjectFacade(MavenBuilder.java:146)
	at org.eclipse.m2e.core.internal.builder.MavenBuilder$BuildMethod.lambda$0(MavenBuilder.java:84)
	at org.eclipse.m2e.core.internal.embedder.MavenExecutionContext.executeBare(MavenExecutionContext.java:394)
	at org.eclipse.m2e.core.internal.embedder.MavenExecutionContext.execute(MavenExecutionContext.java:275)
	at org.eclipse.m2e.core.internal.embedder.MavenExecutionContext.execute(MavenExecutionContext.java:214)
	at org.eclipse.m2e.core.internal.builder.MavenBuilder$BuildMethod.execute(MavenBuilder.java:83)
	at org.eclipse.m2e.core.internal.builder.MavenBuilder.build(MavenBuilder.java:192)
	at org.eclipse.core.internal.events.BuildManager$2.run(BuildManager.java:1020)
	at org.eclipse.core.runtime.SafeRunner.run(SafeRunner.java:45)
	at org.eclipse.core.internal.events.BuildManager.basicBuild(BuildManager.java:247)
	at org.eclipse.core.internal.events.BuildManager.basicBuild(BuildManager.java:303)
	at org.eclipse.core.internal.events.BuildManager$1.run(BuildManager.java:392)
	at org.eclipse.core.runtime.SafeRunner.run(SafeRunner.java:45)
	at org.eclipse.core.internal.events.BuildManager.basicBuild(BuildManager.java:395)
	at org.eclipse.core.internal.events.BuildManager.basicBuildLoop(BuildManager.java:506)
	at org.eclipse.core.internal.events.BuildManager.basicBuildLoop(BuildManager.java:454)
	at org.eclipse.core.internal.events.BuildManager.build(BuildManager.java:536)
	at org.eclipse.core.internal.events.AutoBuildJob.doBuild(AutoBuildJob.java:196)
	at org.eclipse.core.internal.events.AutoBuildJob.run(AutoBuildJob.java:289)
	at org.eclipse.core.internal.jobs.Worker.run(Worker.java:63)
Caused by: java.lang.ExceptionInInitializerError: Cannot access defaults field of Properties
	at com.thoughtworks.xstream.converters.collections.PropertiesConverter.<clinit>(PropertiesConverter.java:46)
	at com.thoughtworks.xstream.XStream.setupConverters(XStream.java:647)
	at com.thoughtworks.xstream.XStream.<init>(XStream.java:445)
	at com.thoughtworks.xstream.XStream.<init>(XStream.java:385)
	at com.thoughtworks.xstream.XStream.<init>(XStream.java:342)
	at org.apache.maven.plugin.war.util.WebappStructureSerializer.<clinit>(WebappStructureSerializer.java:47)
	at org.apache.maven.plugin.war.AbstractWarMojo.<init>(AbstractWarMojo.java:316)
	at org.apache.maven.plugin.war.WarMojo.<init>(WarMojo.java:49)
	at java.base/jdk.internal.reflect.NativeConstructorAccessorImpl.newInstance0(Native Method)
	at java.base/jdk.internal.reflect.NativeConstructorAccessorImpl.newInstance(NativeConstructorAccessorImpl.java:77)
	at java.base/jdk.internal.reflect.DelegatingConstructorAccessorImpl.newInstance(DelegatingConstructorAccessorImpl.java:45)
	at java.base/java.lang.reflect.Constructor.newInstanceWithCaller(Constructor.java:499)
	at java.base/java.lang.reflect.Constructor.newInstance(Constructor.java:480)
	at com.google.inject.internal.DefaultConstructionProxyFactory$ReflectiveProxy.newInstance(DefaultConstructionProxyFactory.java:126)
	at com.google.inject.internal.ConstructorInjector.provision(ConstructorInjector.java:114)
	at com.google.inject.internal.ConstructorInjector.access$000(ConstructorInjector.java:32)
	at com.google.inject.internal.ConstructorInjector$1.call(ConstructorInjector.java:98)
	at com.google.inject.internal.ProvisionListenerStackCallback$Provision.provision(ProvisionListenerStackCallback.java:112)
	at com.google.inject.internal.ProvisionListenerStackCallback$Provision.provision(ProvisionListenerStackCallback.java:127)
	at com.google.inject.internal.ProvisionListenerStackCallback.provision(ProvisionListenerStackCallback.java:66)
	at com.google.inject.internal.ConstructorInjector.construct(ConstructorInjector.java:93)
	at com.google.inject.internal.ConstructorBindingImpl$Factory.get(ConstructorBindingImpl.java:306)
	at com.google.inject.internal.InjectorImpl$1.get(InjectorImpl.java:1050)
	... 50 common frames omitted
2025-12-06 14:56:56,666 [Worker-23: Building] WARN  o.e.m.c.i.embedder.EclipseLogger - Using platform encoding (Cp1252 actually) to copy filtered resources, i.e. build is platform dependent!
2025-12-06 14:56:56,668 [Worker-23: Building] INFO  o.e.m.c.i.embedder.EclipseLogger - Copying 0 resource
2025-12-06 14:56:56,671 [Worker-23: Building] WARN  o.e.m.c.i.embedder.EclipseLogger - Using platform encoding (Cp1252 actually) to copy filtered resources, i.e. build is platform dependent!
2025-12-06 14:56:56,673 [Worker-23: Building] INFO  o.e.m.c.i.embedder.EclipseLogger - Copying 0 resource
2025-12-06 14:56:56,673 [Worker-23: Building] INFO  o.e.m.w.i.f.ResourceFilteringBuildParticipant - Changed resources require a complete clean of filtered resources of MySpringMVCDemo
2025-12-06 14:56:56,673 [Worker-23: Building] INFO  o.e.m.w.i.f.ResourceFilteringBuildParticipant - Executing resource filtering for MySpringMVCDemo
2025-12-06 14:56:56,678 [Worker-23: Building] WARN  Sisu - Error injecting: org.apache.maven.plugin.war.WarMojo
com.google.inject.ProvisionException: Unable to provision, see the following errors:

1) Error injecting constructor, java.lang.NoClassDefFoundError: Could not initialize class org.apache.maven.plugin.war.util.WebappStructureSerializer
  at org.apache.maven.plugin.war.WarMojo.<init>(Unknown Source)
  while locating org.apache.maven.plugin.war.WarMojo

1 error
	at com.google.inject.internal.InternalProvisionException.toProvisionException(InternalProvisionException.java:226)
	at com.google.inject.internal.InjectorImpl$1.get(InjectorImpl.java:1053)
	at com.google.inject.internal.InjectorImpl.getInstance(InjectorImpl.java:1086)
	at org.eclipse.sisu.space.AbstractDeferredClass.get(AbstractDeferredClass.java:48)
	at com.google.inject.internal.ProviderInternalFactory.provision(ProviderInternalFactory.java:85)
	at com.google.inject.internal.InternalFactoryToInitializableAdapter.provision(InternalFactoryToInitializableAdapter.java:57)
	at com.google.inject.internal.ProviderInternalFactory$1.call(ProviderInternalFactory.java:66)
	at com.google.inject.internal.ProvisionListenerStackCallback$Provision.provision(ProvisionListenerStackCallback.java:112)
	at com.google.inject.internal.ProvisionListenerStackCallback$Provision.provision(ProvisionListenerStackCallback.java:127)
	at com.google.inject.internal.ProvisionListenerStackCallback.provision(ProvisionListenerStackCallback.java:66)
	at com.google.inject.internal.ProviderInternalFactory.circularGet(ProviderInternalFactory.java:61)
	at com.google.inject.internal.InternalFactoryToInitializableAdapter.get(InternalFactoryToInitializableAdapter.java:47)
	at com.google.inject.internal.InjectorImpl$1.get(InjectorImpl.java:1050)
	at org.eclipse.sisu.inject.Guice4$1.get(Guice4.java:162)
	at org.eclipse.sisu.inject.LazyBeanEntry.getValue(LazyBeanEntry.java:81)
	at org.eclipse.sisu.plexus.LazyPlexusBean.getValue(LazyPlexusBean.java:51)
	at org.codehaus.plexus.DefaultPlexusContainer.lookup(DefaultPlexusContainer.java:263)
	at org.codehaus.plexus.DefaultPlexusContainer.lookup(DefaultPlexusContainer.java:255)
	at org.apache.maven.plugin.internal.DefaultMavenPluginManager.getConfiguredMojo(DefaultMavenPluginManager.java:520)
	at org.eclipse.m2e.core.internal.embedder.MavenImpl.getConfiguredMojo(MavenImpl.java:210)
	at org.eclipse.m2e.mavenarchiver.internal.AbstractMavenArchiverConfigurator.reflectManifestGeneration(AbstractMavenArchiverConfigurator.java:440)
	at org.eclipse.m2e.mavenarchiver.internal.AbstractMavenArchiverConfigurator.lambda$3(AbstractMavenArchiverConfigurator.java:399)
	at org.eclipse.m2e.core.internal.embedder.MavenExecutionContext.executeBare(MavenExecutionContext.java:394)
	at org.eclipse.m2e.core.internal.embedder.MavenExecutionContext.execute(MavenExecutionContext.java:275)
	at org.eclipse.m2e.core.internal.embedder.MavenExecutionContext.execute(MavenExecutionContext.java:214)
	at org.eclipse.m2e.mavenarchiver.internal.AbstractMavenArchiverConfigurator.generateManifest(AbstractMavenArchiverConfigurator.java:372)
	at org.eclipse.m2e.mavenarchiver.internal.AbstractMavenArchiverConfigurator.mavenProjectChanged(AbstractMavenArchiverConfigurator.java:229)
	at org.eclipse.m2e.mavenarchiver.internal.AbstractMavenArchiverConfigurator$1.build(AbstractMavenArchiverConfigurator.java:179)
	at org.eclipse.m2e.core.internal.builder.MavenBuilderImpl.lambda$1(MavenBuilderImpl.java:139)
	at java.base/java.util.LinkedHashMap.forEach(LinkedHashMap.java:721)
	at org.eclipse.m2e.core.internal.builder.MavenBuilderImpl.build(MavenBuilderImpl.java:122)
	at org.eclipse.m2e.core.internal.builder.MavenBuilder$1.method(MavenBuilder.java:164)
	at org.eclipse.m2e.core.internal.builder.MavenBuilder$1.method(MavenBuilder.java:1)
	at org.eclipse.m2e.core.internal.builder.MavenBuilder$BuildMethod.lambda$1(MavenBuilder.java:109)
	at org.eclipse.m2e.core.internal.embedder.MavenExecutionContext.executeBare(MavenExecutionContext.java:394)
	at org.eclipse.m2e.core.internal.embedder.MavenExecutionContext.execute(MavenExecutionContext.java:228)
	at org.eclipse.m2e.core.internal.builder.MavenBuilder$BuildMethod.lambda$0(MavenBuilder.java:100)
	at org.eclipse.m2e.core.internal.embedder.MavenExecutionContext.executeBare(MavenExecutionContext.java:394)
	at org.eclipse.m2e.core.internal.embedder.MavenExecutionContext.execute(MavenExecutionContext.java:275)
	at org.eclipse.m2e.core.internal.embedder.MavenExecutionContext.execute(MavenExecutionContext.java:214)
	at org.eclipse.m2e.core.internal.builder.MavenBuilder$BuildMethod.execute(MavenBuilder.java:83)
	at org.eclipse.m2e.core.internal.builder.MavenBuilder.build(MavenBuilder.java:192)
	at org.eclipse.core.internal.events.BuildManager$2.run(BuildManager.java:1020)
	at org.eclipse.core.runtime.SafeRunner.run(SafeRunner.java:45)
	at org.eclipse.core.internal.events.BuildManager.basicBuild(BuildManager.java:247)
	at org.eclipse.core.internal.events.BuildManager.basicBuild(BuildManager.java:303)
	at org.eclipse.core.internal.events.BuildManager$1.run(BuildManager.java:392)
	at org.eclipse.core.runtime.SafeRunner.run(SafeRunner.java:45)
	at org.eclipse.core.internal.events.BuildManager.basicBuild(BuildManager.java:395)
	at org.eclipse.core.internal.events.BuildManager.basicBuildLoop(BuildManager.java:506)
	at org.eclipse.core.internal.events.BuildManager.basicBuildLoop(BuildManager.java:454)
	at org.eclipse.core.internal.events.BuildManager.build(BuildManager.java:536)
	at org.eclipse.core.internal.events.AutoBuildJob.doBuild(AutoBuildJob.java:196)
	at org.eclipse.core.internal.events.AutoBuildJob.run(AutoBuildJob.java:289)
	at org.eclipse.core.internal.jobs.Worker.run(Worker.java:63)
Caused by: java.lang.NoClassDefFoundError: Could not initialize class org.apache.maven.plugin.war.util.WebappStructureSerializer
	at org.apache.maven.plugin.war.AbstractWarMojo.<init>(AbstractWarMojo.java:316)
	at org.apache.maven.plugin.war.WarMojo.<init>(WarMojo.java:49)
	at java.base/jdk.internal.reflect.NativeConstructorAccessorImpl.newInstance0(Native Method)
	at java.base/jdk.internal.reflect.NativeConstructorAccessorImpl.newInstance(NativeConstructorAccessorImpl.java:77)
	at java.base/jdk.internal.reflect.DelegatingConstructorAccessorImpl.newInstance(DelegatingConstructorAccessorImpl.java:45)
	at java.base/java.lang.reflect.Constructor.newInstanceWithCaller(Constructor.java:499)
	at java.base/java.lang.reflect.Constructor.newInstance(Constructor.java:480)
	at com.google.inject.internal.DefaultConstructionProxyFactory$ReflectiveProxy.newInstance(DefaultConstructionProxyFactory.java:126)
	at com.google.inject.internal.ConstructorInjector.provision(ConstructorInjector.java:114)
	at com.google.inject.internal.ConstructorInjector.access$000(ConstructorInjector.java:32)
	at com.google.inject.internal.ConstructorInjector$1.call(ConstructorInjector.java:98)
	at com.google.inject.internal.ProvisionListenerStackCallback$Provision.provision(ProvisionListenerStackCallback.java:112)
	at com.google.inject.internal.ProvisionListenerStackCallback$Provision.provision(ProvisionListenerStackCallback.java:127)
	at com.google.inject.internal.ProvisionListenerStackCallback.provision(ProvisionListenerStackCallback.java:66)
	at com.google.inject.internal.ConstructorInjector.construct(ConstructorInjector.java:93)
	at com.google.inject.internal.ConstructorBindingImpl$Factory.get(ConstructorBindingImpl.java:306)
	at com.google.inject.internal.InjectorImpl$1.get(InjectorImpl.java:1050)
	... 53 common frames omitted
2025-12-06 14:56:56,709 [Worker-20: Updating Maven Project] INFO  o.e.m.c.i.p.ProjectConfigurationManager - Update started
2025-12-06 14:56:56,955 [Worker-20: Updating Maven Project] INFO  o.e.m.c.i.l.LifecycleMappingFactory - Using org.maven.ide.eclipse.wtp.WarLifecycleMapping lifecycle mapping for MavenProject: com.demo:MySpringMVCDemo:0.0.1-SNAPSHOT @ C:\Users\IET\Desktop\VipulPriyanka\Web_Based_ Java\Day15 Spring\MySpringMVCDemo\pom.xml.
2025-12-06 14:56:57,261 [Worker-20: Updating Maven Project] WARN  Sisu - Error injecting: org.apache.maven.plugin.war.WarMojo
com.google.inject.ProvisionException: Unable to provision, see the following errors:

1) Error injecting constructor, java.lang.ExceptionInInitializerError: Cannot access defaults field of Properties
  at org.apache.maven.plugin.war.WarMojo.<init>(Unknown Source)
  while locating org.apache.maven.plugin.war.WarMojo

1 error
	at com.google.inject.internal.InternalProvisionException.toProvisionException(InternalProvisionException.java:226)
	at com.google.inject.internal.InjectorImpl$1.get(InjectorImpl.java:1053)
	at com.google.inject.internal.InjectorImpl.getInstance(InjectorImpl.java:1086)
	at org.eclipse.sisu.space.AbstractDeferredClass.get(AbstractDeferredClass.java:48)
	at com.google.inject.internal.ProviderInternalFactory.provision(ProviderInternalFactory.java:85)
	at com.google.inject.internal.InternalFactoryToInitializableAdapter.provision(InternalFactoryToInitializableAdapter.java:57)
	at com.google.inject.internal.ProviderInternalFactory$1.call(ProviderInternalFactory.java:66)
	at com.google.inject.internal.ProvisionListenerStackCallback$Provision.provision(ProvisionListenerStackCallback.java:112)
	at com.google.inject.internal.ProvisionListenerStackCallback$Provision.provision(ProvisionListenerStackCallback.java:127)
	at com.google.inject.internal.ProvisionListenerStackCallback.provision(ProvisionListenerStackCallback.java:66)
	at com.google.inject.internal.ProviderInternalFactory.circularGet(ProviderInternalFactory.java:61)
	at com.google.inject.internal.InternalFactoryToInitializableAdapter.get(InternalFactoryToInitializableAdapter.java:47)
	at com.google.inject.internal.InjectorImpl$1.get(InjectorImpl.java:1050)
	at org.eclipse.sisu.inject.Guice4$1.get(Guice4.java:162)
	at org.eclipse.sisu.inject.LazyBeanEntry.getValue(LazyBeanEntry.java:81)
	at org.eclipse.sisu.plexus.LazyPlexusBean.getValue(LazyPlexusBean.java:51)
	at org.codehaus.plexus.DefaultPlexusContainer.lookup(DefaultPlexusContainer.java:263)
	at org.codehaus.plexus.DefaultPlexusContainer.lookup(DefaultPlexusContainer.java:255)
	at org.apache.maven.plugin.internal.DefaultMavenPluginManager.getConfiguredMojo(DefaultMavenPluginManager.java:520)
	at org.eclipse.m2e.core.internal.embedder.MavenImpl.getConfiguredMojo(MavenImpl.java:210)
	at org.eclipse.m2e.mavenarchiver.internal.AbstractMavenArchiverConfigurator.reflectManifestGeneration(AbstractMavenArchiverConfigurator.java:440)
	at org.eclipse.m2e.mavenarchiver.internal.AbstractMavenArchiverConfigurator.lambda$3(AbstractMavenArchiverConfigurator.java:399)
	at org.eclipse.m2e.core.internal.embedder.MavenExecutionContext.executeBare(MavenExecutionContext.java:394)
	at org.eclipse.m2e.core.internal.embedder.MavenExecutionContext.execute(MavenExecutionContext.java:275)
	at org.eclipse.m2e.core.internal.embedder.MavenExecutionContext.execute(MavenExecutionContext.java:214)
	at org.eclipse.m2e.mavenarchiver.internal.AbstractMavenArchiverConfigurator.generateManifest(AbstractMavenArchiverConfigurator.java:372)
	at org.eclipse.m2e.mavenarchiver.internal.AbstractMavenArchiverConfigurator.mavenProjectChanged(AbstractMavenArchiverConfigurator.java:229)
	at org.eclipse.m2e.wtp.mavenarchiver.AbstractWTPArchiverConfigurator.mavenProjectChanged(AbstractWTPArchiverConfigurator.java:56)
	at org.eclipse.m2e.core.internal.project.ProjectConfigurationManager.mavenProjectChanged(ProjectConfigurationManager.java:883)
	at org.eclipse.m2e.core.internal.project.registry.ProjectRegistryManager.notifyProjectChangeListeners(ProjectRegistryManager.java:851)
	at org.eclipse.m2e.core.internal.project.registry.ProjectRegistryManager.applyMutableProjectRegistry(ProjectRegistryManager.java:1004)
	at org.eclipse.m2e.core.internal.project.registry.ProjectRegistryManager.refresh(ProjectRegistryManager.java:316)
	at org.eclipse.m2e.core.internal.project.ProjectConfigurationManager.updateProjectConfiguration0(ProjectConfigurationManager.java:388)
	at org.eclipse.m2e.core.internal.project.ProjectConfigurationManager.lambda$3(ProjectConfigurationManager.java:340)
	at org.eclipse.m2e.core.internal.embedder.MavenExecutionContext.executeBare(MavenExecutionContext.java:394)
	at org.eclipse.m2e.core.internal.embedder.MavenExecutionContext.execute(MavenExecutionContext.java:275)
	at org.eclipse.m2e.core.internal.embedder.MavenExecutionContext.execute(MavenExecutionContext.java:214)
	at org.eclipse.m2e.core.internal.embedder.MavenImpl.execute(MavenImpl.java:1097)
	at org.eclipse.m2e.core.internal.project.ProjectConfigurationManager.updateProjectConfiguration(ProjectConfigurationManager.java:339)
	at org.eclipse.m2e.core.ui.internal.UpdateMavenProjectJob.runInWorkspace(UpdateMavenProjectJob.java:80)
	at org.eclipse.core.internal.resources.InternalWorkspaceJob.run(InternalWorkspaceJob.java:43)
	at org.eclipse.core.internal.jobs.Worker.run(Worker.java:63)
Caused by: java.lang.ExceptionInInitializerError: Cannot access defaults field of Properties
	at com.thoughtworks.xstream.converters.collections.PropertiesConverter.<clinit>(PropertiesConverter.java:46)
	at com.thoughtworks.xstream.XStream.setupConverters(XStream.java:647)
	at com.thoughtworks.xstream.XStream.<init>(XStream.java:445)
	at com.thoughtworks.xstream.XStream.<init>(XStream.java:385)
	at com.thoughtworks.xstream.XStream.<init>(XStream.java:342)
	at org.apache.maven.plugin.war.util.WebappStructureSerializer.<clinit>(WebappStructureSerializer.java:47)
	at org.apache.maven.plugin.war.AbstractWarMojo.<init>(AbstractWarMojo.java:316)
	at org.apache.maven.plugin.war.WarMojo.<init>(WarMojo.java:49)
	at java.base/jdk.internal.reflect.NativeConstructorAccessorImpl.newInstance0(Native Method)
	at java.base/jdk.internal.reflect.NativeConstructorAccessorImpl.newInstance(NativeConstructorAccessorImpl.java:77)
	at java.base/jdk.internal.reflect.DelegatingConstructorAccessorImpl.newInstance(DelegatingConstructorAccessorImpl.java:45)
	at java.base/java.lang.reflect.Constructor.newInstanceWithCaller(Constructor.java:499)
	at java.base/java.lang.reflect.Constructor.newInstance(Constructor.java:480)
	at com.google.inject.internal.DefaultConstructionProxyFactory$ReflectiveProxy.newInstance(DefaultConstructionProxyFactory.java:126)
	at com.google.inject.internal.ConstructorInjector.provision(ConstructorInjector.java:114)
	at com.google.inject.internal.ConstructorInjector.access$000(ConstructorInjector.java:32)
	at com.google.inject.internal.ConstructorInjector$1.call(ConstructorInjector.java:98)
	at com.google.inject.internal.ProvisionListenerStackCallback$Provision.provision(ProvisionListenerStackCallback.java:112)
	at com.google.inject.internal.ProvisionListenerStackCallback$Provision.provision(ProvisionListenerStackCallback.java:127)
	at com.google.inject.internal.ProvisionListenerStackCallback.provision(ProvisionListenerStackCallback.java:66)
	at com.google.inject.internal.ConstructorInjector.construct(ConstructorInjector.java:93)
	at com.google.inject.internal.ConstructorBindingImpl$Factory.get(ConstructorBindingImpl.java:306)
	at com.google.inject.internal.InjectorImpl$1.get(InjectorImpl.java:1050)
	... 40 common frames omitted
2025-12-06 14:56:57,422 [Worker-20: Updating Maven Project] INFO  o.e.m.j.i.AbstractJavaProjectConfigurator - Adding source folder /MySpringMVCDemo/src/main/java
2025-12-06 14:56:57,422 [Worker-20: Updating Maven Project] INFO  o.e.m.j.i.AbstractJavaProjectConfigurator - Adding resource folder /MySpringMVCDemo/src/main/resources
2025-12-06 14:56:57,422 [Worker-20: Updating Maven Project] INFO  o.e.m.j.i.AbstractJavaProjectConfigurator - Adding source folder /MySpringMVCDemo/src/test/java
2025-12-06 14:56:57,423 [Worker-20: Updating Maven Project] INFO  o.e.m.j.i.AbstractJavaProjectConfigurator - Adding resource folder /MySpringMVCDemo/src/test/resources
2025-12-06 14:56:57,708 [Worker-20: Updating Maven Project] INFO  o.e.m.w.i.f.ResourceFilteringBuildParticipant - Cleaning filtered folder for MySpringMVCDemo
2025-12-06 14:56:57,729 [Worker-20: Updating Maven Project] INFO  o.e.m.c.i.p.ProjectConfigurationManager - Update completed for 1 poms: local refresh takes 0.00 sec, refresh facades takes 0.00 sec, update config takes 0.00 sec 
2025-12-06 14:56:57,873 [Worker-20: Building Project MySpringMVCDemo] WARN  o.e.m.c.i.embedder.EclipseLogger - Using platform encoding (Cp1252 actually) to copy filtered resources, i.e. build is platform dependent!
2025-12-06 14:56:57,875 [Worker-20: Building Project MySpringMVCDemo] INFO  o.e.m.c.i.embedder.EclipseLogger - Copying 0 resource
2025-12-06 14:56:57,878 [Worker-20: Building Project MySpringMVCDemo] WARN  o.e.m.c.i.embedder.EclipseLogger - Using platform encoding (Cp1252 actually) to copy filtered resources, i.e. build is platform dependent!
2025-12-06 14:56:57,880 [Worker-20: Building Project MySpringMVCDemo] INFO  o.e.m.c.i.embedder.EclipseLogger - Copying 0 resource
2025-12-06 14:56:57,880 [Worker-20: Building Project MySpringMVCDemo] INFO  o.e.m.w.i.f.ResourceFilteringBuildParticipant - Changed resources require a complete clean of filtered resources of MySpringMVCDemo
2025-12-06 14:56:57,880 [Worker-20: Building Project MySpringMVCDemo] INFO  o.e.m.w.i.f.ResourceFilteringBuildParticipant - Executing resource filtering for MySpringMVCDemo
2025-12-06 14:56:58,121 [Worker-20: Building Project MySpringMVCDemo] WARN  Sisu - Error injecting: org.apache.maven.plugin.war.WarMojo
com.google.inject.ProvisionException: Unable to provision, see the following errors:

1) Error injecting constructor, java.lang.ExceptionInInitializerError: Cannot access defaults field of Properties
  at org.apache.maven.plugin.war.WarMojo.<init>(Unknown Source)
  while locating org.apache.maven.plugin.war.WarMojo

1 error
	at com.google.inject.internal.InternalProvisionException.toProvisionException(InternalProvisionException.java:226)
	at com.google.inject.internal.InjectorImpl$1.get(InjectorImpl.java:1053)
	at com.google.inject.internal.InjectorImpl.getInstance(InjectorImpl.java:1086)
	at org.eclipse.sisu.space.AbstractDeferredClass.get(AbstractDeferredClass.java:48)
	at com.google.inject.internal.ProviderInternalFactory.provision(ProviderInternalFactory.java:85)
	at com.google.inject.internal.InternalFactoryToInitializableAdapter.provision(InternalFactoryToInitializableAdapter.java:57)
	at com.google.inject.internal.ProviderInternalFactory$1.call(ProviderInternalFactory.java:66)
	at com.google.inject.internal.ProvisionListenerStackCallback$Provision.provision(ProvisionListenerStackCallback.java:112)
	at com.google.inject.internal.ProvisionListenerStackCallback$Provision.provision(ProvisionListenerStackCallback.java:127)
	at com.google.inject.internal.ProvisionListenerStackCallback.provision(ProvisionListenerStackCallback.java:66)
	at com.google.inject.internal.ProviderInternalFactory.circularGet(ProviderInternalFactory.java:61)
	at com.google.inject.internal.InternalFactoryToInitializableAdapter.get(InternalFactoryToInitializableAdapter.java:47)
	at com.google.inject.internal.InjectorImpl$1.get(InjectorImpl.java:1050)
	at org.eclipse.sisu.inject.Guice4$1.get(Guice4.java:162)
	at org.eclipse.sisu.inject.LazyBeanEntry.getValue(LazyBeanEntry.java:81)
	at org.eclipse.sisu.plexus.LazyPlexusBean.getValue(LazyPlexusBean.java:51)
	at org.codehaus.plexus.DefaultPlexusContainer.lookup(DefaultPlexusContainer.java:263)
	at org.codehaus.plexus.DefaultPlexusContainer.lookup(DefaultPlexusContainer.java:255)
	at org.apache.maven.plugin.internal.DefaultMavenPluginManager.getConfiguredMojo(DefaultMavenPluginManager.java:520)
	at org.eclipse.m2e.core.internal.embedder.MavenImpl.getConfiguredMojo(MavenImpl.java:210)
	at org.eclipse.m2e.mavenarchiver.internal.AbstractMavenArchiverConfigurator.reflectManifestGeneration(AbstractMavenArchiverConfigurator.java:440)
	at org.eclipse.m2e.mavenarchiver.internal.AbstractMavenArchiverConfigurator.lambda$3(AbstractMavenArchiverConfigurator.java:399)
	at org.eclipse.m2e.core.internal.embedder.MavenExecutionContext.executeBare(MavenExecutionContext.java:394)
	at org.eclipse.m2e.core.internal.embedder.MavenExecutionContext.execute(MavenExecutionContext.java:275)
	at org.eclipse.m2e.core.internal.embedder.MavenExecutionContext.execute(MavenExecutionContext.java:214)
	at org.eclipse.m2e.mavenarchiver.internal.AbstractMavenArchiverConfigurator.generateManifest(AbstractMavenArchiverConfigurator.java:372)
	at org.eclipse.m2e.mavenarchiver.internal.AbstractMavenArchiverConfigurator.mavenProjectChanged(AbstractMavenArchiverConfigurator.java:229)
	at org.eclipse.m2e.mavenarchiver.internal.AbstractMavenArchiverConfigurator$1.build(AbstractMavenArchiverConfigurator.java:179)
	at org.eclipse.m2e.core.internal.builder.MavenBuilderImpl.lambda$1(MavenBuilderImpl.java:139)
	at java.base/java.util.LinkedHashMap.forEach(LinkedHashMap.java:721)
	at org.eclipse.m2e.core.internal.builder.MavenBuilderImpl.build(MavenBuilderImpl.java:122)
	at org.eclipse.m2e.core.internal.builder.MavenBuilder$1.method(MavenBuilder.java:164)
	at org.eclipse.m2e.core.internal.builder.MavenBuilder$1.method(MavenBuilder.java:1)
	at org.eclipse.m2e.core.internal.builder.MavenBuilder$BuildMethod.lambda$1(MavenBuilder.java:109)
	at org.eclipse.m2e.core.internal.embedder.MavenExecutionContext.executeBare(MavenExecutionContext.java:394)
	at org.eclipse.m2e.core.internal.embedder.MavenExecutionContext.execute(MavenExecutionContext.java:228)
	at org.eclipse.m2e.core.internal.builder.MavenBuilder$BuildMethod.lambda$0(MavenBuilder.java:100)
	at org.eclipse.m2e.core.internal.embedder.MavenExecutionContext.executeBare(MavenExecutionContext.java:394)
	at org.eclipse.m2e.core.internal.embedder.MavenExecutionContext.execute(MavenExecutionContext.java:275)
	at org.eclipse.m2e.core.internal.embedder.MavenExecutionContext.execute(MavenExecutionContext.java:214)
	at org.eclipse.m2e.core.internal.builder.MavenBuilder$BuildMethod.execute(MavenBuilder.java:83)
	at org.eclipse.m2e.core.internal.builder.MavenBuilder.build(MavenBuilder.java:192)
	at org.eclipse.core.internal.events.BuildManager$2.run(BuildManager.java:1020)
	at org.eclipse.core.runtime.SafeRunner.run(SafeRunner.java:45)
	at org.eclipse.core.internal.events.BuildManager.basicBuild(BuildManager.java:247)
	at org.eclipse.core.internal.events.BuildManager.basicBuild(BuildManager.java:303)
	at org.eclipse.core.internal.events.BuildManager$1.run(BuildManager.java:392)
	at org.eclipse.core.runtime.SafeRunner.run(SafeRunner.java:45)
	at org.eclipse.core.internal.events.BuildManager.basicBuild(BuildManager.java:395)
	at org.eclipse.core.internal.events.BuildManager.basicBuild(BuildManager.java:354)
	at org.eclipse.core.internal.events.BuildManager.build(BuildManager.java:616)
	at org.eclipse.core.internal.resources.Project$1.run(Project.java:571)
	at org.eclipse.core.internal.resources.Workspace.run(Workspace.java:2380)
	at org.eclipse.core.internal.resources.Project.internalBuild(Project.java:609)
	at org.eclipse.core.internal.resources.Project.build(Project.java:121)
	at org.eclipse.jst.common.project.facet.core.internal.JavaFacetUtil$1.run(JavaFacetUtil.java:147)
	at org.eclipse.core.internal.jobs.Worker.run(Worker.java:63)
Caused by: java.lang.ExceptionInInitializerError: Cannot access defaults field of Properties
	at com.thoughtworks.xstream.converters.collections.PropertiesConverter.<clinit>(PropertiesConverter.java:46)
	at com.thoughtworks.xstream.XStream.setupConverters(XStream.java:647)
	at com.thoughtworks.xstream.XStream.<init>(XStream.java:445)
	at com.thoughtworks.xstream.XStream.<init>(XStream.java:385)
	at com.thoughtworks.xstream.XStream.<init>(XStream.java:342)
	at org.apache.maven.plugin.war.util.WebappStructureSerializer.<clinit>(WebappStructureSerializer.java:47)
	at org.apache.maven.plugin.war.AbstractWarMojo.<init>(AbstractWarMojo.java:316)
	at org.apache.maven.plugin.war.WarMojo.<init>(WarMojo.java:49)
	at java.base/jdk.internal.reflect.NativeConstructorAccessorImpl.newInstance0(Native Method)
	at java.base/jdk.internal.reflect.NativeConstructorAccessorImpl.newInstance(NativeConstructorAccessorImpl.java:77)
	at java.base/jdk.internal.reflect.DelegatingConstructorAccessorImpl.newInstance(DelegatingConstructorAccessorImpl.java:45)
	at java.base/java.lang.reflect.Constructor.newInstanceWithCaller(Constructor.java:499)
	at java.base/java.lang.reflect.Constructor.newInstance(Constructor.java:480)
	at com.google.inject.internal.DefaultConstructionProxyFactory$ReflectiveProxy.newInstance(DefaultConstructionProxyFactory.java:126)
	at com.google.inject.internal.ConstructorInjector.provision(ConstructorInjector.java:114)
	at com.google.inject.internal.ConstructorInjector.access$000(ConstructorInjector.java:32)
	at com.google.inject.internal.ConstructorInjector$1.call(ConstructorInjector.java:98)
	at com.google.inject.internal.ProvisionListenerStackCallback$Provision.provision(ProvisionListenerStackCallback.java:112)
	at com.google.inject.internal.ProvisionListenerStackCallback$Provision.provision(ProvisionListenerStackCallback.java:127)
	at com.google.inject.internal.ProvisionListenerStackCallback.provision(ProvisionListenerStackCallback.java:66)
	at com.google.inject.internal.ConstructorInjector.construct(ConstructorInjector.java:93)
	at com.google.inject.internal.ConstructorBindingImpl$Factory.get(ConstructorBindingImpl.java:306)
	at com.google.inject.internal.InjectorImpl$1.get(InjectorImpl.java:1050)
	... 55 common frames omitted
2025-12-06 14:57:02,843 [Worker-20: Building] INFO  o.e.m.c.i.l.LifecycleMappingFactory - Using org.maven.ide.eclipse.wtp.WarLifecycleMapping lifecycle mapping for MavenProject: com.demo:MySpringMVCDemo:0.0.1-SNAPSHOT @ C:\Users\IET\Desktop\VipulPriyanka\Web_Based_ Java\Day15 Spring\MySpringMVCDemo\pom.xml.
2025-12-06 14:57:03,093 [Worker-20: Building] WARN  Sisu - Error injecting: org.apache.maven.plugin.war.WarMojo
com.google.inject.ProvisionException: Unable to provision, see the following errors:

1) Error injecting constructor, java.lang.ExceptionInInitializerError: Cannot access defaults field of Properties
  at org.apache.maven.plugin.war.WarMojo.<init>(Unknown Source)
  while locating org.apache.maven.plugin.war.WarMojo

1 error
	at com.google.inject.internal.InternalProvisionException.toProvisionException(InternalProvisionException.java:226)
	at com.google.inject.internal.InjectorImpl$1.get(InjectorImpl.java:1053)
	at com.google.inject.internal.InjectorImpl.getInstance(InjectorImpl.java:1086)
	at org.eclipse.sisu.space.AbstractDeferredClass.get(AbstractDeferredClass.java:48)
	at com.google.inject.internal.ProviderInternalFactory.provision(ProviderInternalFactory.java:85)
	at com.google.inject.internal.InternalFactoryToInitializableAdapter.provision(InternalFactoryToInitializableAdapter.java:57)
	at com.google.inject.internal.ProviderInternalFactory$1.call(ProviderInternalFactory.java:66)
	at com.google.inject.internal.ProvisionListenerStackCallback$Provision.provision(ProvisionListenerStackCallback.java:112)
	at com.google.inject.internal.ProvisionListenerStackCallback$Provision.provision(ProvisionListenerStackCallback.java:127)
	at com.google.inject.internal.ProvisionListenerStackCallback.provision(ProvisionListenerStackCallback.java:66)
	at com.google.inject.internal.ProviderInternalFactory.circularGet(ProviderInternalFactory.java:61)
	at com.google.inject.internal.InternalFactoryToInitializableAdapter.get(InternalFactoryToInitializableAdapter.java:47)
	at com.google.inject.internal.InjectorImpl$1.get(InjectorImpl.java:1050)
	at org.eclipse.sisu.inject.Guice4$1.get(Guice4.java:162)
	at org.eclipse.sisu.inject.LazyBeanEntry.getValue(LazyBeanEntry.java:81)
	at org.eclipse.sisu.plexus.LazyPlexusBean.getValue(LazyPlexusBean.java:51)
	at org.codehaus.plexus.DefaultPlexusContainer.lookup(DefaultPlexusContainer.java:263)
	at org.codehaus.plexus.DefaultPlexusContainer.lookup(DefaultPlexusContainer.java:255)
	at org.apache.maven.plugin.internal.DefaultMavenPluginManager.getConfiguredMojo(DefaultMavenPluginManager.java:520)
	at org.eclipse.m2e.core.internal.embedder.MavenImpl.getConfiguredMojo(MavenImpl.java:210)
	at org.eclipse.m2e.mavenarchiver.internal.AbstractMavenArchiverConfigurator.reflectManifestGeneration(AbstractMavenArchiverConfigurator.java:440)
	at org.eclipse.m2e.mavenarchiver.internal.AbstractMavenArchiverConfigurator.lambda$3(AbstractMavenArchiverConfigurator.java:399)
	at org.eclipse.m2e.core.internal.embedder.MavenExecutionContext.executeBare(MavenExecutionContext.java:394)
	at org.eclipse.m2e.core.internal.embedder.MavenExecutionContext.execute(MavenExecutionContext.java:275)
	at org.eclipse.m2e.core.internal.embedder.MavenExecutionContext.execute(MavenExecutionContext.java:214)
	at org.eclipse.m2e.mavenarchiver.internal.AbstractMavenArchiverConfigurator.generateManifest(AbstractMavenArchiverConfigurator.java:372)
	at org.eclipse.m2e.mavenarchiver.internal.AbstractMavenArchiverConfigurator.mavenProjectChanged(AbstractMavenArchiverConfigurator.java:229)
	at org.eclipse.m2e.wtp.mavenarchiver.AbstractWTPArchiverConfigurator.mavenProjectChanged(AbstractWTPArchiverConfigurator.java:56)
	at org.eclipse.m2e.core.internal.project.ProjectConfigurationManager.mavenProjectChanged(ProjectConfigurationManager.java:883)
	at org.eclipse.m2e.core.internal.project.registry.ProjectRegistryManager.notifyProjectChangeListeners(ProjectRegistryManager.java:851)
	at org.eclipse.m2e.core.internal.project.registry.ProjectRegistryManager.applyMutableProjectRegistry(ProjectRegistryManager.java:1004)
	at org.eclipse.m2e.core.internal.project.registry.ProjectRegistryManager.refresh(ProjectRegistryManager.java:316)
	at org.eclipse.m2e.core.internal.builder.MavenBuilder$BuildMethod.getProjectFacade(MavenBuilder.java:146)
	at org.eclipse.m2e.core.internal.builder.MavenBuilder$BuildMethod.lambda$0(MavenBuilder.java:84)
	at org.eclipse.m2e.core.internal.embedder.MavenExecutionContext.executeBare(MavenExecutionContext.java:394)
	at org.eclipse.m2e.core.internal.embedder.MavenExecutionContext.execute(MavenExecutionContext.java:275)
	at org.eclipse.m2e.core.internal.embedder.MavenExecutionContext.execute(MavenExecutionContext.java:214)
	at org.eclipse.m2e.core.internal.builder.MavenBuilder$BuildMethod.execute(MavenBuilder.java:83)
	at org.eclipse.m2e.core.internal.builder.MavenBuilder.build(MavenBuilder.java:192)
	at org.eclipse.core.internal.events.BuildManager$2.run(BuildManager.java:1020)
	at org.eclipse.core.runtime.SafeRunner.run(SafeRunner.java:45)
	at org.eclipse.core.internal.events.BuildManager.basicBuild(BuildManager.java:247)
	at org.eclipse.core.internal.events.BuildManager.basicBuild(BuildManager.java:303)
	at org.eclipse.core.internal.events.BuildManager$1.run(BuildManager.java:392)
	at org.eclipse.core.runtime.SafeRunner.run(SafeRunner.java:45)
	at org.eclipse.core.internal.events.BuildManager.basicBuild(BuildManager.java:395)
	at org.eclipse.core.internal.events.BuildManager.basicBuildLoop(BuildManager.java:506)
	at org.eclipse.core.internal.events.BuildManager.basicBuildLoop(BuildManager.java:454)
	at org.eclipse.core.internal.events.BuildManager.build(BuildManager.java:536)
	at org.eclipse.core.internal.events.AutoBuildJob.doBuild(AutoBuildJob.java:196)
	at org.eclipse.core.internal.events.AutoBuildJob.run(AutoBuildJob.java:289)
	at org.eclipse.core.internal.jobs.Worker.run(Worker.java:63)
Caused by: java.lang.ExceptionInInitializerError: Cannot access defaults field of Properties
	at com.thoughtworks.xstream.converters.collections.PropertiesConverter.<clinit>(PropertiesConverter.java:46)
	at com.thoughtworks.xstream.XStream.setupConverters(XStream.java:647)
	at com.thoughtworks.xstream.XStream.<init>(XStream.java:445)
	at com.thoughtworks.xstream.XStream.<init>(XStream.java:385)
	at com.thoughtworks.xstream.XStream.<init>(XStream.java:342)
	at org.apache.maven.plugin.war.util.WebappStructureSerializer.<clinit>(WebappStructureSerializer.java:47)
	at org.apache.maven.plugin.war.AbstractWarMojo.<init>(AbstractWarMojo.java:316)
	at org.apache.maven.plugin.war.WarMojo.<init>(WarMojo.java:49)
	at java.base/jdk.internal.reflect.NativeConstructorAccessorImpl.newInstance0(Native Method)
	at java.base/jdk.internal.reflect.NativeConstructorAccessorImpl.newInstance(NativeConstructorAccessorImpl.java:77)
	at java.base/jdk.internal.reflect.DelegatingConstructorAccessorImpl.newInstance(DelegatingConstructorAccessorImpl.java:45)
	at java.base/java.lang.reflect.Constructor.newInstanceWithCaller(Constructor.java:499)
	at java.base/java.lang.reflect.Constructor.newInstance(Constructor.java:480)
	at com.google.inject.internal.DefaultConstructionProxyFactory$ReflectiveProxy.newInstance(DefaultConstructionProxyFactory.java:126)
	at com.google.inject.internal.ConstructorInjector.provision(ConstructorInjector.java:114)
	at com.google.inject.internal.ConstructorInjector.access$000(ConstructorInjector.java:32)
	at com.google.inject.internal.ConstructorInjector$1.call(ConstructorInjector.java:98)
	at com.google.inject.internal.ProvisionListenerStackCallback$Provision.provision(ProvisionListenerStackCallback.java:112)
	at com.google.inject.internal.ProvisionListenerStackCallback$Provision.provision(ProvisionListenerStackCallback.java:127)
	at com.google.inject.internal.ProvisionListenerStackCallback.provision(ProvisionListenerStackCallback.java:66)
	at com.google.inject.internal.ConstructorInjector.construct(ConstructorInjector.java:93)
	at com.google.inject.internal.ConstructorBindingImpl$Factory.get(ConstructorBindingImpl.java:306)
	at com.google.inject.internal.InjectorImpl$1.get(InjectorImpl.java:1050)
	... 50 common frames omitted
2025-12-06 14:57:03,213 [Worker-20: Building] WARN  o.e.m.c.i.embedder.EclipseLogger - Using platform encoding (Cp1252 actually) to copy filtered resources, i.e. build is platform dependent!
2025-12-06 14:57:03,215 [Worker-20: Building] INFO  o.e.m.c.i.embedder.EclipseLogger - Copying 0 resource
2025-12-06 14:57:03,218 [Worker-20: Building] WARN  o.e.m.c.i.embedder.EclipseLogger - Using platform encoding (Cp1252 actually) to copy filtered resources, i.e. build is platform dependent!
2025-12-06 14:57:03,218 [Worker-20: Building] INFO  o.e.m.c.i.embedder.EclipseLogger - Copying 0 resource
2025-12-06 14:57:03,219 [Worker-20: Building] INFO  o.e.m.w.i.f.ResourceFilteringBuildParticipant - Changed resources require a complete clean of filtered resources of MySpringMVCDemo
2025-12-06 14:57:03,219 [Worker-20: Building] INFO  o.e.m.w.i.f.ResourceFilteringBuildParticipant - Executing resource filtering for MySpringMVCDemo
2025-12-06 14:57:03,224 [Worker-20: Building] WARN  Sisu - Error injecting: org.apache.maven.plugin.war.WarMojo
com.google.inject.ProvisionException: Unable to provision, see the following errors:

1) Error injecting constructor, java.lang.NoClassDefFoundError: Could not initialize class org.apache.maven.plugin.war.util.WebappStructureSerializer
  at org.apache.maven.plugin.war.WarMojo.<init>(Unknown Source)
  while locating org.apache.maven.plugin.war.WarMojo

1 error
	at com.google.inject.internal.InternalProvisionException.toProvisionException(InternalProvisionException.java:226)
	at com.google.inject.internal.InjectorImpl$1.get(InjectorImpl.java:1053)
	at com.google.inject.internal.InjectorImpl.getInstance(InjectorImpl.java:1086)
	at org.eclipse.sisu.space.AbstractDeferredClass.get(AbstractDeferredClass.java:48)
	at com.google.inject.internal.ProviderInternalFactory.provision(ProviderInternalFactory.java:85)
	at com.google.inject.internal.InternalFactoryToInitializableAdapter.provision(InternalFactoryToInitializableAdapter.java:57)
	at com.google.inject.internal.ProviderInternalFactory$1.call(ProviderInternalFactory.java:66)
	at com.google.inject.internal.ProvisionListenerStackCallback$Provision.provision(ProvisionListenerStackCallback.java:112)
	at com.google.inject.internal.ProvisionListenerStackCallback$Provision.provision(ProvisionListenerStackCallback.java:127)
	at com.google.inject.internal.ProvisionListenerStackCallback.provision(ProvisionListenerStackCallback.java:66)
	at com.google.inject.internal.ProviderInternalFactory.circularGet(ProviderInternalFactory.java:61)
	at com.google.inject.internal.InternalFactoryToInitializableAdapter.get(InternalFactoryToInitializableAdapter.java:47)
	at com.google.inject.internal.InjectorImpl$1.get(InjectorImpl.java:1050)
	at org.eclipse.sisu.inject.Guice4$1.get(Guice4.java:162)
	at org.eclipse.sisu.inject.LazyBeanEntry.getValue(LazyBeanEntry.java:81)
	at org.eclipse.sisu.plexus.LazyPlexusBean.getValue(LazyPlexusBean.java:51)
	at org.codehaus.plexus.DefaultPlexusContainer.lookup(DefaultPlexusContainer.java:263)
	at org.codehaus.plexus.DefaultPlexusContainer.lookup(DefaultPlexusContainer.java:255)
	at org.apache.maven.plugin.internal.DefaultMavenPluginManager.getConfiguredMojo(DefaultMavenPluginManager.java:520)
	at org.eclipse.m2e.core.internal.embedder.MavenImpl.getConfiguredMojo(MavenImpl.java:210)
	at org.eclipse.m2e.mavenarchiver.internal.AbstractMavenArchiverConfigurator.reflectManifestGeneration(AbstractMavenArchiverConfigurator.java:440)
	at org.eclipse.m2e.mavenarchiver.internal.AbstractMavenArchiverConfigurator.lambda$3(AbstractMavenArchiverConfigurator.java:399)
	at org.eclipse.m2e.core.internal.embedder.MavenExecutionContext.executeBare(MavenExecutionContext.java:394)
	at org.eclipse.m2e.core.internal.embedder.MavenExecutionContext.execute(MavenExecutionContext.java:275)
	at org.eclipse.m2e.core.internal.embedder.MavenExecutionContext.execute(MavenExecutionContext.java:214)
	at org.eclipse.m2e.mavenarchiver.internal.AbstractMavenArchiverConfigurator.generateManifest(AbstractMavenArchiverConfigurator.java:372)
	at org.eclipse.m2e.mavenarchiver.internal.AbstractMavenArchiverConfigurator.mavenProjectChanged(AbstractMavenArchiverConfigurator.java:229)
	at org.eclipse.m2e.mavenarchiver.internal.AbstractMavenArchiverConfigurator$1.build(AbstractMavenArchiverConfigurator.java:179)
	at org.eclipse.m2e.core.internal.builder.MavenBuilderImpl.lambda$1(MavenBuilderImpl.java:139)
	at java.base/java.util.LinkedHashMap.forEach(LinkedHashMap.java:721)
	at org.eclipse.m2e.core.internal.builder.MavenBuilderImpl.build(MavenBuilderImpl.java:122)
	at org.eclipse.m2e.core.internal.builder.MavenBuilder$1.method(MavenBuilder.java:164)
	at org.eclipse.m2e.core.internal.builder.MavenBuilder$1.method(MavenBuilder.java:1)
	at org.eclipse.m2e.core.internal.builder.MavenBuilder$BuildMethod.lambda$1(MavenBuilder.java:109)
	at org.eclipse.m2e.core.internal.embedder.MavenExecutionContext.executeBare(MavenExecutionContext.java:394)
	at org.eclipse.m2e.core.internal.embedder.MavenExecutionContext.execute(MavenExecutionContext.java:228)
	at org.eclipse.m2e.core.internal.builder.MavenBuilder$BuildMethod.lambda$0(MavenBuilder.java:100)
	at org.eclipse.m2e.core.internal.embedder.MavenExecutionContext.executeBare(MavenExecutionContext.java:394)
	at org.eclipse.m2e.core.internal.embedder.MavenExecutionContext.execute(MavenExecutionContext.java:275)
	at org.eclipse.m2e.core.internal.embedder.MavenExecutionContext.execute(MavenExecutionContext.java:214)
	at org.eclipse.m2e.core.internal.builder.MavenBuilder$BuildMethod.execute(MavenBuilder.java:83)
	at org.eclipse.m2e.core.internal.builder.MavenBuilder.build(MavenBuilder.java:192)
	at org.eclipse.core.internal.events.BuildManager$2.run(BuildManager.java:1020)
	at org.eclipse.core.runtime.SafeRunner.run(SafeRunner.java:45)
	at org.eclipse.core.internal.events.BuildManager.basicBuild(BuildManager.java:247)
	at org.eclipse.core.internal.events.BuildManager.basicBuild(BuildManager.java:303)
	at org.eclipse.core.internal.events.BuildManager$1.run(BuildManager.java:392)
	at org.eclipse.core.runtime.SafeRunner.run(SafeRunner.java:45)
	at org.eclipse.core.internal.events.BuildManager.basicBuild(BuildManager.java:395)
	at org.eclipse.core.internal.events.BuildManager.basicBuildLoop(BuildManager.java:506)
	at org.eclipse.core.internal.events.BuildManager.basicBuildLoop(BuildManager.java:454)
	at org.eclipse.core.internal.events.BuildManager.build(BuildManager.java:536)
	at org.eclipse.core.internal.events.AutoBuildJob.doBuild(AutoBuildJob.java:196)
	at org.eclipse.core.internal.events.AutoBuildJob.run(AutoBuildJob.java:289)
	at org.eclipse.core.internal.jobs.Worker.run(Worker.java:63)
Caused by: java.lang.NoClassDefFoundError: Could not initialize class org.apache.maven.plugin.war.util.WebappStructureSerializer
	at org.apache.maven.plugin.war.AbstractWarMojo.<init>(AbstractWarMojo.java:316)
	at org.apache.maven.plugin.war.WarMojo.<init>(WarMojo.java:49)
	at java.base/jdk.internal.reflect.NativeConstructorAccessorImpl.newInstance0(Native Method)
	at java.base/jdk.internal.reflect.NativeConstructorAccessorImpl.newInstance(NativeConstructorAccessorImpl.java:77)
	at java.base/jdk.internal.reflect.DelegatingConstructorAccessorImpl.newInstance(DelegatingConstructorAccessorImpl.java:45)
	at java.base/java.lang.reflect.Constructor.newInstanceWithCaller(Constructor.java:499)
	at java.base/java.lang.reflect.Constructor.newInstance(Constructor.java:480)
	at com.google.inject.internal.DefaultConstructionProxyFactory$ReflectiveProxy.newInstance(DefaultConstructionProxyFactory.java:126)
	at com.google.inject.internal.ConstructorInjector.provision(ConstructorInjector.java:114)
	at com.google.inject.internal.ConstructorInjector.access$000(ConstructorInjector.java:32)
	at com.google.inject.internal.ConstructorInjector$1.call(ConstructorInjector.java:98)
	at com.google.inject.internal.ProvisionListenerStackCallback$Provision.provision(ProvisionListenerStackCallback.java:112)
	at com.google.inject.internal.ProvisionListenerStackCallback$Provision.provision(ProvisionListenerStackCallback.java:127)
	at com.google.inject.internal.ProvisionListenerStackCallback.provision(ProvisionListenerStackCallback.java:66)
	at com.google.inject.internal.ConstructorInjector.construct(ConstructorInjector.java:93)
	at com.google.inject.internal.ConstructorBindingImpl$Factory.get(ConstructorBindingImpl.java:306)
	at com.google.inject.internal.InjectorImpl$1.get(InjectorImpl.java:1050)
	... 53 common frames omitted
2025-12-06 14:57:04,369 [Worker-22: Launching Executing clean in C__Users_IET_Desktop_VipulPriyanka_Web_Based_ Java_Day15 Spring_MySpringMVCDemo] INFO  o.e.m.i.launch.MavenLaunchDelegate - Run build in "C:\Users\IET\Desktop\VipulPriyanka\Web_Based_ Java\Day15 Spring\MySpringMVCDemo":
2025-12-06 14:57:04,369 [Worker-22: Launching Executing clean in C__Users_IET_Desktop_VipulPriyanka_Web_Based_ Java_Day15 Spring_MySpringMVCDemo] INFO  o.e.m.i.launch.MavenLaunchDelegate -  mvn  -B -Dstyle.color=always clean
2025-12-06 14:57:12,032 [main] INFO  o.e.m2e.actions.ExecutePomAction - Using existing launch configuration
2025-12-06 14:57:12,089 [Worker-26: Launching MySpringMVCDemo] INFO  o.e.m.i.launch.MavenLaunchDelegate - Run build in "C:\Users\IET\Desktop\VipulPriyanka\Web_Based_ Java\Day15 Spring\MySpringMVCDemo":
2025-12-06 14:57:12,089 [Worker-26: Launching MySpringMVCDemo] INFO  o.e.m.i.launch.MavenLaunchDelegate -  mvn  -B -Dstyle.color=always install
2025-12-06 14:59:25,359 [Worker-15: Building] INFO  o.e.m.c.i.l.LifecycleMappingFactory - Using org.maven.ide.eclipse.wtp.WarLifecycleMapping lifecycle mapping for MavenProject: com.demo:MySpringMVCDemo:0.0.1-SNAPSHOT @ C:\Users\IET\Desktop\VipulPriyanka\Web_Based_ Java\Day15 Spring\MySpringMVCDemo\pom.xml.
2025-12-06 14:59:29,066 [Worker-15: Building] WARN  o.e.m.c.i.embedder.EclipseLogger - Using platform encoding (Cp1252 actually) to copy filtered resources, i.e. build is platform dependent!
2025-12-06 14:59:29,068 [Worker-15: Building] INFO  o.e.m.c.i.embedder.EclipseLogger - Copying 0 resource
2025-12-06 14:59:29,071 [Worker-15: Building] WARN  o.e.m.c.i.embedder.EclipseLogger - Using platform encoding (Cp1252 actually) to copy filtered resources, i.e. build is platform dependent!
2025-12-06 14:59:29,073 [Worker-15: Building] INFO  o.e.m.c.i.embedder.EclipseLogger - Copying 0 resource
2025-12-06 14:59:29,073 [Worker-15: Building] INFO  o.e.m.w.i.f.ResourceFilteringBuildParticipant - Changed resources require a complete clean of filtered resources of MySpringMVCDemo
2025-12-06 14:59:29,073 [Worker-15: Building] INFO  o.e.m.w.i.f.ResourceFilteringBuildParticipant - Executing resource filtering for MySpringMVCDemo
2025-12-06 14:59:29,110 [Worker-15: Updating Maven Project] INFO  o.e.m.c.i.p.ProjectConfigurationManager - Update started
2025-12-06 14:59:29,361 [Worker-15: Updating Maven Project] INFO  o.e.m.c.i.l.LifecycleMappingFactory - Using org.maven.ide.eclipse.wtp.WarLifecycleMapping lifecycle mapping for MavenProject: com.demo:MySpringMVCDemo:0.0.1-SNAPSHOT @ C:\Users\IET\Desktop\VipulPriyanka\Web_Based_ Java\Day15 Spring\MySpringMVCDemo\pom.xml.
2025-12-06 14:59:29,899 [Worker-15: Updating Maven Project] INFO  o.e.m.j.i.AbstractJavaProjectConfigurator - Adding source folder /MySpringMVCDemo/src/main/java
2025-12-06 14:59:29,899 [Worker-15: Updating Maven Project] INFO  o.e.m.j.i.AbstractJavaProjectConfigurator - Adding resource folder /MySpringMVCDemo/src/main/resources
2025-12-06 14:59:29,900 [Worker-15: Updating Maven Project] INFO  o.e.m.j.i.AbstractJavaProjectConfigurator - Adding source folder /MySpringMVCDemo/src/test/java
2025-12-06 14:59:29,900 [Worker-15: Updating Maven Project] INFO  o.e.m.j.i.AbstractJavaProjectConfigurator - Adding resource folder /MySpringMVCDemo/src/test/resources
2025-12-06 14:59:30,086 [Worker-15: Updating Maven Project] INFO  o.e.m.w.i.f.ResourceFilteringBuildParticipant - Cleaning filtered folder for MySpringMVCDemo
2025-12-06 14:59:30,129 [Worker-15: Updating Maven Project] INFO  o.e.m.c.i.p.ProjectConfigurationManager - Update completed for 1 poms: local refresh takes 0.00 sec, refresh facades takes 0.00 sec, update config takes 0.00 sec 
2025-12-06 14:59:30,382 [Worker-29: Building] WARN  o.e.m.c.i.embedder.EclipseLogger - Using platform encoding (Cp1252 actually) to copy filtered resources, i.e. build is platform dependent!
2025-12-06 14:59:30,384 [Worker-29: Building] INFO  o.e.m.c.i.embedder.EclipseLogger - Copying 0 resource
2025-12-06 14:59:30,518 [Worker-29: Building] WARN  o.e.m.c.i.embedder.EclipseLogger - Using platform encoding (Cp1252 actually) to copy filtered resources, i.e. build is platform dependent!
2025-12-06 14:59:30,523 [Worker-29: Building] INFO  o.e.m.c.i.embedder.EclipseLogger - Copying 0 resource
2025-12-06 14:59:30,524 [Worker-29: Building] INFO  o.e.m.w.i.f.ResourceFilteringBuildParticipant - Changed resources require a complete clean of filtered resources of MySpringMVCDemo
2025-12-06 14:59:30,525 [Worker-29: Building] INFO  o.e.m.w.i.f.ResourceFilteringBuildParticipant - Executing resource filtering for MySpringMVCDemo
2025-12-06 14:59:36,335 [main] INFO  o.e.m2e.actions.ExecutePomAction - Using existing launch configuration
2025-12-06 14:59:36,388 [Worker-34: Launching MySpringMVCDemo] INFO  o.e.m.i.launch.MavenLaunchDelegate - Run build in "C:\Users\IET\Desktop\VipulPriyanka\Web_Based_ Java\Day15 Spring\MySpringMVCDemo":
2025-12-06 14:59:36,388 [Worker-34: Launching MySpringMVCDemo] INFO  o.e.m.i.launch.MavenLaunchDelegate -  mvn  -B -Dstyle.color=always install
2025-12-06 15:00:58,506 [Worker-33: Building] WARN  o.e.m.c.i.embedder.EclipseLogger - Using platform encoding (Cp1252 actually) to copy filtered resources, i.e. build is platform dependent!
2025-12-06 15:00:58,509 [Worker-33: Building] INFO  o.e.m.c.i.embedder.EclipseLogger - Copying 0 resource
2025-12-06 15:00:58,511 [Worker-33: Building] WARN  o.e.m.c.i.embedder.EclipseLogger - Using platform encoding (Cp1252 actually) to copy filtered resources, i.e. build is platform dependent!
2025-12-06 15:00:58,514 [Worker-33: Building] INFO  o.e.m.c.i.embedder.EclipseLogger - Copying 0 resource
2025-12-06 15:01:06,054 [Worker-15: Building] WARN  o.e.m.c.i.embedder.EclipseLogger - Using platform encoding (Cp1252 actually) to copy filtered resources, i.e. build is platform dependent!
2025-12-06 15:01:06,056 [Worker-15: Building] INFO  o.e.m.c.i.embedder.EclipseLogger - Copying 0 resource
2025-12-06 15:01:06,058 [Worker-15: Building] WARN  o.e.m.c.i.embedder.EclipseLogger - Using platform encoding (Cp1252 actually) to copy filtered resources, i.e. build is platform dependent!
2025-12-06 15:01:06,060 [Worker-15: Building] INFO  o.e.m.c.i.embedder.EclipseLogger - Copying 0 resource
2025-12-06 15:01:12,106 [Worker-35: Building] WARN  o.e.m.c.i.embedder.EclipseLogger - Using platform encoding (Cp1252 actually) to copy filtered resources, i.e. build is platform dependent!
2025-12-06 15:01:12,107 [Worker-35: Building] INFO  o.e.m.c.i.embedder.EclipseLogger - Copying 0 resource
2025-12-06 15:01:12,110 [Worker-35: Building] WARN  o.e.m.c.i.embedder.EclipseLogger - Using platform encoding (Cp1252 actually) to copy filtered resources, i.e. build is platform dependent!
2025-12-06 15:01:12,111 [Worker-35: Building] INFO  o.e.m.c.i.embedder.EclipseLogger - Copying 0 resource
2025-12-06 15:07:50,790 [Worker-30: Building] WARN  o.e.m.c.i.embedder.EclipseLogger - Using platform encoding (Cp1252 actually) to copy filtered resources, i.e. build is platform dependent!
2025-12-06 15:07:50,791 [Worker-30: Building] INFO  o.e.m.c.i.embedder.EclipseLogger - Copying 0 resource
2025-12-06 15:07:50,793 [Worker-30: Building] WARN  o.e.m.c.i.embedder.EclipseLogger - Using platform encoding (Cp1252 actually) to copy filtered resources, i.e. build is platform dependent!
2025-12-06 15:07:50,795 [Worker-30: Building] INFO  o.e.m.c.i.embedder.EclipseLogger - Copying 0 resource
2025-12-06 15:13:42,809 [Worker-37: Building] WARN  o.e.m.c.i.embedder.EclipseLogger - Using platform encoding (Cp1252 actually) to copy filtered resources, i.e. build is platform dependent!
2025-12-06 15:13:42,810 [Worker-37: Building] INFO  o.e.m.c.i.embedder.EclipseLogger - Copying 0 resource
2025-12-06 15:13:42,812 [Worker-37: Building] WARN  o.e.m.c.i.embedder.EclipseLogger - Using platform encoding (Cp1252 actually) to copy filtered resources, i.e. build is platform dependent!
2025-12-06 15:13:42,814 [Worker-37: Building] INFO  o.e.m.c.i.embedder.EclipseLogger - Copying 0 resource
2025-12-06 15:14:20,357 [Worker-37: Building] WARN  o.e.m.c.i.embedder.EclipseLogger - Using platform encoding (Cp1252 actually) to copy filtered resources, i.e. build is platform dependent!
2025-12-06 15:14:20,359 [Worker-37: Building] INFO  o.e.m.c.i.embedder.EclipseLogger - Copying 0 resource
2025-12-06 15:14:20,363 [Worker-37: Building] WARN  o.e.m.c.i.embedder.EclipseLogger - Using platform encoding (Cp1252 actually) to copy filtered resources, i.e. build is platform dependent!
2025-12-06 15:14:20,365 [Worker-37: Building] INFO  o.e.m.c.i.embedder.EclipseLogger - Copying 0 resource
2025-12-06 15:14:25,615 [Worker-37: Building] WARN  o.e.m.c.i.embedder.EclipseLogger - Using platform encoding (Cp1252 actually) to copy filtered resources, i.e. build is platform dependent!
2025-12-06 15:14:25,616 [Worker-37: Building] INFO  o.e.m.c.i.embedder.EclipseLogger - Copying 0 resource
2025-12-06 15:14:25,622 [Worker-37: Building] WARN  o.e.m.c.i.embedder.EclipseLogger - Using platform encoding (Cp1252 actually) to copy filtered resources, i.e. build is platform dependent!
2025-12-06 15:14:25,623 [Worker-37: Building] INFO  o.e.m.c.i.embedder.EclipseLogger - Copying 0 resource
2025-12-06 15:20:19,321 [Worker-48: Building] WARN  o.e.m.c.i.embedder.EclipseLogger - Using platform encoding (Cp1252 actually) to copy filtered resources, i.e. build is platform dependent!
2025-12-06 15:20:19,322 [Worker-48: Building] INFO  o.e.m.c.i.embedder.EclipseLogger - Copying 0 resource
2025-12-06 15:20:19,350 [Worker-48: Building] WARN  o.e.m.c.i.embedder.EclipseLogger - Using platform encoding (Cp1252 actually) to copy filtered resources, i.e. build is platform dependent!
2025-12-06 15:20:19,351 [Worker-48: Building] INFO  o.e.m.c.i.embedder.EclipseLogger - Copying 0 resource
2025-12-06 15:28:01,779 [Worker-39: Building] WARN  o.e.m.c.i.embedder.EclipseLogger - Using platform encoding (Cp1252 actually) to copy filtered resources, i.e. build is platform dependent!
2025-12-06 15:28:01,780 [Worker-39: Building] INFO  o.e.m.c.i.embedder.EclipseLogger - Copying 0 resource
2025-12-06 15:28:01,783 [Worker-39: Building] WARN  o.e.m.c.i.embedder.EclipseLogger - Using platform encoding (Cp1252 actually) to copy filtered resources, i.e. build is platform dependent!
2025-12-06 15:28:01,784 [Worker-39: Building] INFO  o.e.m.c.i.embedder.EclipseLogger - Copying 0 resource
2025-12-06 15:33:17,400 [Worker-59: Building] WARN  o.e.m.c.i.embedder.EclipseLogger - Using platform encoding (Cp1252 actually) to copy filtered resources, i.e. build is platform dependent!
2025-12-06 15:33:17,402 [Worker-59: Building] INFO  o.e.m.c.i.embedder.EclipseLogger - Copying 0 resource
2025-12-06 15:33:17,404 [Worker-59: Building] WARN  o.e.m.c.i.embedder.EclipseLogger - Using platform encoding (Cp1252 actually) to copy filtered resources, i.e. build is platform dependent!
2025-12-06 15:33:17,405 [Worker-59: Building] INFO  o.e.m.c.i.embedder.EclipseLogger - Copying 0 resource
2025-12-06 15:38:21,423 [Worker-63: Building] WARN  o.e.m.c.i.embedder.EclipseLogger - Using platform encoding (Cp1252 actually) to copy filtered resources, i.e. build is platform dependent!
2025-12-06 15:38:21,425 [Worker-63: Building] INFO  o.e.m.c.i.embedder.EclipseLogger - Copying 0 resource
2025-12-06 15:38:21,427 [Worker-63: Building] WARN  o.e.m.c.i.embedder.EclipseLogger - Using platform encoding (Cp1252 actually) to copy filtered resources, i.e. build is platform dependent!
2025-12-06 15:38:21,428 [Worker-63: Building] INFO  o.e.m.c.i.embedder.EclipseLogger - Copying 0 resource
2025-12-06 15:42:34,213 [Worker-64: Building] WARN  o.e.m.c.i.embedder.EclipseLogger - Using platform encoding (Cp1252 actually) to copy filtered resources, i.e. build is platform dependent!
2025-12-06 15:42:34,215 [Worker-64: Building] INFO  o.e.m.c.i.embedder.EclipseLogger - Copying 0 resource
2025-12-06 15:42:34,217 [Worker-64: Building] WARN  o.e.m.c.i.embedder.EclipseLogger - Using platform encoding (Cp1252 actually) to copy filtered resources, i.e. build is platform dependent!
2025-12-06 15:42:34,219 [Worker-64: Building] INFO  o.e.m.c.i.embedder.EclipseLogger - Copying 0 resource
2025-12-06 15:43:46,464 [Worker-69: Building] WARN  o.e.m.c.i.embedder.EclipseLogger - Using platform encoding (Cp1252 actually) to copy filtered resources, i.e. build is platform dependent!
2025-12-06 15:43:46,465 [Worker-69: Building] INFO  o.e.m.c.i.embedder.EclipseLogger - Copying 0 resource
2025-12-06 15:43:46,468 [Worker-69: Building] WARN  o.e.m.c.i.embedder.EclipseLogger - Using platform encoding (Cp1252 actually) to copy filtered resources, i.e. build is platform dependent!
2025-12-06 15:43:46,469 [Worker-69: Building] INFO  o.e.m.c.i.embedder.EclipseLogger - Copying 0 resource
2025-12-06 15:44:34,358 [Worker-68: Building] WARN  o.e.m.c.i.embedder.EclipseLogger - Using platform encoding (Cp1252 actually) to copy filtered resources, i.e. build is platform dependent!
2025-12-06 15:44:34,359 [Worker-68: Building] INFO  o.e.m.c.i.embedder.EclipseLogger - Copying 0 resource
2025-12-06 15:44:34,362 [Worker-68: Building] WARN  o.e.m.c.i.embedder.EclipseLogger - Using platform encoding (Cp1252 actually) to copy filtered resources, i.e. build is platform dependent!
2025-12-06 15:44:34,363 [Worker-68: Building] INFO  o.e.m.c.i.embedder.EclipseLogger - Copying 0 resource
2025-12-06 15:45:10,659 [Worker-69: Building] WARN  o.e.m.c.i.embedder.EclipseLogger - Using platform encoding (Cp1252 actually) to copy filtered resources, i.e. build is platform dependent!
2025-12-06 15:45:10,660 [Worker-69: Building] INFO  o.e.m.c.i.embedder.EclipseLogger - Copying 0 resource
2025-12-06 15:45:10,664 [Worker-69: Building] WARN  o.e.m.c.i.embedder.EclipseLogger - Using platform encoding (Cp1252 actually) to copy filtered resources, i.e. build is platform dependent!
2025-12-06 15:45:10,665 [Worker-69: Building] INFO  o.e.m.c.i.embedder.EclipseLogger - Copying 0 resource
2025-12-06 15:49:33,624 [Worker-67: Building] WARN  o.e.m.c.i.embedder.EclipseLogger - Using platform encoding (Cp1252 actually) to copy filtered resources, i.e. build is platform dependent!
2025-12-06 15:49:33,625 [Worker-67: Building] INFO  o.e.m.c.i.embedder.EclipseLogger - Copying 0 resource
2025-12-06 15:49:33,627 [Worker-67: Building] WARN  o.e.m.c.i.embedder.EclipseLogger - Using platform encoding (Cp1252 actually) to copy filtered resources, i.e. build is platform dependent!
2025-12-06 15:49:33,629 [Worker-67: Building] INFO  o.e.m.c.i.embedder.EclipseLogger - Copying 0 resource
2025-12-06 15:49:47,214 [Worker-67: Building] WARN  o.e.m.c.i.embedder.EclipseLogger - Using platform encoding (Cp1252 actually) to copy filtered resources, i.e. build is platform dependent!
2025-12-06 15:49:47,215 [Worker-67: Building] INFO  o.e.m.c.i.embedder.EclipseLogger - Copying 0 resource
2025-12-06 15:49:47,218 [Worker-67: Building] WARN  o.e.m.c.i.embedder.EclipseLogger - Using platform encoding (Cp1252 actually) to copy filtered resources, i.e. build is platform dependent!
2025-12-06 15:49:47,219 [Worker-67: Building] INFO  o.e.m.c.i.embedder.EclipseLogger - Copying 0 resource
2025-12-06 15:49:59,444 [Worker-64: Building] WARN  o.e.m.c.i.embedder.EclipseLogger - Using platform encoding (Cp1252 actually) to copy filtered resources, i.e. build is platform dependent!
2025-12-06 15:49:59,446 [Worker-64: Building] INFO  o.e.m.c.i.embedder.EclipseLogger - Copying 0 resource
2025-12-06 15:49:59,448 [Worker-64: Building] WARN  o.e.m.c.i.embedder.EclipseLogger - Using platform encoding (Cp1252 actually) to copy filtered resources, i.e. build is platform dependent!
2025-12-06 15:49:59,449 [Worker-64: Building] INFO  o.e.m.c.i.embedder.EclipseLogger - Copying 0 resource
2025-12-06 15:50:11,104 [Worker-69: Building] WARN  o.e.m.c.i.embedder.EclipseLogger - Using platform encoding (Cp1252 actually) to copy filtered resources, i.e. build is platform dependent!
2025-12-06 15:50:11,106 [Worker-69: Building] INFO  o.e.m.c.i.embedder.EclipseLogger - Copying 0 resource
2025-12-06 15:50:11,109 [Worker-69: Building] WARN  o.e.m.c.i.embedder.EclipseLogger - Using platform encoding (Cp1252 actually) to copy filtered resources, i.e. build is platform dependent!
2025-12-06 15:50:11,110 [Worker-69: Building] INFO  o.e.m.c.i.embedder.EclipseLogger - Copying 0 resource
2025-12-06 15:50:26,495 [Worker-68: Building] WARN  o.e.m.c.i.embedder.EclipseLogger - Using platform encoding (Cp1252 actually) to copy filtered resources, i.e. build is platform dependent!
2025-12-06 15:50:26,497 [Worker-68: Building] INFO  o.e.m.c.i.embedder.EclipseLogger - Copying 0 resource
2025-12-06 15:50:26,499 [Worker-68: Building] WARN  o.e.m.c.i.embedder.EclipseLogger - Using platform encoding (Cp1252 actually) to copy filtered resources, i.e. build is platform dependent!
2025-12-06 15:50:26,500 [Worker-68: Building] INFO  o.e.m.c.i.embedder.EclipseLogger - Copying 0 resource
2025-12-06 15:50:40,722 [Worker-67: Building] WARN  o.e.m.c.i.embedder.EclipseLogger - Using platform encoding (Cp1252 actually) to copy filtered resources, i.e. build is platform dependent!
2025-12-06 15:50:40,723 [Worker-67: Building] INFO  o.e.m.c.i.embedder.EclipseLogger - Copying 0 resource
2025-12-06 15:50:40,725 [Worker-67: Building] WARN  o.e.m.c.i.embedder.EclipseLogger - Using platform encoding (Cp1252 actually) to copy filtered resources, i.e. build is platform dependent!
2025-12-06 15:50:40,726 [Worker-67: Building] INFO  o.e.m.c.i.embedder.EclipseLogger - Copying 0 resource
2025-12-06 16:02:28,062 [Worker-70: Building] WARN  o.e.m.c.i.embedder.EclipseLogger - Using platform encoding (Cp1252 actually) to copy filtered resources, i.e. build is platform dependent!
2025-12-06 16:02:28,063 [Worker-70: Building] INFO  o.e.m.c.i.embedder.EclipseLogger - Copying 0 resource
2025-12-06 16:02:28,066 [Worker-70: Building] WARN  o.e.m.c.i.embedder.EclipseLogger - Using platform encoding (Cp1252 actually) to copy filtered resources, i.e. build is platform dependent!
2025-12-06 16:02:28,067 [Worker-70: Building] INFO  o.e.m.c.i.embedder.EclipseLogger - Copying 0 resource
2025-12-06 16:02:33,550 [Worker-68: Building] WARN  o.e.m.c.i.embedder.EclipseLogger - Using platform encoding (Cp1252 actually) to copy filtered resources, i.e. build is platform dependent!
2025-12-06 16:02:33,552 [Worker-68: Building] INFO  o.e.m.c.i.embedder.EclipseLogger - Copying 0 resource
2025-12-06 16:02:33,554 [Worker-68: Building] WARN  o.e.m.c.i.embedder.EclipseLogger - Using platform encoding (Cp1252 actually) to copy filtered resources, i.e. build is platform dependent!
2025-12-06 16:02:33,555 [Worker-68: Building] INFO  o.e.m.c.i.embedder.EclipseLogger - Copying 0 resource
2025-12-06 16:03:34,506 [Worker-64: Building] WARN  o.e.m.c.i.embedder.EclipseLogger - Using platform encoding (Cp1252 actually) to copy filtered resources, i.e. build is platform dependent!
2025-12-06 16:03:34,508 [Worker-64: Building] INFO  o.e.m.c.i.embedder.EclipseLogger - Copying 0 resource
2025-12-06 16:03:34,510 [Worker-64: Building] WARN  o.e.m.c.i.embedder.EclipseLogger - Using platform encoding (Cp1252 actually) to copy filtered resources, i.e. build is platform dependent!
2025-12-06 16:03:34,513 [Worker-64: Building] INFO  o.e.m.c.i.embedder.EclipseLogger - Copying 0 resource
2025-12-06 16:04:10,395 [Worker-72: Building] WARN  o.e.m.c.i.embedder.EclipseLogger - Using platform encoding (Cp1252 actually) to copy filtered resources, i.e. build is platform dependent!
2025-12-06 16:04:10,398 [Worker-72: Building] INFO  o.e.m.c.i.embedder.EclipseLogger - Copying 0 resource
2025-12-06 16:04:10,401 [Worker-72: Building] WARN  o.e.m.c.i.embedder.EclipseLogger - Using platform encoding (Cp1252 actually) to copy filtered resources, i.e. build is platform dependent!
2025-12-06 16:04:10,402 [Worker-72: Building] INFO  o.e.m.c.i.embedder.EclipseLogger - Copying 0 resource
2025-12-06 16:04:14,428 [Worker-72: Building] WARN  o.e.m.c.i.embedder.EclipseLogger - Using platform encoding (Cp1252 actually) to copy filtered resources, i.e. build is platform dependent!
2025-12-06 16:04:14,429 [Worker-72: Building] INFO  o.e.m.c.i.embedder.EclipseLogger - Copying 0 resource
2025-12-06 16:04:14,432 [Worker-72: Building] WARN  o.e.m.c.i.embedder.EclipseLogger - Using platform encoding (Cp1252 actually) to copy filtered resources, i.e. build is platform dependent!
2025-12-06 16:04:14,433 [Worker-72: Building] INFO  o.e.m.c.i.embedder.EclipseLogger - Copying 0 resource
2025-12-06 16:05:14,226 [Worker-68: Building] WARN  o.e.m.c.i.embedder.EclipseLogger - Using platform encoding (Cp1252 actually) to copy filtered resources, i.e. build is platform dependent!
2025-12-06 16:05:14,227 [Worker-68: Building] INFO  o.e.m.c.i.embedder.EclipseLogger - Copying 0 resource
2025-12-06 16:05:14,229 [Worker-68: Building] WARN  o.e.m.c.i.embedder.EclipseLogger - Using platform encoding (Cp1252 actually) to copy filtered resources, i.e. build is platform dependent!
2025-12-06 16:05:14,230 [Worker-68: Building] INFO  o.e.m.c.i.embedder.EclipseLogger - Copying 0 resource
2025-12-06 16:09:04,806 [Worker-64: Building] WARN  o.e.m.c.i.embedder.EclipseLogger - Using platform encoding (Cp1252 actually) to copy filtered resources, i.e. build is platform dependent!
2025-12-06 16:09:04,808 [Worker-64: Building] INFO  o.e.m.c.i.embedder.EclipseLogger - Copying 0 resource
2025-12-06 16:09:04,810 [Worker-64: Building] WARN  o.e.m.c.i.embedder.EclipseLogger - Using platform encoding (Cp1252 actually) to copy filtered resources, i.e. build is platform dependent!
2025-12-06 16:09:04,811 [Worker-64: Building] INFO  o.e.m.c.i.embedder.EclipseLogger - Copying 0 resource
2025-12-06 16:09:35,038 [Worker-68: Building] WARN  o.e.m.c.i.embedder.EclipseLogger - Using platform encoding (Cp1252 actually) to copy filtered resources, i.e. build is platform dependent!
2025-12-06 16:09:35,040 [Worker-68: Building] INFO  o.e.m.c.i.embedder.EclipseLogger - Copying 0 resource
2025-12-06 16:09:35,043 [Worker-68: Building] WARN  o.e.m.c.i.embedder.EclipseLogger - Using platform encoding (Cp1252 actually) to copy filtered resources, i.e. build is platform dependent!
2025-12-06 16:09:35,044 [Worker-68: Building] INFO  o.e.m.c.i.embedder.EclipseLogger - Copying 0 resource
2025-12-06 16:12:18,202 [Worker-70: Building] WARN  o.e.m.c.i.embedder.EclipseLogger - Using platform encoding (Cp1252 actually) to copy filtered resources, i.e. build is platform dependent!
2025-12-06 16:12:18,203 [Worker-70: Building] INFO  o.e.m.c.i.embedder.EclipseLogger - Copying 0 resource
2025-12-06 16:12:18,206 [Worker-70: Building] WARN  o.e.m.c.i.embedder.EclipseLogger - Using platform encoding (Cp1252 actually) to copy filtered resources, i.e. build is platform dependent!
2025-12-06 16:12:18,207 [Worker-70: Building] INFO  o.e.m.c.i.embedder.EclipseLogger - Copying 0 resource
2025-12-06 16:12:55,960 [Worker-72: Building] WARN  o.e.m.c.i.embedder.EclipseLogger - Using platform encoding (Cp1252 actually) to copy filtered resources, i.e. build is platform dependent!
2025-12-06 16:12:55,962 [Worker-72: Building] INFO  o.e.m.c.i.embedder.EclipseLogger - Copying 0 resource
2025-12-06 16:12:55,964 [Worker-72: Building] WARN  o.e.m.c.i.embedder.EclipseLogger - Using platform encoding (Cp1252 actually) to copy filtered resources, i.e. build is platform dependent!
2025-12-06 16:12:55,965 [Worker-72: Building] INFO  o.e.m.c.i.embedder.EclipseLogger - Copying 0 resource
2025-12-06 16:13:51,365 [Worker-70: Building] WARN  o.e.m.c.i.embedder.EclipseLogger - Using platform encoding (Cp1252 actually) to copy filtered resources, i.e. build is platform dependent!
2025-12-06 16:13:51,366 [Worker-70: Building] INFO  o.e.m.c.i.embedder.EclipseLogger - Copying 0 resource
2025-12-06 16:13:51,369 [Worker-70: Building] WARN  o.e.m.c.i.embedder.EclipseLogger - Using platform encoding (Cp1252 actually) to copy filtered resources, i.e. build is platform dependent!
2025-12-06 16:13:51,370 [Worker-70: Building] INFO  o.e.m.c.i.embedder.EclipseLogger - Copying 0 resource
2025-12-06 16:21:47,227 [Worker-68: Building] WARN  o.e.m.c.i.embedder.EclipseLogger - Using platform encoding (Cp1252 actually) to copy filtered resources, i.e. build is platform dependent!
2025-12-06 16:21:47,229 [Worker-68: Building] INFO  o.e.m.c.i.embedder.EclipseLogger - Copying 0 resource
2025-12-06 16:21:47,232 [Worker-68: Building] WARN  o.e.m.c.i.embedder.EclipseLogger - Using platform encoding (Cp1252 actually) to copy filtered resources, i.e. build is platform dependent!
2025-12-06 16:21:47,234 [Worker-68: Building] INFO  o.e.m.c.i.embedder.EclipseLogger - Copying 0 resource
2025-12-06 16:22:42,775 [Worker-73: Building] WARN  o.e.m.c.i.embedder.EclipseLogger - Using platform encoding (Cp1252 actually) to copy filtered resources, i.e. build is platform dependent!
2025-12-06 16:22:42,777 [Worker-73: Building] INFO  o.e.m.c.i.embedder.EclipseLogger - Copying 0 resource
2025-12-06 16:22:42,780 [Worker-73: Building] WARN  o.e.m.c.i.embedder.EclipseLogger - Using platform encoding (Cp1252 actually) to copy filtered resources, i.e. build is platform dependent!
2025-12-06 16:22:42,781 [Worker-73: Building] INFO  o.e.m.c.i.embedder.EclipseLogger - Copying 0 resource
2025-12-06 16:28:47,817 [Worker-74: Building] WARN  o.e.m.c.i.embedder.EclipseLogger - Using platform encoding (Cp1252 actually) to copy filtered resources, i.e. build is platform dependent!
2025-12-06 16:28:47,819 [Worker-74: Building] INFO  o.e.m.c.i.embedder.EclipseLogger - Copying 0 resource
2025-12-06 16:28:47,821 [Worker-74: Building] WARN  o.e.m.c.i.embedder.EclipseLogger - Using platform encoding (Cp1252 actually) to copy filtered resources, i.e. build is platform dependent!
2025-12-06 16:28:47,823 [Worker-74: Building] INFO  o.e.m.c.i.embedder.EclipseLogger - Copying 0 resource
2025-12-06 16:30:58,236 [Worker-74: Building] WARN  o.e.m.c.i.embedder.EclipseLogger - Using platform encoding (Cp1252 actually) to copy filtered resources, i.e. build is platform dependent!
2025-12-06 16:30:58,238 [Worker-74: Building] INFO  o.e.m.c.i.embedder.EclipseLogger - Copying 0 resource
2025-12-06 16:30:58,240 [Worker-74: Building] WARN  o.e.m.c.i.embedder.EclipseLogger - Using platform encoding (Cp1252 actually) to copy filtered resources, i.e. build is platform dependent!
2025-12-06 16:30:58,241 [Worker-74: Building] INFO  o.e.m.c.i.embedder.EclipseLogger - Copying 0 resource
2025-12-06 16:32:46,964 [Worker-78: Building] WARN  o.e.m.c.i.embedder.EclipseLogger - Using platform encoding (Cp1252 actually) to copy filtered resources, i.e. build is platform dependent!
2025-12-06 16:32:46,966 [Worker-78: Building] INFO  o.e.m.c.i.embedder.EclipseLogger - Copying 0 resource
2025-12-06 16:32:46,968 [Worker-78: Building] WARN  o.e.m.c.i.embedder.EclipseLogger - Using platform encoding (Cp1252 actually) to copy filtered resources, i.e. build is platform dependent!
2025-12-06 16:32:46,969 [Worker-78: Building] INFO  o.e.m.c.i.embedder.EclipseLogger - Copying 0 resource
2025-12-06 16:36:06,703 [Worker-82: Building] WARN  o.e.m.c.i.embedder.EclipseLogger - Using platform encoding (Cp1252 actually) to copy filtered resources, i.e. build is platform dependent!
2025-12-06 16:36:06,704 [Worker-82: Building] INFO  o.e.m.c.i.embedder.EclipseLogger - Copying 0 resource
2025-12-06 16:36:06,706 [Worker-82: Building] WARN  o.e.m.c.i.embedder.EclipseLogger - Using platform encoding (Cp1252 actually) to copy filtered resources, i.e. build is platform dependent!
2025-12-06 16:36:06,707 [Worker-82: Building] INFO  o.e.m.c.i.embedder.EclipseLogger - Copying 0 resource
2025-12-06 16:37:46,672 [Worker-86: Building] WARN  o.e.m.c.i.embedder.EclipseLogger - Using platform encoding (Cp1252 actually) to copy filtered resources, i.e. build is platform dependent!
2025-12-06 16:37:46,674 [Worker-86: Building] INFO  o.e.m.c.i.embedder.EclipseLogger - Copying 0 resource
2025-12-06 16:37:46,676 [Worker-86: Building] WARN  o.e.m.c.i.embedder.EclipseLogger - Using platform encoding (Cp1252 actually) to copy filtered resources, i.e. build is platform dependent!
2025-12-06 16:37:46,677 [Worker-86: Building] INFO  o.e.m.c.i.embedder.EclipseLogger - Copying 0 resource
2025-12-06 16:38:19,971 [Worker-85: Building] WARN  o.e.m.c.i.embedder.EclipseLogger - Using platform encoding (Cp1252 actually) to copy filtered resources, i.e. build is platform dependent!
2025-12-06 16:38:19,972 [Worker-85: Building] INFO  o.e.m.c.i.embedder.EclipseLogger - Copying 0 resource
2025-12-06 16:38:19,977 [Worker-85: Building] WARN  o.e.m.c.i.embedder.EclipseLogger - Using platform encoding (Cp1252 actually) to copy filtered resources, i.e. build is platform dependent!
2025-12-06 16:38:19,978 [Worker-85: Building] INFO  o.e.m.c.i.embedder.EclipseLogger - Copying 0 resource
2025-12-06 16:41:58,523 [Worker-89: Building] WARN  o.e.m.c.i.embedder.EclipseLogger - Using platform encoding (Cp1252 actually) to copy filtered resources, i.e. build is platform dependent!
2025-12-06 16:41:58,524 [Worker-89: Building] INFO  o.e.m.c.i.embedder.EclipseLogger - Copying 0 resource
2025-12-06 16:41:58,527 [Worker-89: Building] WARN  o.e.m.c.i.embedder.EclipseLogger - Using platform encoding (Cp1252 actually) to copy filtered resources, i.e. build is platform dependent!
2025-12-06 16:41:58,528 [Worker-89: Building] INFO  o.e.m.c.i.embedder.EclipseLogger - Copying 0 resource
2025-12-06 16:42:36,933 [Worker-86: Building] WARN  o.e.m.c.i.embedder.EclipseLogger - Using platform encoding (Cp1252 actually) to copy filtered resources, i.e. build is platform dependent!
2025-12-06 16:42:36,935 [Worker-86: Building] INFO  o.e.m.c.i.embedder.EclipseLogger - Copying 0 resource
2025-12-06 16:42:36,937 [Worker-86: Building] WARN  o.e.m.c.i.embedder.EclipseLogger - Using platform encoding (Cp1252 actually) to copy filtered resources, i.e. build is platform dependent!
2025-12-06 16:42:36,938 [Worker-86: Building] INFO  o.e.m.c.i.embedder.EclipseLogger - Copying 0 resource
2025-12-06 16:44:06,572 [Worker-85: Building] WARN  o.e.m.c.i.embedder.EclipseLogger - Using platform encoding (Cp1252 actually) to copy filtered resources, i.e. build is platform dependent!
2025-12-06 16:44:06,574 [Worker-85: Building] INFO  o.e.m.c.i.embedder.EclipseLogger - Copying 0 resource
2025-12-06 16:44:06,576 [Worker-85: Building] WARN  o.e.m.c.i.embedder.EclipseLogger - Using platform encoding (Cp1252 actually) to copy filtered resources, i.e. build is platform dependent!
2025-12-06 16:44:06,577 [Worker-85: Building] INFO  o.e.m.c.i.embedder.EclipseLogger - Copying 0 resource
2025-12-06 16:44:28,268 [Worker-89: Building] WARN  o.e.m.c.i.embedder.EclipseLogger - Using platform encoding (Cp1252 actually) to copy filtered resources, i.e. build is platform dependent!
2025-12-06 16:44:28,269 [Worker-89: Building] INFO  o.e.m.c.i.embedder.EclipseLogger - Copying 0 resource
2025-12-06 16:44:28,271 [Worker-89: Building] WARN  o.e.m.c.i.embedder.EclipseLogger - Using platform encoding (Cp1252 actually) to copy filtered resources, i.e. build is platform dependent!
2025-12-06 16:44:28,272 [Worker-89: Building] INFO  o.e.m.c.i.embedder.EclipseLogger - Copying 0 resource
2025-12-06 16:46:01,096 [Worker-92: Building] WARN  o.e.m.c.i.embedder.EclipseLogger - Using platform encoding (Cp1252 actually) to copy filtered resources, i.e. build is platform dependent!
2025-12-06 16:46:01,097 [Worker-92: Building] INFO  o.e.m.c.i.embedder.EclipseLogger - Copying 0 resource
2025-12-06 16:46:01,100 [Worker-92: Building] WARN  o.e.m.c.i.embedder.EclipseLogger - Using platform encoding (Cp1252 actually) to copy filtered resources, i.e. build is platform dependent!
2025-12-06 16:46:01,101 [Worker-92: Building] INFO  o.e.m.c.i.embedder.EclipseLogger - Copying 0 resource
2025-12-06 16:47:31,885 [Worker-91: Building] WARN  o.e.m.c.i.embedder.EclipseLogger - Using platform encoding (Cp1252 actually) to copy filtered resources, i.e. build is platform dependent!
2025-12-06 16:47:31,887 [Worker-91: Building] INFO  o.e.m.c.i.embedder.EclipseLogger - Copying 0 resource
2025-12-06 16:47:31,889 [Worker-91: Building] WARN  o.e.m.c.i.embedder.EclipseLogger - Using platform encoding (Cp1252 actually) to copy filtered resources, i.e. build is platform dependent!
2025-12-06 16:47:31,890 [Worker-91: Building] INFO  o.e.m.c.i.embedder.EclipseLogger - Copying 0 resource
2025-12-06 16:48:09,870 [Worker-87: Building] WARN  o.e.m.c.i.embedder.EclipseLogger - Using platform encoding (Cp1252 actually) to copy filtered resources, i.e. build is platform dependent!
2025-12-06 16:48:09,872 [Worker-87: Building] INFO  o.e.m.c.i.embedder.EclipseLogger - Copying 0 resource
2025-12-06 16:48:09,874 [Worker-87: Building] WARN  o.e.m.c.i.embedder.EclipseLogger - Using platform encoding (Cp1252 actually) to copy filtered resources, i.e. build is platform dependent!
2025-12-06 16:48:09,875 [Worker-87: Building] INFO  o.e.m.c.i.embedder.EclipseLogger - Copying 0 resource
2025-12-06 16:53:45,025 [Worker-96: Building] WARN  o.e.m.c.i.embedder.EclipseLogger - Using platform encoding (Cp1252 actually) to copy filtered resources, i.e. build is platform dependent!
2025-12-06 16:53:45,026 [Worker-96: Building] INFO  o.e.m.c.i.embedder.EclipseLogger - Copying 0 resource
2025-12-06 16:53:45,028 [Worker-96: Building] WARN  o.e.m.c.i.embedder.EclipseLogger - Using platform encoding (Cp1252 actually) to copy filtered resources, i.e. build is platform dependent!
2025-12-06 16:53:45,029 [Worker-96: Building] INFO  o.e.m.c.i.embedder.EclipseLogger - Copying 0 resource
2025-12-06 16:54:31,097 [Worker-98: Building] WARN  o.e.m.c.i.embedder.EclipseLogger - Using platform encoding (Cp1252 actually) to copy filtered resources, i.e. build is platform dependent!
2025-12-06 16:54:31,098 [Worker-98: Building] INFO  o.e.m.c.i.embedder.EclipseLogger - Copying 0 resource
2025-12-06 16:54:31,100 [Worker-98: Building] WARN  o.e.m.c.i.embedder.EclipseLogger - Using platform encoding (Cp1252 actually) to copy filtered resources, i.e. build is platform dependent!
2025-12-06 16:54:31,101 [Worker-98: Building] INFO  o.e.m.c.i.embedder.EclipseLogger - Copying 0 resource
2025-12-06 16:59:36,329 [Worker-103: Building] WARN  o.e.m.c.i.embedder.EclipseLogger - Using platform encoding (Cp1252 actually) to copy filtered resources, i.e. build is platform dependent!
2025-12-06 16:59:36,331 [Worker-103: Building] INFO  o.e.m.c.i.embedder.EclipseLogger - Copying 0 resource
2025-12-06 16:59:36,333 [Worker-103: Building] WARN  o.e.m.c.i.embedder.EclipseLogger - Using platform encoding (Cp1252 actually) to copy filtered resources, i.e. build is platform dependent!
2025-12-06 16:59:36,334 [Worker-103: Building] INFO  o.e.m.c.i.embedder.EclipseLogger - Copying 0 resource
2025-12-06 17:02:22,050 [Worker-102: Building] WARN  o.e.m.c.i.embedder.EclipseLogger - Using platform encoding (Cp1252 actually) to copy filtered resources, i.e. build is platform dependent!
2025-12-06 17:02:22,052 [Worker-102: Building] INFO  o.e.m.c.i.embedder.EclipseLogger - Copying 0 resource
2025-12-06 17:02:22,054 [Worker-102: Building] WARN  o.e.m.c.i.embedder.EclipseLogger - Using platform encoding (Cp1252 actually) to copy filtered resources, i.e. build is platform dependent!
2025-12-06 17:02:22,055 [Worker-102: Building] INFO  o.e.m.c.i.embedder.EclipseLogger - Copying 0 resource
2025-12-06 17:04:57,152 [Worker-104: Building] WARN  o.e.m.c.i.embedder.EclipseLogger - Using platform encoding (Cp1252 actually) to copy filtered resources, i.e. build is platform dependent!
2025-12-06 17:04:57,153 [Worker-104: Building] INFO  o.e.m.c.i.embedder.EclipseLogger - Copying 0 resource
2025-12-06 17:04:57,155 [Worker-104: Building] WARN  o.e.m.c.i.embedder.EclipseLogger - Using platform encoding (Cp1252 actually) to copy filtered resources, i.e. build is platform dependent!
2025-12-06 17:04:57,156 [Worker-104: Building] INFO  o.e.m.c.i.embedder.EclipseLogger - Copying 0 resource
2025-12-06 17:08:17,182 [Worker-102: Building] WARN  o.e.m.c.i.embedder.EclipseLogger - Using platform encoding (Cp1252 actually) to copy filtered resources, i.e. build is platform dependent!
2025-12-06 17:08:17,184 [Worker-102: Building] INFO  o.e.m.c.i.embedder.EclipseLogger - Copying 0 resource
2025-12-06 17:08:17,186 [Worker-102: Building] WARN  o.e.m.c.i.embedder.EclipseLogger - Using platform encoding (Cp1252 actually) to copy filtered resources, i.e. build is platform dependent!
2025-12-06 17:08:17,187 [Worker-102: Building] INFO  o.e.m.c.i.embedder.EclipseLogger - Copying 0 resource
2025-12-06 17:08:18,276 [Worker-102: Building] WARN  o.e.m.c.i.embedder.EclipseLogger - Using platform encoding (Cp1252 actually) to copy filtered resources, i.e. build is platform dependent!
2025-12-06 17:08:18,277 [Worker-102: Building] INFO  o.e.m.c.i.embedder.EclipseLogger - Copying 0 resource
2025-12-06 17:08:18,279 [Worker-102: Building] WARN  o.e.m.c.i.embedder.EclipseLogger - Using platform encoding (Cp1252 actually) to copy filtered resources, i.e. build is platform dependent!
2025-12-06 17:08:18,280 [Worker-102: Building] INFO  o.e.m.c.i.embedder.EclipseLogger - Copying 0 resource
2025-12-06 17:10:40,961 [Worker-107: Building] WARN  o.e.m.c.i.embedder.EclipseLogger - Using platform encoding (Cp1252 actually) to copy filtered resources, i.e. build is platform dependent!
2025-12-06 17:10:40,963 [Worker-107: Building] INFO  o.e.m.c.i.embedder.EclipseLogger - Copying 0 resource
2025-12-06 17:10:40,965 [Worker-107: Building] WARN  o.e.m.c.i.embedder.EclipseLogger - Using platform encoding (Cp1252 actually) to copy filtered resources, i.e. build is platform dependent!
2025-12-06 17:10:40,966 [Worker-107: Building] INFO  o.e.m.c.i.embedder.EclipseLogger - Copying 0 resource
2025-12-06 17:11:59,188 [Worker-115: Building] WARN  o.e.m.c.i.embedder.EclipseLogger - Using platform encoding (Cp1252 actually) to copy filtered resources, i.e. build is platform dependent!
2025-12-06 17:11:59,190 [Worker-115: Building] INFO  o.e.m.c.i.embedder.EclipseLogger - Copying 0 resource
2025-12-06 17:11:59,193 [Worker-115: Building] WARN  o.e.m.c.i.embedder.EclipseLogger - Using platform encoding (Cp1252 actually) to copy filtered resources, i.e. build is platform dependent!
2025-12-06 17:11:59,195 [Worker-115: Building] INFO  o.e.m.c.i.embedder.EclipseLogger - Copying 0 resource
2025-12-06 17:15:03,247 [Worker-102: Building] WARN  o.e.m.c.i.embedder.EclipseLogger - Using platform encoding (Cp1252 actually) to copy filtered resources, i.e. build is platform dependent!
2025-12-06 17:15:03,248 [Worker-102: Building] INFO  o.e.m.c.i.embedder.EclipseLogger - Copying 0 resource
2025-12-06 17:15:03,250 [Worker-102: Building] WARN  o.e.m.c.i.embedder.EclipseLogger - Using platform encoding (Cp1252 actually) to copy filtered resources, i.e. build is platform dependent!
2025-12-06 17:15:03,251 [Worker-102: Building] INFO  o.e.m.c.i.embedder.EclipseLogger - Copying 0 resource
2025-12-06 17:16:00,192 [Worker-118: Building] WARN  o.e.m.c.i.embedder.EclipseLogger - Using platform encoding (Cp1252 actually) to copy filtered resources, i.e. build is platform dependent!
2025-12-06 17:16:00,193 [Worker-118: Building] INFO  o.e.m.c.i.embedder.EclipseLogger - Copying 0 resource
2025-12-06 17:16:00,195 [Worker-118: Building] WARN  o.e.m.c.i.embedder.EclipseLogger - Using platform encoding (Cp1252 actually) to copy filtered resources, i.e. build is platform dependent!
2025-12-06 17:16:00,196 [Worker-118: Building] INFO  o.e.m.c.i.embedder.EclipseLogger - Copying 0 resource
2025-12-06 17:22:30,145 [Worker-110: Building] WARN  o.e.m.c.i.embedder.EclipseLogger - Using platform encoding (Cp1252 actually) to copy filtered resources, i.e. build is platform dependent!
2025-12-06 17:22:30,146 [Worker-110: Building] INFO  o.e.m.c.i.embedder.EclipseLogger - Copying 0 resource
2025-12-06 17:22:30,148 [Worker-110: Building] WARN  o.e.m.c.i.embedder.EclipseLogger - Using platform encoding (Cp1252 actually) to copy filtered resources, i.e. build is platform dependent!
2025-12-06 17:22:30,149 [Worker-110: Building] INFO  o.e.m.c.i.embedder.EclipseLogger - Copying 0 resource
2025-12-06 17:22:35,802 [Worker-110: Building] WARN  o.e.m.c.i.embedder.EclipseLogger - Using platform encoding (Cp1252 actually) to copy filtered resources, i.e. build is platform dependent!
2025-12-06 17:22:35,803 [Worker-110: Building] INFO  o.e.m.c.i.embedder.EclipseLogger - Copying 0 resource
2025-12-06 17:22:35,805 [Worker-110: Building] WARN  o.e.m.c.i.embedder.EclipseLogger - Using platform encoding (Cp1252 actually) to copy filtered resources, i.e. build is platform dependent!
2025-12-06 17:22:35,807 [Worker-110: Building] INFO  o.e.m.c.i.embedder.EclipseLogger - Copying 0 resource
2025-12-06 17:23:02,813 [Worker-121: Building] WARN  o.e.m.c.i.embedder.EclipseLogger - Using platform encoding (Cp1252 actually) to copy filtered resources, i.e. build is platform dependent!
2025-12-06 17:23:02,814 [Worker-121: Building] INFO  o.e.m.c.i.embedder.EclipseLogger - Copying 0 resource
2025-12-06 17:23:02,816 [Worker-121: Building] WARN  o.e.m.c.i.embedder.EclipseLogger - Using platform encoding (Cp1252 actually) to copy filtered resources, i.e. build is platform dependent!
2025-12-06 17:23:02,817 [Worker-121: Building] INFO  o.e.m.c.i.embedder.EclipseLogger - Copying 0 resource
2025-12-06 17:23:08,639 [Worker-122: Building] WARN  o.e.m.c.i.embedder.EclipseLogger - Using platform encoding (Cp1252 actually) to copy filtered resources, i.e. build is platform dependent!
2025-12-06 17:23:08,641 [Worker-122: Building] INFO  o.e.m.c.i.embedder.EclipseLogger - Copying 0 resource
2025-12-06 17:23:08,642 [Worker-122: Building] WARN  o.e.m.c.i.embedder.EclipseLogger - Using platform encoding (Cp1252 actually) to copy filtered resources, i.e. build is platform dependent!
2025-12-06 17:23:08,643 [Worker-122: Building] INFO  o.e.m.c.i.embedder.EclipseLogger - Copying 0 resource
2025-12-06 17:24:20,717 [Worker-122: Building] WARN  o.e.m.c.i.embedder.EclipseLogger - Using platform encoding (Cp1252 actually) to copy filtered resources, i.e. build is platform dependent!
2025-12-06 17:24:20,719 [Worker-122: Building] INFO  o.e.m.c.i.embedder.EclipseLogger - Copying 0 resource
2025-12-06 17:24:20,720 [Worker-122: Building] WARN  o.e.m.c.i.embedder.EclipseLogger - Using platform encoding (Cp1252 actually) to copy filtered resources, i.e. build is platform dependent!
2025-12-06 17:24:20,721 [Worker-122: Building] INFO  o.e.m.c.i.embedder.EclipseLogger - Copying 0 resource
2025-12-06 17:24:27,262 [Worker-110: Building] WARN  o.e.m.c.i.embedder.EclipseLogger - Using platform encoding (Cp1252 actually) to copy filtered resources, i.e. build is platform dependent!
2025-12-06 17:24:27,264 [Worker-110: Building] INFO  o.e.m.c.i.embedder.EclipseLogger - Copying 0 resource
2025-12-06 17:24:27,265 [Worker-110: Building] WARN  o.e.m.c.i.embedder.EclipseLogger - Using platform encoding (Cp1252 actually) to copy filtered resources, i.e. build is platform dependent!
2025-12-06 17:24:27,266 [Worker-110: Building] INFO  o.e.m.c.i.embedder.EclipseLogger - Copying 0 resource
2025-12-06 17:25:15,027 [Worker-118: Building] WARN  o.e.m.c.i.embedder.EclipseLogger - Using platform encoding (Cp1252 actually) to copy filtered resources, i.e. build is platform dependent!
2025-12-06 17:25:15,029 [Worker-118: Building] INFO  o.e.m.c.i.embedder.EclipseLogger - Copying 0 resource
2025-12-06 17:25:15,031 [Worker-118: Building] WARN  o.e.m.c.i.embedder.EclipseLogger - Using platform encoding (Cp1252 actually) to copy filtered resources, i.e. build is platform dependent!
2025-12-06 17:25:15,032 [Worker-118: Building] INFO  o.e.m.c.i.embedder.EclipseLogger - Copying 0 resource
2025-12-06 17:25:37,645 [Worker-121: Building] WARN  o.e.m.c.i.embedder.EclipseLogger - Using platform encoding (Cp1252 actually) to copy filtered resources, i.e. build is platform dependent!
2025-12-06 17:25:37,647 [Worker-121: Building] INFO  o.e.m.c.i.embedder.EclipseLogger - Copying 0 resource
2025-12-06 17:25:37,649 [Worker-121: Building] WARN  o.e.m.c.i.embedder.EclipseLogger - Using platform encoding (Cp1252 actually) to copy filtered resources, i.e. build is platform dependent!
2025-12-06 17:25:37,650 [Worker-121: Building] INFO  o.e.m.c.i.embedder.EclipseLogger - Copying 0 resource
2025-12-06 17:25:51,413 [Worker-122: Building] WARN  o.e.m.c.i.embedder.EclipseLogger - Using platform encoding (Cp1252 actually) to copy filtered resources, i.e. build is platform dependent!
2025-12-06 17:25:51,414 [Worker-122: Building] INFO  o.e.m.c.i.embedder.EclipseLogger - Copying 0 resource
2025-12-06 17:25:51,416 [Worker-122: Building] WARN  o.e.m.c.i.embedder.EclipseLogger - Using platform encoding (Cp1252 actually) to copy filtered resources, i.e. build is platform dependent!
2025-12-06 17:25:51,417 [Worker-122: Building] INFO  o.e.m.c.i.embedder.EclipseLogger - Copying 0 resource
2025-12-06 17:26:06,184 [Worker-110: Building] WARN  o.e.m.c.i.embedder.EclipseLogger - Using platform encoding (Cp1252 actually) to copy filtered resources, i.e. build is platform dependent!
2025-12-06 17:26:06,186 [Worker-110: Building] INFO  o.e.m.c.i.embedder.EclipseLogger - Copying 0 resource
2025-12-06 17:26:06,188 [Worker-110: Building] WARN  o.e.m.c.i.embedder.EclipseLogger - Using platform encoding (Cp1252 actually) to copy filtered resources, i.e. build is platform dependent!
2025-12-06 17:26:06,189 [Worker-110: Building] INFO  o.e.m.c.i.embedder.EclipseLogger - Copying 0 resource
2025-12-06 17:28:14,234 [Worker-122: Building] WARN  o.e.m.c.i.embedder.EclipseLogger - Using platform encoding (Cp1252 actually) to copy filtered resources, i.e. build is platform dependent!
2025-12-06 17:28:14,236 [Worker-122: Building] INFO  o.e.m.c.i.embedder.EclipseLogger - Copying 0 resource
2025-12-06 17:28:14,238 [Worker-122: Building] WARN  o.e.m.c.i.embedder.EclipseLogger - Using platform encoding (Cp1252 actually) to copy filtered resources, i.e. build is platform dependent!
2025-12-06 17:28:14,239 [Worker-122: Building] INFO  o.e.m.c.i.embedder.EclipseLogger - Copying 0 resource
2025-12-06 17:29:55,946 [Worker-110: Building] WARN  o.e.m.c.i.embedder.EclipseLogger - Using platform encoding (Cp1252 actually) to copy filtered resources, i.e. build is platform dependent!
2025-12-06 17:29:55,948 [Worker-110: Building] INFO  o.e.m.c.i.embedder.EclipseLogger - Copying 0 resource
2025-12-06 17:29:55,950 [Worker-110: Building] WARN  o.e.m.c.i.embedder.EclipseLogger - Using platform encoding (Cp1252 actually) to copy filtered resources, i.e. build is platform dependent!
2025-12-06 17:29:55,951 [Worker-110: Building] INFO  o.e.m.c.i.embedder.EclipseLogger - Copying 0 resource
2025-12-06 17:30:11,151 [Worker-110: Building] WARN  o.e.m.c.i.embedder.EclipseLogger - Using platform encoding (Cp1252 actually) to copy filtered resources, i.e. build is platform dependent!
2025-12-06 17:30:11,152 [Worker-110: Building] INFO  o.e.m.c.i.embedder.EclipseLogger - Copying 0 resource
2025-12-06 17:30:11,154 [Worker-110: Building] WARN  o.e.m.c.i.embedder.EclipseLogger - Using platform encoding (Cp1252 actually) to copy filtered resources, i.e. build is platform dependent!
2025-12-06 17:30:11,155 [Worker-110: Building] INFO  o.e.m.c.i.embedder.EclipseLogger - Copying 0 resource
2025-12-06 17:31:20,057 [Worker-121: Building] WARN  o.e.m.c.i.embedder.EclipseLogger - Using platform encoding (Cp1252 actually) to copy filtered resources, i.e. build is platform dependent!
2025-12-06 17:31:20,059 [Worker-121: Building] INFO  o.e.m.c.i.embedder.EclipseLogger - Copying 0 resource
2025-12-06 17:31:20,060 [Worker-121: Building] WARN  o.e.m.c.i.embedder.EclipseLogger - Using platform encoding (Cp1252 actually) to copy filtered resources, i.e. build is platform dependent!
2025-12-06 17:31:20,061 [Worker-121: Building] INFO  o.e.m.c.i.embedder.EclipseLogger - Copying 0 resource
2025-12-06 17:32:06,169 [Worker-118: Building] WARN  o.e.m.c.i.embedder.EclipseLogger - Using platform encoding (Cp1252 actually) to copy filtered resources, i.e. build is platform dependent!
2025-12-06 17:32:06,171 [Worker-118: Building] INFO  o.e.m.c.i.embedder.EclipseLogger - Copying 0 resource
2025-12-06 17:32:06,174 [Worker-118: Building] WARN  o.e.m.c.i.embedder.EclipseLogger - Using platform encoding (Cp1252 actually) to copy filtered resources, i.e. build is platform dependent!
2025-12-06 17:32:06,175 [Worker-118: Building] INFO  o.e.m.c.i.embedder.EclipseLogger - Copying 0 resource
2025-12-06 17:36:18,286 [Worker-124: Building] WARN  o.e.m.c.i.embedder.EclipseLogger - Using platform encoding (Cp1252 actually) to copy filtered resources, i.e. build is platform dependent!
2025-12-06 17:36:18,287 [Worker-124: Building] INFO  o.e.m.c.i.embedder.EclipseLogger - Copying 0 resource
2025-12-06 17:36:18,290 [Worker-124: Building] WARN  o.e.m.c.i.embedder.EclipseLogger - Using platform encoding (Cp1252 actually) to copy filtered resources, i.e. build is platform dependent!
2025-12-06 17:36:18,291 [Worker-124: Building] INFO  o.e.m.c.i.embedder.EclipseLogger - Copying 0 resource
2025-12-06 17:41:31,740 [Worker-124: Building] WARN  o.e.m.c.i.embedder.EclipseLogger - Using platform encoding (Cp1252 actually) to copy filtered resources, i.e. build is platform dependent!
2025-12-06 17:41:31,741 [Worker-124: Building] INFO  o.e.m.c.i.embedder.EclipseLogger - Copying 0 resource
2025-12-06 17:41:31,743 [Worker-124: Building] WARN  o.e.m.c.i.embedder.EclipseLogger - Using platform encoding (Cp1252 actually) to copy filtered resources, i.e. build is platform dependent!
2025-12-06 17:41:31,744 [Worker-124: Building] INFO  o.e.m.c.i.embedder.EclipseLogger - Copying 0 resource
2025-12-06 17:41:53,699 [Worker-119: Building] WARN  o.e.m.c.i.embedder.EclipseLogger - Using platform encoding (Cp1252 actually) to copy filtered resources, i.e. build is platform dependent!
2025-12-06 17:41:53,700 [Worker-119: Building] INFO  o.e.m.c.i.embedder.EclipseLogger - Copying 0 resource
2025-12-06 17:41:53,703 [Worker-119: Building] WARN  o.e.m.c.i.embedder.EclipseLogger - Using platform encoding (Cp1252 actually) to copy filtered resources, i.e. build is platform dependent!
2025-12-06 17:41:53,704 [Worker-119: Building] INFO  o.e.m.c.i.embedder.EclipseLogger - Copying 0 resource
2025-12-06 17:41:58,437 [Worker-127: Building] WARN  o.e.m.c.i.embedder.EclipseLogger - Using platform encoding (Cp1252 actually) to copy filtered resources, i.e. build is platform dependent!
2025-12-06 17:41:58,438 [Worker-127: Building] INFO  o.e.m.c.i.embedder.EclipseLogger - Copying 0 resource
2025-12-06 17:41:58,440 [Worker-127: Building] WARN  o.e.m.c.i.embedder.EclipseLogger - Using platform encoding (Cp1252 actually) to copy filtered resources, i.e. build is platform dependent!
2025-12-06 17:41:58,441 [Worker-127: Building] INFO  o.e.m.c.i.embedder.EclipseLogger - Copying 0 resource
2025-12-06 17:44:58,143 [Worker-124: Building] WARN  o.e.m.c.i.embedder.EclipseLogger - Using platform encoding (Cp1252 actually) to copy filtered resources, i.e. build is platform dependent!
2025-12-06 17:44:58,145 [Worker-124: Building] INFO  o.e.m.c.i.embedder.EclipseLogger - Copying 0 resource
2025-12-06 17:44:58,147 [Worker-124: Building] WARN  o.e.m.c.i.embedder.EclipseLogger - Using platform encoding (Cp1252 actually) to copy filtered resources, i.e. build is platform dependent!
2025-12-06 17:44:58,148 [Worker-124: Building] INFO  o.e.m.c.i.embedder.EclipseLogger - Copying 0 resource
2025-12-06 17:45:19,038 [Worker-126: Building] WARN  o.e.m.c.i.embedder.EclipseLogger - Using platform encoding (Cp1252 actually) to copy filtered resources, i.e. build is platform dependent!
2025-12-06 17:45:19,040 [Worker-126: Building] INFO  o.e.m.c.i.embedder.EclipseLogger - Copying 0 resource
2025-12-06 17:45:19,043 [Worker-126: Building] WARN  o.e.m.c.i.embedder.EclipseLogger - Using platform encoding (Cp1252 actually) to copy filtered resources, i.e. build is platform dependent!
2025-12-06 17:45:19,045 [Worker-126: Building] INFO  o.e.m.c.i.embedder.EclipseLogger - Copying 0 resource
2025-12-06 17:47:17,746 [Worker-126: Building] WARN  o.e.m.c.i.embedder.EclipseLogger - Using platform encoding (Cp1252 actually) to copy filtered resources, i.e. build is platform dependent!
2025-12-06 17:47:17,749 [Worker-126: Building] INFO  o.e.m.c.i.embedder.EclipseLogger - Copying 0 resource
2025-12-06 17:47:17,752 [Worker-126: Building] WARN  o.e.m.c.i.embedder.EclipseLogger - Using platform encoding (Cp1252 actually) to copy filtered resources, i.e. build is platform dependent!
2025-12-06 17:47:17,753 [Worker-126: Building] INFO  o.e.m.c.i.embedder.EclipseLogger - Copying 0 resource
2025-12-06 17:47:25,336 [Worker-118: Building] WARN  o.e.m.c.i.embedder.EclipseLogger - Using platform encoding (Cp1252 actually) to copy filtered resources, i.e. build is platform dependent!
2025-12-06 17:47:25,339 [Worker-118: Building] INFO  o.e.m.c.i.embedder.EclipseLogger - Copying 0 resource
2025-12-06 17:47:25,341 [Worker-118: Building] WARN  o.e.m.c.i.embedder.EclipseLogger - Using platform encoding (Cp1252 actually) to copy filtered resources, i.e. build is platform dependent!
2025-12-06 17:47:25,344 [Worker-118: Building] INFO  o.e.m.c.i.embedder.EclipseLogger - Copying 0 resource
2025-12-06 17:47:52,712 [Worker-119: Building] WARN  o.e.m.c.i.embedder.EclipseLogger - Using platform encoding (Cp1252 actually) to copy filtered resources, i.e. build is platform dependent!
2025-12-06 17:47:52,714 [Worker-119: Building] INFO  o.e.m.c.i.embedder.EclipseLogger - Copying 0 resource
2025-12-06 17:47:52,716 [Worker-119: Building] WARN  o.e.m.c.i.embedder.EclipseLogger - Using platform encoding (Cp1252 actually) to copy filtered resources, i.e. build is platform dependent!
2025-12-06 17:47:52,717 [Worker-119: Building] INFO  o.e.m.c.i.embedder.EclipseLogger - Copying 0 resource
2025-12-06 17:47:56,600 [Worker-126: Building] WARN  o.e.m.c.i.embedder.EclipseLogger - Using platform encoding (Cp1252 actually) to copy filtered resources, i.e. build is platform dependent!
2025-12-06 17:47:56,601 [Worker-126: Building] INFO  o.e.m.c.i.embedder.EclipseLogger - Copying 0 resource
2025-12-06 17:47:56,603 [Worker-126: Building] WARN  o.e.m.c.i.embedder.EclipseLogger - Using platform encoding (Cp1252 actually) to copy filtered resources, i.e. build is platform dependent!
2025-12-06 17:47:56,618 [Worker-126: Building] INFO  o.e.m.c.i.embedder.EclipseLogger - Copying 0 resource
2025-12-06 17:48:11,622 [Worker-118: Building] WARN  o.e.m.c.i.embedder.EclipseLogger - Using platform encoding (Cp1252 actually) to copy filtered resources, i.e. build is platform dependent!
2025-12-06 17:48:11,624 [Worker-118: Building] INFO  o.e.m.c.i.embedder.EclipseLogger - Copying 0 resource
2025-12-06 17:48:11,625 [Worker-118: Building] WARN  o.e.m.c.i.embedder.EclipseLogger - Using platform encoding (Cp1252 actually) to copy filtered resources, i.e. build is platform dependent!
2025-12-06 17:48:11,626 [Worker-118: Building] INFO  o.e.m.c.i.embedder.EclipseLogger - Copying 0 resource
2025-12-06 17:50:54,617 [Worker-126: Building] WARN  o.e.m.c.i.embedder.EclipseLogger - Using platform encoding (Cp1252 actually) to copy filtered resources, i.e. build is platform dependent!
2025-12-06 17:50:54,619 [Worker-126: Building] INFO  o.e.m.c.i.embedder.EclipseLogger - Copying 0 resource
2025-12-06 17:50:54,620 [Worker-126: Building] WARN  o.e.m.c.i.embedder.EclipseLogger - Using platform encoding (Cp1252 actually) to copy filtered resources, i.e. build is platform dependent!
2025-12-06 17:50:54,621 [Worker-126: Building] INFO  o.e.m.c.i.embedder.EclipseLogger - Copying 0 resource
2025-12-06 17:52:51,275 [Worker-125: Building] WARN  o.e.m.c.i.embedder.EclipseLogger - Using platform encoding (Cp1252 actually) to copy filtered resources, i.e. build is platform dependent!
2025-12-06 17:52:51,277 [Worker-125: Building] INFO  o.e.m.c.i.embedder.EclipseLogger - Copying 0 resource
2025-12-06 17:52:51,279 [Worker-125: Building] WARN  o.e.m.c.i.embedder.EclipseLogger - Using platform encoding (Cp1252 actually) to copy filtered resources, i.e. build is platform dependent!
2025-12-06 17:52:51,280 [Worker-125: Building] INFO  o.e.m.c.i.embedder.EclipseLogger - Copying 0 resource
2025-12-06 17:52:54,872 [Worker-124: Building] WARN  o.e.m.c.i.embedder.EclipseLogger - Using platform encoding (Cp1252 actually) to copy filtered resources, i.e. build is platform dependent!
2025-12-06 17:52:54,874 [Worker-124: Building] INFO  o.e.m.c.i.embedder.EclipseLogger - Copying 0 resource
2025-12-06 17:52:54,876 [Worker-124: Building] WARN  o.e.m.c.i.embedder.EclipseLogger - Using platform encoding (Cp1252 actually) to copy filtered resources, i.e. build is platform dependent!
2025-12-06 17:52:54,877 [Worker-124: Building] INFO  o.e.m.c.i.embedder.EclipseLogger - Copying 0 resource
2025-12-06 17:53:15,341 [Worker-124: Building] WARN  o.e.m.c.i.embedder.EclipseLogger - Using platform encoding (Cp1252 actually) to copy filtered resources, i.e. build is platform dependent!
2025-12-06 17:53:15,343 [Worker-124: Building] INFO  o.e.m.c.i.embedder.EclipseLogger - Copying 0 resource
2025-12-06 17:53:15,345 [Worker-124: Building] WARN  o.e.m.c.i.embedder.EclipseLogger - Using platform encoding (Cp1252 actually) to copy filtered resources, i.e. build is platform dependent!
2025-12-06 17:53:15,346 [Worker-124: Building] INFO  o.e.m.c.i.embedder.EclipseLogger - Copying 0 resource
2025-12-06 17:53:19,148 [Worker-126: Building] WARN  o.e.m.c.i.embedder.EclipseLogger - Using platform encoding (Cp1252 actually) to copy filtered resources, i.e. build is platform dependent!
2025-12-06 17:53:19,150 [Worker-126: Building] INFO  o.e.m.c.i.embedder.EclipseLogger - Copying 0 resource
2025-12-06 17:53:19,151 [Worker-126: Building] WARN  o.e.m.c.i.embedder.EclipseLogger - Using platform encoding (Cp1252 actually) to copy filtered resources, i.e. build is platform dependent!
2025-12-06 17:53:19,153 [Worker-126: Building] INFO  o.e.m.c.i.embedder.EclipseLogger - Copying 0 resource
2025-12-06 17:53:27,557 [Worker-126: Building] WARN  o.e.m.c.i.embedder.EclipseLogger - Using platform encoding (Cp1252 actually) to copy filtered resources, i.e. build is platform dependent!
2025-12-06 17:53:27,558 [Worker-126: Building] INFO  o.e.m.c.i.embedder.EclipseLogger - Copying 0 resource
2025-12-06 17:53:27,560 [Worker-126: Building] WARN  o.e.m.c.i.embedder.EclipseLogger - Using platform encoding (Cp1252 actually) to copy filtered resources, i.e. build is platform dependent!
2025-12-06 17:53:27,561 [Worker-126: Building] INFO  o.e.m.c.i.embedder.EclipseLogger - Copying 0 resource
2025-12-06 17:54:37,312 [Worker-125: Building] WARN  o.e.m.c.i.embedder.EclipseLogger - Using platform encoding (Cp1252 actually) to copy filtered resources, i.e. build is platform dependent!
2025-12-06 17:54:37,314 [Worker-125: Building] INFO  o.e.m.c.i.embedder.EclipseLogger - Copying 0 resource
2025-12-06 17:54:37,315 [Worker-125: Building] WARN  o.e.m.c.i.embedder.EclipseLogger - Using platform encoding (Cp1252 actually) to copy filtered resources, i.e. build is platform dependent!
2025-12-06 17:54:37,316 [Worker-125: Building] INFO  o.e.m.c.i.embedder.EclipseLogger - Copying 0 resource
2025-12-06 17:57:09,225 [Worker-128: Building] WARN  o.e.m.c.i.embedder.EclipseLogger - Using platform encoding (Cp1252 actually) to copy filtered resources, i.e. build is platform dependent!
2025-12-06 17:57:09,227 [Worker-128: Building] INFO  o.e.m.c.i.embedder.EclipseLogger - Copying 0 resource
2025-12-06 17:57:09,232 [Worker-128: Building] WARN  o.e.m.c.i.embedder.EclipseLogger - Using platform encoding (Cp1252 actually) to copy filtered resources, i.e. build is platform dependent!
2025-12-06 17:57:09,233 [Worker-128: Building] INFO  o.e.m.c.i.embedder.EclipseLogger - Copying 0 resource
2025-12-06 18:00:02,559 [Worker-118: Building] WARN  o.e.m.c.i.embedder.EclipseLogger - Using platform encoding (Cp1252 actually) to copy filtered resources, i.e. build is platform dependent!
2025-12-06 18:00:02,561 [Worker-118: Building] INFO  o.e.m.c.i.embedder.EclipseLogger - Copying 0 resource
2025-12-06 18:00:02,564 [Worker-118: Building] WARN  o.e.m.c.i.embedder.EclipseLogger - Using platform encoding (Cp1252 actually) to copy filtered resources, i.e. build is platform dependent!
2025-12-06 18:00:02,565 [Worker-118: Building] INFO  o.e.m.c.i.embedder.EclipseLogger - Copying 0 resource
2025-12-08 13:52:53,983 [Worker-1: Loading available Gradle versions] INFO  o.e.b.c.i.u.g.PublishedGradleVersions - Gradle version information cache is out-of-date. Trying to update.
2025-12-08 13:53:14,317 [Worker-1: Loading available Gradle versions] INFO  o.e.b.c.i.u.g.PublishedGradleVersions - Updating Gradle version information cache failed. Using outdated cache.
2025-12-08 13:53:48,485 [Worker-4: Creating project "StudentMVC"] INFO  o.e.m.c.i.l.LifecycleMappingFactory - Using org.eclipse.m2e.jdt.JarLifecycleMapping lifecycle mapping for MavenProject: com.demo:StudentMVC:0.0.1-SNAPSHOT @ C:\Users\IET\Desktop\VipulPriyanka\Web_Based_ Java\Day15 Spring\StudentMVC\pom.xml.
2025-12-08 13:53:50,730 [Worker-4: Creating project "StudentMVC"] INFO  o.e.m.j.i.AbstractJavaProjectConfigurator - Adding source folder /StudentMVC/src/main/java
2025-12-08 13:53:50,732 [Worker-4: Creating project "StudentMVC"] INFO  o.e.m.j.i.AbstractJavaProjectConfigurator - Adding resource folder /StudentMVC/src/main/resources
2025-12-08 13:53:50,733 [Worker-4: Creating project "StudentMVC"] INFO  o.e.m.j.i.AbstractJavaProjectConfigurator - Adding source folder /StudentMVC/src/test/java
2025-12-08 13:53:50,734 [Worker-4: Creating project "StudentMVC"] INFO  o.e.m.j.i.AbstractJavaProjectConfigurator - Adding resource folder /StudentMVC/src/test/resources
2025-12-08 13:53:51,455 [Worker-11: Building] WARN  o.e.m.c.i.embedder.EclipseLogger - Using platform encoding (Cp1252 actually) to copy filtered resources, i.e. build is platform dependent!
2025-12-08 13:53:51,461 [Worker-11: Building] INFO  o.e.m.c.i.embedder.EclipseLogger - Copying 0 resource
2025-12-08 13:53:51,468 [Worker-11: Building] WARN  o.e.m.c.i.embedder.EclipseLogger - Using platform encoding (Cp1252 actually) to copy filtered resources, i.e. build is platform dependent!
2025-12-08 13:53:51,472 [Worker-11: Building] INFO  o.e.m.c.i.embedder.EclipseLogger - Copying 0 resource
2025-12-08 13:54:06,510 [Worker-10: Building] INFO  o.e.m.c.i.l.LifecycleMappingFactory - Using org.maven.ide.eclipse.wtp.WarLifecycleMapping lifecycle mapping for MavenProject: com.demo:MySpringMVCDemo:0.0.1-SNAPSHOT @ C:\Users\IET\Desktop\VipulPriyanka\Web_Based_ Java\Day15 Spring\StudentMVC\pom.xml.
2025-12-08 13:54:10,113 [Worker-10: Building] WARN  o.e.m.c.i.embedder.EclipseLogger - Using platform encoding (Cp1252 actually) to copy filtered resources, i.e. build is platform dependent!
2025-12-08 13:54:10,116 [Worker-10: Building] INFO  o.e.m.c.i.embedder.EclipseLogger - Copying 0 resource
2025-12-08 13:54:10,121 [Worker-10: Building] WARN  o.e.m.c.i.embedder.EclipseLogger - Using platform encoding (Cp1252 actually) to copy filtered resources, i.e. build is platform dependent!
2025-12-08 13:54:10,122 [Worker-10: Building] INFO  o.e.m.c.i.embedder.EclipseLogger - Copying 0 resource
2025-12-08 13:54:10,125 [Worker-10: Building] INFO  o.e.m.w.i.f.ResourceFilteringBuildParticipant - Changed resources require a complete clean of filtered resources of StudentMVC
2025-12-08 13:54:10,129 [Worker-10: Building] INFO  o.e.m.w.i.f.ResourceFilteringBuildParticipant - Executing resource filtering for StudentMVC
2025-12-08 13:54:10,240 [Worker-12: Updating Maven Project] INFO  o.e.m.c.i.p.ProjectConfigurationManager - Update started
2025-12-08 13:54:10,653 [Worker-12: Updating Maven Project] INFO  o.e.m.c.i.l.LifecycleMappingFactory - Using org.maven.ide.eclipse.wtp.WarLifecycleMapping lifecycle mapping for MavenProject: com.demo:MySpringMVCDemo:0.0.1-SNAPSHOT @ C:\Users\IET\Desktop\VipulPriyanka\Web_Based_ Java\Day15 Spring\StudentMVC\pom.xml.
2025-12-08 13:54:11,337 [Worker-12: Updating Maven Project] INFO  o.e.m.j.i.AbstractJavaProjectConfigurator - Adding source folder /StudentMVC/src/main/java
2025-12-08 13:54:11,338 [Worker-12: Updating Maven Project] INFO  o.e.m.j.i.AbstractJavaProjectConfigurator - Adding resource folder /StudentMVC/src/main/resources
2025-12-08 13:54:11,339 [Worker-12: Updating Maven Project] INFO  o.e.m.j.i.AbstractJavaProjectConfigurator - Adding source folder /StudentMVC/src/test/java
2025-12-08 13:54:11,340 [Worker-12: Updating Maven Project] INFO  o.e.m.j.i.AbstractJavaProjectConfigurator - Adding resource folder /StudentMVC/src/test/resources
2025-12-08 13:54:12,489 [Worker-12: Updating Maven Project] INFO  o.e.m.w.i.f.ResourceFilteringBuildParticipant - Cleaning filtered folder for StudentMVC
2025-12-08 13:54:12,519 [Worker-12: Updating Maven Project] INFO  o.e.m.c.i.p.ProjectConfigurationManager - Update completed for 1 poms: local refresh takes 0.00 sec, refresh facades takes 0.00 sec, update config takes 1.00 sec 
2025-12-08 13:54:12,715 [Worker-4: Building] WARN  o.e.m.c.i.embedder.EclipseLogger - Using platform encoding (Cp1252 actually) to copy filtered resources, i.e. build is platform dependent!
2025-12-08 13:54:12,717 [Worker-4: Building] INFO  o.e.m.c.i.embedder.EclipseLogger - Copying 0 resource
2025-12-08 13:54:12,722 [Worker-4: Building] WARN  o.e.m.c.i.embedder.EclipseLogger - Using platform encoding (Cp1252 actually) to copy filtered resources, i.e. build is platform dependent!
2025-12-08 13:54:12,723 [Worker-4: Building] INFO  o.e.m.c.i.embedder.EclipseLogger - Copying 0 resource
2025-12-08 13:54:12,724 [Worker-4: Building] INFO  o.e.m.w.i.f.ResourceFilteringBuildParticipant - Changed resources require a complete clean of filtered resources of StudentMVC
2025-12-08 13:54:12,724 [Worker-4: Building] INFO  o.e.m.w.i.f.ResourceFilteringBuildParticipant - Executing resource filtering for StudentMVC
2025-12-08 13:54:13,443 [Worker-0: Building] WARN  o.e.m.c.i.embedder.EclipseLogger - Using platform encoding (Cp1252 actually) to copy filtered resources, i.e. build is platform dependent!
2025-12-08 13:54:13,445 [Worker-0: Building] INFO  o.e.m.c.i.embedder.EclipseLogger - Copying 0 resource
2025-12-08 13:54:13,448 [Worker-0: Building] WARN  o.e.m.c.i.embedder.EclipseLogger - Using platform encoding (Cp1252 actually) to copy filtered resources, i.e. build is platform dependent!
2025-12-08 13:54:13,449 [Worker-0: Building] INFO  o.e.m.c.i.embedder.EclipseLogger - Copying 0 resource
2025-12-08 13:54:36,484 [Worker-11: Building] WARN  o.e.m.c.i.embedder.EclipseLogger - Using platform encoding (Cp1252 actually) to copy filtered resources, i.e. build is platform dependent!
2025-12-08 13:54:36,488 [Worker-11: Building] INFO  o.e.m.c.i.embedder.EclipseLogger - Copying 0 resource
2025-12-08 13:54:36,502 [Worker-11: Building] WARN  o.e.m.c.i.embedder.EclipseLogger - Using platform encoding (Cp1252 actually) to copy filtered resources, i.e. build is platform dependent!
2025-12-08 13:54:36,505 [Worker-11: Building] INFO  o.e.m.c.i.embedder.EclipseLogger - Copying 0 resource
2025-12-08 13:55:32,295 [Worker-7: Building] WARN  o.e.m.c.i.embedder.EclipseLogger - Using platform encoding (Cp1252 actually) to copy filtered resources, i.e. build is platform dependent!
2025-12-08 13:55:32,296 [Worker-7: Building] INFO  o.e.m.c.i.embedder.EclipseLogger - Copying 0 resource
2025-12-08 13:55:32,299 [Worker-7: Building] WARN  o.e.m.c.i.embedder.EclipseLogger - Using platform encoding (Cp1252 actually) to copy filtered resources, i.e. build is platform dependent!
2025-12-08 13:55:32,300 [Worker-7: Building] INFO  o.e.m.c.i.embedder.EclipseLogger - Copying 0 resource
2025-12-08 13:55:57,234 [Worker-8: Building] WARN  o.e.m.c.i.embedder.EclipseLogger - Using platform encoding (Cp1252 actually) to copy filtered resources, i.e. build is platform dependent!
2025-12-08 13:55:57,235 [Worker-8: Building] INFO  o.e.m.c.i.embedder.EclipseLogger - Copying 0 resource
2025-12-08 13:55:57,238 [Worker-8: Building] WARN  o.e.m.c.i.embedder.EclipseLogger - Using platform encoding (Cp1252 actually) to copy filtered resources, i.e. build is platform dependent!
2025-12-08 13:55:57,239 [Worker-8: Building] INFO  o.e.m.c.i.embedder.EclipseLogger - Copying 0 resource
2025-12-08 13:56:41,829 [Worker-4: Building] WARN  o.e.m.c.i.embedder.EclipseLogger - Using platform encoding (Cp1252 actually) to copy filtered resources, i.e. build is platform dependent!
2025-12-08 13:56:41,831 [Worker-4: Building] INFO  o.e.m.c.i.embedder.EclipseLogger - Copying 0 resource
2025-12-08 13:56:41,834 [Worker-4: Building] WARN  o.e.m.c.i.embedder.EclipseLogger - Using platform encoding (Cp1252 actually) to copy filtered resources, i.e. build is platform dependent!
2025-12-08 13:56:41,835 [Worker-4: Building] INFO  o.e.m.c.i.embedder.EclipseLogger - Copying 0 resource
2025-12-08 13:58:06,204 [Worker-2: Building] WARN  o.e.m.c.i.embedder.EclipseLogger - Using platform encoding (Cp1252 actually) to copy filtered resources, i.e. build is platform dependent!
2025-12-08 13:58:06,205 [Worker-2: Building] INFO  o.e.m.c.i.embedder.EclipseLogger - Copying 0 resource
2025-12-08 13:58:06,208 [Worker-2: Building] WARN  o.e.m.c.i.embedder.EclipseLogger - Using platform encoding (Cp1252 actually) to copy filtered resources, i.e. build is platform dependent!
2025-12-08 13:58:06,209 [Worker-2: Building] INFO  o.e.m.c.i.embedder.EclipseLogger - Copying 0 resource
2025-12-08 13:58:34,196 [Worker-7: Building] WARN  o.e.m.c.i.embedder.EclipseLogger - Using platform encoding (Cp1252 actually) to copy filtered resources, i.e. build is platform dependent!
2025-12-08 13:58:34,206 [Worker-7: Building] INFO  o.e.m.c.i.embedder.EclipseLogger - Copying 0 resource
2025-12-08 13:58:34,210 [Worker-7: Building] WARN  o.e.m.c.i.embedder.EclipseLogger - Using platform encoding (Cp1252 actually) to copy filtered resources, i.e. build is platform dependent!
2025-12-08 13:58:34,212 [Worker-7: Building] INFO  o.e.m.c.i.embedder.EclipseLogger - Copying 0 resource
2025-12-08 14:00:07,564 [Worker-8: Building] WARN  o.e.m.c.i.embedder.EclipseLogger - Using platform encoding (Cp1252 actually) to copy filtered resources, i.e. build is platform dependent!
2025-12-08 14:00:07,566 [Worker-8: Building] INFO  o.e.m.c.i.embedder.EclipseLogger - Copying 0 resource
2025-12-08 14:00:07,570 [Worker-8: Building] WARN  o.e.m.c.i.embedder.EclipseLogger - Using platform encoding (Cp1252 actually) to copy filtered resources, i.e. build is platform dependent!
2025-12-08 14:00:07,572 [Worker-8: Building] INFO  o.e.m.c.i.embedder.EclipseLogger - Copying 0 resource
2025-12-08 14:03:29,355 [Worker-2: Building] WARN  o.e.m.c.i.embedder.EclipseLogger - Using platform encoding (Cp1252 actually) to copy filtered resources, i.e. build is platform dependent!
2025-12-08 14:03:29,357 [Worker-2: Building] INFO  o.e.m.c.i.embedder.EclipseLogger - Copying 0 resource
2025-12-08 14:03:29,360 [Worker-2: Building] WARN  o.e.m.c.i.embedder.EclipseLogger - Using platform encoding (Cp1252 actually) to copy filtered resources, i.e. build is platform dependent!
2025-12-08 14:03:29,361 [Worker-2: Building] INFO  o.e.m.c.i.embedder.EclipseLogger - Copying 0 resource
2025-12-08 14:04:18,410 [Worker-11: Building] WARN  o.e.m.c.i.embedder.EclipseLogger - Using platform encoding (Cp1252 actually) to copy filtered resources, i.e. build is platform dependent!
2025-12-08 14:04:18,412 [Worker-11: Building] INFO  o.e.m.c.i.embedder.EclipseLogger - Copying 0 resource
2025-12-08 14:04:18,415 [Worker-11: Building] WARN  o.e.m.c.i.embedder.EclipseLogger - Using platform encoding (Cp1252 actually) to copy filtered resources, i.e. build is platform dependent!
2025-12-08 14:04:18,417 [Worker-11: Building] INFO  o.e.m.c.i.embedder.EclipseLogger - Copying 0 resource
2025-12-08 14:05:59,140 [Worker-2: Building] WARN  o.e.m.c.i.embedder.EclipseLogger - Using platform encoding (Cp1252 actually) to copy filtered resources, i.e. build is platform dependent!
2025-12-08 14:05:59,143 [Worker-2: Building] INFO  o.e.m.c.i.embedder.EclipseLogger - Copying 0 resource
2025-12-08 14:05:59,146 [Worker-2: Building] WARN  o.e.m.c.i.embedder.EclipseLogger - Using platform encoding (Cp1252 actually) to copy filtered resources, i.e. build is platform dependent!
2025-12-08 14:05:59,148 [Worker-2: Building] INFO  o.e.m.c.i.embedder.EclipseLogger - Copying 0 resource
2025-12-08 14:06:15,244 [Worker-2: Building] WARN  o.e.m.c.i.embedder.EclipseLogger - Using platform encoding (Cp1252 actually) to copy filtered resources, i.e. build is platform dependent!
2025-12-08 14:06:15,246 [Worker-2: Building] INFO  o.e.m.c.i.embedder.EclipseLogger - Copying 0 resource
2025-12-08 14:06:15,249 [Worker-2: Building] WARN  o.e.m.c.i.embedder.EclipseLogger - Using platform encoding (Cp1252 actually) to copy filtered resources, i.e. build is platform dependent!
2025-12-08 14:06:15,250 [Worker-2: Building] INFO  o.e.m.c.i.embedder.EclipseLogger - Copying 0 resource
2025-12-08 14:06:38,738 [Worker-8: Building] WARN  o.e.m.c.i.embedder.EclipseLogger - Using platform encoding (Cp1252 actually) to copy filtered resources, i.e. build is platform dependent!
2025-12-08 14:06:38,740 [Worker-8: Building] INFO  o.e.m.c.i.embedder.EclipseLogger - Copying 0 resource
2025-12-08 14:06:38,745 [Worker-8: Building] WARN  o.e.m.c.i.embedder.EclipseLogger - Using platform encoding (Cp1252 actually) to copy filtered resources, i.e. build is platform dependent!
2025-12-08 14:06:38,747 [Worker-8: Building] INFO  o.e.m.c.i.embedder.EclipseLogger - Copying 0 resource
2025-12-08 14:06:50,798 [Worker-1: Building] WARN  o.e.m.c.i.embedder.EclipseLogger - Using platform encoding (Cp1252 actually) to copy filtered resources, i.e. build is platform dependent!
2025-12-08 14:06:50,799 [Worker-1: Building] INFO  o.e.m.c.i.embedder.EclipseLogger - Copying 0 resource
2025-12-08 14:06:50,802 [Worker-1: Building] WARN  o.e.m.c.i.embedder.EclipseLogger - Using platform encoding (Cp1252 actually) to copy filtered resources, i.e. build is platform dependent!
2025-12-08 14:06:50,804 [Worker-1: Building] INFO  o.e.m.c.i.embedder.EclipseLogger - Copying 0 resource
2025-12-08 14:07:01,439 [Worker-2: Building] WARN  o.e.m.c.i.embedder.EclipseLogger - Using platform encoding (Cp1252 actually) to copy filtered resources, i.e. build is platform dependent!
2025-12-08 14:07:01,440 [Worker-2: Building] INFO  o.e.m.c.i.embedder.EclipseLogger - Copying 0 resource
2025-12-08 14:07:01,446 [Worker-2: Building] WARN  o.e.m.c.i.embedder.EclipseLogger - Using platform encoding (Cp1252 actually) to copy filtered resources, i.e. build is platform dependent!
2025-12-08 14:07:01,448 [Worker-2: Building] INFO  o.e.m.c.i.embedder.EclipseLogger - Copying 0 resource
2025-12-08 14:07:44,995 [Worker-2: Building] WARN  o.e.m.c.i.embedder.EclipseLogger - Using platform encoding (Cp1252 actually) to copy filtered resources, i.e. build is platform dependent!
2025-12-08 14:07:44,996 [Worker-2: Building] INFO  o.e.m.c.i.embedder.EclipseLogger - Copying 0 resource
2025-12-08 14:07:44,999 [Worker-2: Building] WARN  o.e.m.c.i.embedder.EclipseLogger - Using platform encoding (Cp1252 actually) to copy filtered resources, i.e. build is platform dependent!
2025-12-08 14:07:45,000 [Worker-2: Building] INFO  o.e.m.c.i.embedder.EclipseLogger - Copying 0 resource
2025-12-08 14:08:17,129 [Worker-8: Building] WARN  o.e.m.c.i.embedder.EclipseLogger - Using platform encoding (Cp1252 actually) to copy filtered resources, i.e. build is platform dependent!
2025-12-08 14:08:17,131 [Worker-8: Building] INFO  o.e.m.c.i.embedder.EclipseLogger - Copying 0 resource
2025-12-08 14:08:17,133 [Worker-8: Building] WARN  o.e.m.c.i.embedder.EclipseLogger - Using platform encoding (Cp1252 actually) to copy filtered resources, i.e. build is platform dependent!
2025-12-08 14:08:17,135 [Worker-8: Building] INFO  o.e.m.c.i.embedder.EclipseLogger - Copying 0 resource
2025-12-08 14:08:22,962 [Worker-5: Building] WARN  o.e.m.c.i.embedder.EclipseLogger - Using platform encoding (Cp1252 actually) to copy filtered resources, i.e. build is platform dependent!
2025-12-08 14:08:22,963 [Worker-5: Building] INFO  o.e.m.c.i.embedder.EclipseLogger - Copying 0 resource
2025-12-08 14:08:22,966 [Worker-5: Building] WARN  o.e.m.c.i.embedder.EclipseLogger - Using platform encoding (Cp1252 actually) to copy filtered resources, i.e. build is platform dependent!
2025-12-08 14:08:22,970 [Worker-5: Building] INFO  o.e.m.c.i.embedder.EclipseLogger - Copying 0 resource
2025-12-08 14:08:30,518 [Worker-1: Building] WARN  o.e.m.c.i.embedder.EclipseLogger - Using platform encoding (Cp1252 actually) to copy filtered resources, i.e. build is platform dependent!
2025-12-08 14:08:30,520 [Worker-1: Building] INFO  o.e.m.c.i.embedder.EclipseLogger - Copying 0 resource
2025-12-08 14:08:30,522 [Worker-1: Building] WARN  o.e.m.c.i.embedder.EclipseLogger - Using platform encoding (Cp1252 actually) to copy filtered resources, i.e. build is platform dependent!
2025-12-08 14:08:30,524 [Worker-1: Building] INFO  o.e.m.c.i.embedder.EclipseLogger - Copying 0 resource
2025-12-08 14:09:34,259 [Worker-2: Building] WARN  o.e.m.c.i.embedder.EclipseLogger - Using platform encoding (Cp1252 actually) to copy filtered resources, i.e. build is platform dependent!
2025-12-08 14:09:34,260 [Worker-2: Building] INFO  o.e.m.c.i.embedder.EclipseLogger - Copying 0 resource
2025-12-08 14:09:34,263 [Worker-2: Building] WARN  o.e.m.c.i.embedder.EclipseLogger - Using platform encoding (Cp1252 actually) to copy filtered resources, i.e. build is platform dependent!
2025-12-08 14:09:34,264 [Worker-2: Building] INFO  o.e.m.c.i.embedder.EclipseLogger - Copying 0 resource
2025-12-08 14:09:59,174 [Worker-8: Building] WARN  o.e.m.c.i.embedder.EclipseLogger - Using platform encoding (Cp1252 actually) to copy filtered resources, i.e. build is platform dependent!
2025-12-08 14:09:59,176 [Worker-8: Building] INFO  o.e.m.c.i.embedder.EclipseLogger - Copying 0 resource
2025-12-08 14:09:59,179 [Worker-8: Building] WARN  o.e.m.c.i.embedder.EclipseLogger - Using platform encoding (Cp1252 actually) to copy filtered resources, i.e. build is platform dependent!
2025-12-08 14:09:59,180 [Worker-8: Building] INFO  o.e.m.c.i.embedder.EclipseLogger - Copying 0 resource
2025-12-08 14:10:06,926 [Worker-1: Building] WARN  o.e.m.c.i.embedder.EclipseLogger - Using platform encoding (Cp1252 actually) to copy filtered resources, i.e. build is platform dependent!
2025-12-08 14:10:06,928 [Worker-1: Building] INFO  o.e.m.c.i.embedder.EclipseLogger - Copying 0 resource
2025-12-08 14:10:06,931 [Worker-1: Building] WARN  o.e.m.c.i.embedder.EclipseLogger - Using platform encoding (Cp1252 actually) to copy filtered resources, i.e. build is platform dependent!
2025-12-08 14:10:06,932 [Worker-1: Building] INFO  o.e.m.c.i.embedder.EclipseLogger - Copying 0 resource
2025-12-08 14:10:42,712 [Worker-11: Building] WARN  o.e.m.c.i.embedder.EclipseLogger - Using platform encoding (Cp1252 actually) to copy filtered resources, i.e. build is platform dependent!
2025-12-08 14:10:42,714 [Worker-11: Building] INFO  o.e.m.c.i.embedder.EclipseLogger - Copying 0 resource
2025-12-08 14:10:42,717 [Worker-11: Building] WARN  o.e.m.c.i.embedder.EclipseLogger - Using platform encoding (Cp1252 actually) to copy filtered resources, i.e. build is platform dependent!
2025-12-08 14:10:42,718 [Worker-11: Building] INFO  o.e.m.c.i.embedder.EclipseLogger - Copying 0 resource
2025-12-08 14:10:55,982 [Worker-8: Building] WARN  o.e.m.c.i.embedder.EclipseLogger - Using platform encoding (Cp1252 actually) to copy filtered resources, i.e. build is platform dependent!
2025-12-08 14:10:55,985 [Worker-8: Building] INFO  o.e.m.c.i.embedder.EclipseLogger - Copying 0 resource
2025-12-08 14:10:55,991 [Worker-8: Building] WARN  o.e.m.c.i.embedder.EclipseLogger - Using platform encoding (Cp1252 actually) to copy filtered resources, i.e. build is platform dependent!
2025-12-08 14:10:55,993 [Worker-8: Building] INFO  o.e.m.c.i.embedder.EclipseLogger - Copying 0 resource
2025-12-08 14:11:36,020 [Worker-11: Building] WARN  o.e.m.c.i.embedder.EclipseLogger - Using platform encoding (Cp1252 actually) to copy filtered resources, i.e. build is platform dependent!
2025-12-08 14:11:36,022 [Worker-11: Building] INFO  o.e.m.c.i.embedder.EclipseLogger - Copying 0 resource
2025-12-08 14:11:36,025 [Worker-11: Building] WARN  o.e.m.c.i.embedder.EclipseLogger - Using platform encoding (Cp1252 actually) to copy filtered resources, i.e. build is platform dependent!
2025-12-08 14:11:36,026 [Worker-11: Building] INFO  o.e.m.c.i.embedder.EclipseLogger - Copying 0 resource
2025-12-08 14:12:29,858 [Worker-5: Building] WARN  o.e.m.c.i.embedder.EclipseLogger - Using platform encoding (Cp1252 actually) to copy filtered resources, i.e. build is platform dependent!
2025-12-08 14:12:29,860 [Worker-5: Building] INFO  o.e.m.c.i.embedder.EclipseLogger - Copying 0 resource
2025-12-08 14:12:29,863 [Worker-5: Building] WARN  o.e.m.c.i.embedder.EclipseLogger - Using platform encoding (Cp1252 actually) to copy filtered resources, i.e. build is platform dependent!
2025-12-08 14:12:29,864 [Worker-5: Building] INFO  o.e.m.c.i.embedder.EclipseLogger - Copying 0 resource
2025-12-08 14:13:06,053 [Worker-11: Building] WARN  o.e.m.c.i.embedder.EclipseLogger - Using platform encoding (Cp1252 actually) to copy filtered resources, i.e. build is platform dependent!
2025-12-08 14:13:06,055 [Worker-11: Building] INFO  o.e.m.c.i.embedder.EclipseLogger - Copying 0 resource
2025-12-08 14:13:06,060 [Worker-11: Building] WARN  o.e.m.c.i.embedder.EclipseLogger - Using platform encoding (Cp1252 actually) to copy filtered resources, i.e. build is platform dependent!
2025-12-08 14:13:06,061 [Worker-11: Building] INFO  o.e.m.c.i.embedder.EclipseLogger - Copying 0 resource
2025-12-08 14:13:18,674 [Worker-12: Launching Executing clean in C__Users_IET_Desktop_VipulPriyanka_Web_Based_ Java_Day15 Spring_StudentMVC] INFO  o.eclipse.m2e.core.internal.Bundles - getClasspathEntries(Bundle=org.eclipse.m2e.maven.runtime_3.8.701.20230209-1606 [610])
2025-12-08 14:13:18,695 [Worker-12: Launching Executing clean in C__Users_IET_Desktop_VipulPriyanka_Web_Based_ Java_Day15 Spring_StudentMVC] INFO  o.eclipse.m2e.core.internal.Bundles - 	Entry: C:\Users\IET\Desktop\Ele\eclipse\plugins\org.eclipse.m2e.maven.runtime_3.8.701.20230209-1606
2025-12-08 14:13:18,696 [Worker-12: Launching Executing clean in C__Users_IET_Desktop_VipulPriyanka_Web_Based_ Java_Day15 Spring_StudentMVC] INFO  o.eclipse.m2e.core.internal.Bundles - 	Entry: C:\Users\IET\Desktop\Ele\eclipse\plugins\org.eclipse.m2e.maven.runtime_3.8.701.20230209-1606\jars\aether-connector-okhttp-0.17.8.jar
2025-12-08 14:13:18,696 [Worker-12: Launching Executing clean in C__Users_IET_Desktop_VipulPriyanka_Web_Based_ Java_Day15 Spring_StudentMVC] INFO  o.eclipse.m2e.core.internal.Bundles - 	Entry: C:\Users\IET\Desktop\Ele\eclipse\plugins\org.eclipse.m2e.maven.runtime_3.8.701.20230209-1606\jars\commons-lang3-3.8.1.jar
2025-12-08 14:13:18,696 [Worker-12: Launching Executing clean in C__Users_IET_Desktop_VipulPriyanka_Web_Based_ Java_Day15 Spring_StudentMVC] INFO  o.eclipse.m2e.core.internal.Bundles - 	Entry: C:\Users\IET\Desktop\Ele\eclipse\plugins\org.eclipse.m2e.maven.runtime_3.8.701.20230209-1606\jars\guice-4.2.2-no_aop.jar
2025-12-08 14:13:18,697 [Worker-12: Launching Executing clean in C__Users_IET_Desktop_VipulPriyanka_Web_Based_ Java_Day15 Spring_StudentMVC] INFO  o.eclipse.m2e.core.internal.Bundles - 	Entry: C:\Users\IET\Desktop\Ele\eclipse\plugins\org.eclipse.m2e.maven.runtime_3.8.701.20230209-1606\jars\jansi-2.4.0.jar
2025-12-08 14:13:18,697 [Worker-12: Launching Executing clean in C__Users_IET_Desktop_VipulPriyanka_Web_Based_ Java_Day15 Spring_StudentMVC] INFO  o.eclipse.m2e.core.internal.Bundles - 	Entry: C:\Users\IET\Desktop\Ele\eclipse\plugins\org.eclipse.m2e.maven.runtime_3.8.701.20230209-1606\jars\maven-artifact-3.8.7.jar
2025-12-08 14:13:18,697 [Worker-12: Launching Executing clean in C__Users_IET_Desktop_VipulPriyanka_Web_Based_ Java_Day15 Spring_StudentMVC] INFO  o.eclipse.m2e.core.internal.Bundles - 	Entry: C:\Users\IET\Desktop\Ele\eclipse\plugins\org.eclipse.m2e.maven.runtime_3.8.701.20230209-1606\jars\maven-builder-support-3.8.7.jar
2025-12-08 14:13:18,697 [Worker-12: Launching Executing clean in C__Users_IET_Desktop_VipulPriyanka_Web_Based_ Java_Day15 Spring_StudentMVC] INFO  o.eclipse.m2e.core.internal.Bundles - 	Entry: C:\Users\IET\Desktop\Ele\eclipse\plugins\org.eclipse.m2e.maven.runtime_3.8.701.20230209-1606\jars\maven-compat-3.8.7.jar
2025-12-08 14:13:18,697 [Worker-12: Launching Executing clean in C__Users_IET_Desktop_VipulPriyanka_Web_Based_ Java_Day15 Spring_StudentMVC] INFO  o.eclipse.m2e.core.internal.Bundles - 	Entry: C:\Users\IET\Desktop\Ele\eclipse\plugins\org.eclipse.m2e.maven.runtime_3.8.701.20230209-1606\jars\maven-core-3.8.7.jar
2025-12-08 14:13:18,697 [Worker-12: Launching Executing clean in C__Users_IET_Desktop_VipulPriyanka_Web_Based_ Java_Day15 Spring_StudentMVC] INFO  o.eclipse.m2e.core.internal.Bundles - 	Entry: C:\Users\IET\Desktop\Ele\eclipse\plugins\org.eclipse.m2e.maven.runtime_3.8.701.20230209-1606\jars\maven-embedder-3.8.7.jar
2025-12-08 14:13:18,698 [Worker-12: Launching Executing clean in C__Users_IET_Desktop_VipulPriyanka_Web_Based_ Java_Day15 Spring_StudentMVC] INFO  o.eclipse.m2e.core.internal.Bundles - 	Entry: C:\Users\IET\Desktop\Ele\eclipse\plugins\org.eclipse.m2e.maven.runtime_3.8.701.20230209-1606\jars\maven-model-3.8.7.jar
2025-12-08 14:13:18,698 [Worker-12: Launching Executing clean in C__Users_IET_Desktop_VipulPriyanka_Web_Based_ Java_Day15 Spring_StudentMVC] INFO  o.eclipse.m2e.core.internal.Bundles - 	Entry: C:\Users\IET\Desktop\Ele\eclipse\plugins\org.eclipse.m2e.maven.runtime_3.8.701.20230209-1606\jars\maven-model-builder-3.8.7.jar
2025-12-08 14:13:18,698 [Worker-12: Launching Executing clean in C__Users_IET_Desktop_VipulPriyanka_Web_Based_ Java_Day15 Spring_StudentMVC] INFO  o.eclipse.m2e.core.internal.Bundles - 	Entry: C:\Users\IET\Desktop\Ele\eclipse\plugins\org.eclipse.m2e.maven.runtime_3.8.701.20230209-1606\jars\maven-plugin-api-3.8.7.jar
2025-12-08 14:13:18,698 [Worker-12: Launching Executing clean in C__Users_IET_Desktop_VipulPriyanka_Web_Based_ Java_Day15 Spring_StudentMVC] INFO  o.eclipse.m2e.core.internal.Bundles - 	Entry: C:\Users\IET\Desktop\Ele\eclipse\plugins\org.eclipse.m2e.maven.runtime_3.8.701.20230209-1606\jars\maven-repository-metadata-3.8.7.jar
2025-12-08 14:13:18,699 [Worker-12: Launching Executing clean in C__Users_IET_Desktop_VipulPriyanka_Web_Based_ Java_Day15 Spring_StudentMVC] INFO  o.eclipse.m2e.core.internal.Bundles - 	Entry: C:\Users\IET\Desktop\Ele\eclipse\plugins\org.eclipse.m2e.maven.runtime_3.8.701.20230209-1606\jars\maven-resolver-api-1.6.3.jar
2025-12-08 14:13:18,699 [Worker-12: Launching Executing clean in C__Users_IET_Desktop_VipulPriyanka_Web_Based_ Java_Day15 Spring_StudentMVC] INFO  o.eclipse.m2e.core.internal.Bundles - 	Entry: C:\Users\IET\Desktop\Ele\eclipse\plugins\org.eclipse.m2e.maven.runtime_3.8.701.20230209-1606\jars\maven-resolver-connector-basic-1.6.3.jar
2025-12-08 14:13:18,699 [Worker-12: Launching Executing clean in C__Users_IET_Desktop_VipulPriyanka_Web_Based_ Java_Day15 Spring_StudentMVC] INFO  o.eclipse.m2e.core.internal.Bundles - 	Entry: C:\Users\IET\Desktop\Ele\eclipse\plugins\org.eclipse.m2e.maven.runtime_3.8.701.20230209-1606\jars\maven-resolver-impl-1.6.3.jar
2025-12-08 14:13:18,699 [Worker-12: Launching Executing clean in C__Users_IET_Desktop_VipulPriyanka_Web_Based_ Java_Day15 Spring_StudentMVC] INFO  o.eclipse.m2e.core.internal.Bundles - 	Entry: C:\Users\IET\Desktop\Ele\eclipse\plugins\org.eclipse.m2e.maven.runtime_3.8.701.20230209-1606\jars\maven-resolver-provider-3.8.7.jar
2025-12-08 14:13:18,699 [Worker-12: Launching Executing clean in C__Users_IET_Desktop_VipulPriyanka_Web_Based_ Java_Day15 Spring_StudentMVC] INFO  o.eclipse.m2e.core.internal.Bundles - 	Entry: C:\Users\IET\Desktop\Ele\eclipse\plugins\org.eclipse.m2e.maven.runtime_3.8.701.20230209-1606\jars\maven-resolver-spi-1.6.3.jar
2025-12-08 14:13:18,700 [Worker-12: Launching Executing clean in C__Users_IET_Desktop_VipulPriyanka_Web_Based_ Java_Day15 Spring_StudentMVC] INFO  o.eclipse.m2e.core.internal.Bundles - 	Entry: C:\Users\IET\Desktop\Ele\eclipse\plugins\org.eclipse.m2e.maven.runtime_3.8.701.20230209-1606\jars\maven-resolver-transport-wagon-1.6.3.jar
2025-12-08 14:13:18,700 [Worker-12: Launching Executing clean in C__Users_IET_Desktop_VipulPriyanka_Web_Based_ Java_Day15 Spring_StudentMVC] INFO  o.eclipse.m2e.core.internal.Bundles - 	Entry: C:\Users\IET\Desktop\Ele\eclipse\plugins\org.eclipse.m2e.maven.runtime_3.8.701.20230209-1606\jars\maven-resolver-util-1.6.3.jar
2025-12-08 14:13:18,700 [Worker-12: Launching Executing clean in C__Users_IET_Desktop_VipulPriyanka_Web_Based_ Java_Day15 Spring_StudentMVC] INFO  o.eclipse.m2e.core.internal.Bundles - 	Entry: C:\Users\IET\Desktop\Ele\eclipse\plugins\org.eclipse.m2e.maven.runtime_3.8.701.20230209-1606\jars\maven-settings-3.8.7.jar
2025-12-08 14:13:18,700 [Worker-12: Launching Executing clean in C__Users_IET_Desktop_VipulPriyanka_Web_Based_ Java_Day15 Spring_StudentMVC] INFO  o.eclipse.m2e.core.internal.Bundles - 	Entry: C:\Users\IET\Desktop\Ele\eclipse\plugins\org.eclipse.m2e.maven.runtime_3.8.701.20230209-1606\jars\maven-settings-builder-3.8.7.jar
2025-12-08 14:13:18,700 [Worker-12: Launching Executing clean in C__Users_IET_Desktop_VipulPriyanka_Web_Based_ Java_Day15 Spring_StudentMVC] INFO  o.eclipse.m2e.core.internal.Bundles - 	Entry: C:\Users\IET\Desktop\Ele\eclipse\plugins\org.eclipse.m2e.maven.runtime_3.8.701.20230209-1606\jars\maven-shared-utils-3.3.4.jar
2025-12-08 14:13:18,701 [Worker-12: Launching Executing clean in C__Users_IET_Desktop_VipulPriyanka_Web_Based_ Java_Day15 Spring_StudentMVC] INFO  o.eclipse.m2e.core.internal.Bundles - 	Entry: C:\Users\IET\Desktop\Ele\eclipse\plugins\org.eclipse.m2e.maven.runtime_3.8.701.20230209-1606\jars\okhttp-3.14.1.jar
2025-12-08 14:13:18,701 [Worker-12: Launching Executing clean in C__Users_IET_Desktop_VipulPriyanka_Web_Based_ Java_Day15 Spring_StudentMVC] INFO  o.eclipse.m2e.core.internal.Bundles - 	Entry: C:\Users\IET\Desktop\Ele\eclipse\plugins\org.eclipse.m2e.maven.runtime_3.8.701.20230209-1606\jars\okio-1.17.3.jar
2025-12-08 14:13:18,701 [Worker-12: Launching Executing clean in C__Users_IET_Desktop_VipulPriyanka_Web_Based_ Java_Day15 Spring_StudentMVC] INFO  o.eclipse.m2e.core.internal.Bundles - 	Entry: C:\Users\IET\Desktop\Ele\eclipse\plugins\org.eclipse.m2e.maven.runtime_3.8.701.20230209-1606\jars\org.eclipse.sisu.inject-0.3.5.jar
2025-12-08 14:13:18,701 [Worker-12: Launching Executing clean in C__Users_IET_Desktop_VipulPriyanka_Web_Based_ Java_Day15 Spring_StudentMVC] INFO  o.eclipse.m2e.core.internal.Bundles - 	Entry: C:\Users\IET\Desktop\Ele\eclipse\plugins\org.eclipse.m2e.maven.runtime_3.8.701.20230209-1606\jars\org.eclipse.sisu.plexus-0.3.5.jar
2025-12-08 14:13:18,701 [Worker-12: Launching Executing clean in C__Users_IET_Desktop_VipulPriyanka_Web_Based_ Java_Day15 Spring_StudentMVC] INFO  o.eclipse.m2e.core.internal.Bundles - 	Entry: C:\Users\IET\Desktop\Ele\eclipse\plugins\org.eclipse.m2e.maven.runtime_3.8.701.20230209-1606\jars\plexus-build-api-0.0.7.jar
2025-12-08 14:13:18,702 [Worker-12: Launching Executing clean in C__Users_IET_Desktop_VipulPriyanka_Web_Based_ Java_Day15 Spring_StudentMVC] INFO  o.eclipse.m2e.core.internal.Bundles - 	Entry: C:\Users\IET\Desktop\Ele\eclipse\plugins\org.eclipse.m2e.maven.runtime_3.8.701.20230209-1606\jars\plexus-cipher-2.0.jar
2025-12-08 14:13:18,702 [Worker-12: Launching Executing clean in C__Users_IET_Desktop_VipulPriyanka_Web_Based_ Java_Day15 Spring_StudentMVC] INFO  o.eclipse.m2e.core.internal.Bundles - 	Entry: C:\Users\IET\Desktop\Ele\eclipse\plugins\org.eclipse.m2e.maven.runtime_3.8.701.20230209-1606\jars\plexus-classworlds-2.6.0.jar
2025-12-08 14:13:18,702 [Worker-12: Launching Executing clean in C__Users_IET_Desktop_VipulPriyanka_Web_Based_ Java_Day15 Spring_StudentMVC] INFO  o.eclipse.m2e.core.internal.Bundles - 	Entry: C:\Users\IET\Desktop\Ele\eclipse\plugins\org.eclipse.m2e.maven.runtime_3.8.701.20230209-1606\jars\plexus-component-annotations-2.1.0.jar
2025-12-08 14:13:18,702 [Worker-12: Launching Executing clean in C__Users_IET_Desktop_VipulPriyanka_Web_Based_ Java_Day15 Spring_StudentMVC] INFO  o.eclipse.m2e.core.internal.Bundles - 	Entry: C:\Users\IET\Desktop\Ele\eclipse\plugins\org.eclipse.m2e.maven.runtime_3.8.701.20230209-1606\jars\plexus-interpolation-1.26.jar
2025-12-08 14:13:18,702 [Worker-12: Launching Executing clean in C__Users_IET_Desktop_VipulPriyanka_Web_Based_ Java_Day15 Spring_StudentMVC] INFO  o.eclipse.m2e.core.internal.Bundles - 	Entry: C:\Users\IET\Desktop\Ele\eclipse\plugins\org.eclipse.m2e.maven.runtime_3.8.701.20230209-1606\jars\plexus-sec-dispatcher-2.0.jar
2025-12-08 14:13:18,703 [Worker-12: Launching Executing clean in C__Users_IET_Desktop_VipulPriyanka_Web_Based_ Java_Day15 Spring_StudentMVC] INFO  o.eclipse.m2e.core.internal.Bundles - 	Entry: C:\Users\IET\Desktop\Ele\eclipse\plugins\org.eclipse.m2e.maven.runtime_3.8.701.20230209-1606\jars\plexus-utils-3.3.1.jar
2025-12-08 14:13:18,703 [Worker-12: Launching Executing clean in C__Users_IET_Desktop_VipulPriyanka_Web_Based_ Java_Day15 Spring_StudentMVC] INFO  o.eclipse.m2e.core.internal.Bundles - 	Entry: C:\Users\IET\Desktop\Ele\eclipse\plugins\org.eclipse.m2e.maven.runtime_3.8.701.20230209-1606\jars\wagon-file-3.5.3.jar
2025-12-08 14:13:18,703 [Worker-12: Launching Executing clean in C__Users_IET_Desktop_VipulPriyanka_Web_Based_ Java_Day15 Spring_StudentMVC] INFO  o.eclipse.m2e.core.internal.Bundles - 	Entry: C:\Users\IET\Desktop\Ele\eclipse\plugins\org.eclipse.m2e.maven.runtime_3.8.701.20230209-1606\jars\wagon-provider-api-3.5.3.jar
2025-12-08 14:13:18,704 [Worker-12: Launching Executing clean in C__Users_IET_Desktop_VipulPriyanka_Web_Based_ Java_Day15 Spring_StudentMVC] INFO  o.eclipse.m2e.core.internal.Bundles - getClasspathEntries(Bundle=com.google.guava_31.1.0.jre [11])
2025-12-08 14:13:18,705 [Worker-12: Launching Executing clean in C__Users_IET_Desktop_VipulPriyanka_Web_Based_ Java_Day15 Spring_StudentMVC] INFO  o.eclipse.m2e.core.internal.Bundles - 	Entry: C:\Users\IET\Desktop\Ele\eclipse\plugins\com.google.guava_31.1.0.jre.jar
2025-12-08 14:13:18,705 [Worker-12: Launching Executing clean in C__Users_IET_Desktop_VipulPriyanka_Web_Based_ Java_Day15 Spring_StudentMVC] INFO  o.eclipse.m2e.core.internal.Bundles - getClasspathEntries(Bundle=slf4j.api_1.7.36 [924])
2025-12-08 14:13:18,706 [Worker-12: Launching Executing clean in C__Users_IET_Desktop_VipulPriyanka_Web_Based_ Java_Day15 Spring_StudentMVC] INFO  o.eclipse.m2e.core.internal.Bundles - 	Entry: C:\Users\IET\Desktop\Ele\eclipse\plugins\slf4j.api_1.7.36.jar
2025-12-08 14:13:18,706 [Worker-12: Launching Executing clean in C__Users_IET_Desktop_VipulPriyanka_Web_Based_ Java_Day15 Spring_StudentMVC] INFO  o.eclipse.m2e.core.internal.Bundles - getClasspathEntries(Bundle=javax.inject_1.0.0.v20220405-0441 [35])
2025-12-08 14:13:18,707 [Worker-12: Launching Executing clean in C__Users_IET_Desktop_VipulPriyanka_Web_Based_ Java_Day15 Spring_StudentMVC] INFO  o.eclipse.m2e.core.internal.Bundles - 	Entry: C:\Users\IET\Desktop\Ele\eclipse\plugins\javax.inject_1.0.0.v20220405-0441.jar
2025-12-08 14:13:18,708 [Worker-12: Launching Executing clean in C__Users_IET_Desktop_VipulPriyanka_Web_Based_ Java_Day15 Spring_StudentMVC] INFO  o.eclipse.m2e.core.internal.Bundles - getClasspathEntries(Bundle=javax.annotation_1.3.5.v20221203-1659 [33])
2025-12-08 14:13:18,709 [Worker-12: Launching Executing clean in C__Users_IET_Desktop_VipulPriyanka_Web_Based_ Java_Day15 Spring_StudentMVC] INFO  o.eclipse.m2e.core.internal.Bundles - 	Entry: C:\Users\IET\Desktop\Ele\eclipse\plugins\javax.annotation_1.3.5.v20221203-1659.jar
2025-12-08 14:13:18,709 [Worker-12: Launching Executing clean in C__Users_IET_Desktop_VipulPriyanka_Web_Based_ Java_Day15 Spring_StudentMVC] INFO  o.eclipse.m2e.core.internal.Bundles - getClasspathEntries(Bundle=org.apache.commons.cli_1.4.0.v20221112-0806 [67])
2025-12-08 14:13:18,710 [Worker-12: Launching Executing clean in C__Users_IET_Desktop_VipulPriyanka_Web_Based_ Java_Day15 Spring_StudentMVC] INFO  o.eclipse.m2e.core.internal.Bundles - 	Entry: C:\Users\IET\Desktop\Ele\eclipse\plugins\org.apache.commons.cli_1.4.0.v20221112-0806.jar
2025-12-08 14:13:18,710 [Worker-12: Launching Executing clean in C__Users_IET_Desktop_VipulPriyanka_Web_Based_ Java_Day15 Spring_StudentMVC] INFO  o.eclipse.m2e.core.internal.Bundles - getClasspathEntries(Bundle=com.google.guava.failureaccess_1.0.1 [13])
2025-12-08 14:13:18,711 [Worker-12: Launching Executing clean in C__Users_IET_Desktop_VipulPriyanka_Web_Based_ Java_Day15 Spring_StudentMVC] INFO  o.eclipse.m2e.core.internal.Bundles - 	Entry: C:\Users\IET\Desktop\Ele\eclipse\plugins\com.google.guava.failureaccess_1.0.1.jar
2025-12-08 14:13:18,715 [Worker-12: Launching Executing clean in C__Users_IET_Desktop_VipulPriyanka_Web_Based_ Java_Day15 Spring_StudentMVC] INFO  o.e.m.i.launch.MavenLaunchDelegate - Run build in "C:\Users\IET\Desktop\VipulPriyanka\Web_Based_ Java\Day15 Spring\StudentMVC":
2025-12-08 14:13:18,719 [Worker-12: Launching Executing clean in C__Users_IET_Desktop_VipulPriyanka_Web_Based_ Java_Day15 Spring_StudentMVC] INFO  o.e.m.i.launch.MavenLaunchDelegate -  mvn  -B -Dstyle.color=always clean
2025-12-08 14:13:26,780 [main] INFO  o.e.m2e.actions.ExecutePomAction - Creating new launch configuration
2025-12-08 14:13:31,549 [Worker-11: Launching StudentMVC] INFO  o.e.m.i.launch.MavenLaunchDelegate - Run build in "C:\Users\IET\Desktop\VipulPriyanka\Web_Based_ Java\Day15 Spring\StudentMVC":
2025-12-08 14:13:31,550 [Worker-11: Launching StudentMVC] INFO  o.e.m.i.launch.MavenLaunchDelegate -  mvn  -B -Dstyle.color=always install
2025-12-08 14:16:50,057 [Worker-2: Building] WARN  o.e.m.c.i.embedder.EclipseLogger - Using platform encoding (Cp1252 actually) to copy filtered resources, i.e. build is platform dependent!
2025-12-08 14:16:50,059 [Worker-2: Building] INFO  o.e.m.c.i.embedder.EclipseLogger - Copying 0 resource
2025-12-08 14:16:50,061 [Worker-2: Building] WARN  o.e.m.c.i.embedder.EclipseLogger - Using platform encoding (Cp1252 actually) to copy filtered resources, i.e. build is platform dependent!
2025-12-08 14:16:50,063 [Worker-2: Building] INFO  o.e.m.c.i.embedder.EclipseLogger - Copying 0 resource
2025-12-08 14:17:30,805 [Worker-2: Building] WARN  o.e.m.c.i.embedder.EclipseLogger - Using platform encoding (Cp1252 actually) to copy filtered resources, i.e. build is platform dependent!
2025-12-08 14:17:30,807 [Worker-2: Building] INFO  o.e.m.c.i.embedder.EclipseLogger - Copying 0 resource
2025-12-08 14:17:30,810 [Worker-2: Building] WARN  o.e.m.c.i.embedder.EclipseLogger - Using platform encoding (Cp1252 actually) to copy filtered resources, i.e. build is platform dependent!
2025-12-08 14:17:30,811 [Worker-2: Building] INFO  o.e.m.c.i.embedder.EclipseLogger - Copying 0 resource
2025-12-08 14:17:42,388 [Worker-15: Building] WARN  o.e.m.c.i.embedder.EclipseLogger - Using platform encoding (Cp1252 actually) to copy filtered resources, i.e. build is platform dependent!
2025-12-08 14:17:42,391 [Worker-15: Building] INFO  o.e.m.c.i.embedder.EclipseLogger - Copying 0 resource
2025-12-08 14:17:42,394 [Worker-15: Building] WARN  o.e.m.c.i.embedder.EclipseLogger - Using platform encoding (Cp1252 actually) to copy filtered resources, i.e. build is platform dependent!
2025-12-08 14:17:42,395 [Worker-15: Building] INFO  o.e.m.c.i.embedder.EclipseLogger - Copying 0 resource
2025-12-08 14:18:02,197 [Worker-12: Building] WARN  o.e.m.c.i.embedder.EclipseLogger - Using platform encoding (Cp1252 actually) to copy filtered resources, i.e. build is platform dependent!
2025-12-08 14:18:02,199 [Worker-12: Building] INFO  o.e.m.c.i.embedder.EclipseLogger - Copying 0 resource
2025-12-08 14:18:02,202 [Worker-12: Building] WARN  o.e.m.c.i.embedder.EclipseLogger - Using platform encoding (Cp1252 actually) to copy filtered resources, i.e. build is platform dependent!
2025-12-08 14:18:02,203 [Worker-12: Building] INFO  o.e.m.c.i.embedder.EclipseLogger - Copying 0 resource
2025-12-08 14:18:16,579 [Worker-2: Building] WARN  o.e.m.c.i.embedder.EclipseLogger - Using platform encoding (Cp1252 actually) to copy filtered resources, i.e. build is platform dependent!
2025-12-08 14:18:16,581 [Worker-2: Building] INFO  o.e.m.c.i.embedder.EclipseLogger - Copying 0 resource
2025-12-08 14:18:16,584 [Worker-2: Building] WARN  o.e.m.c.i.embedder.EclipseLogger - Using platform encoding (Cp1252 actually) to copy filtered resources, i.e. build is platform dependent!
2025-12-08 14:18:16,586 [Worker-2: Building] INFO  o.e.m.c.i.embedder.EclipseLogger - Copying 0 resource
2025-12-08 14:18:27,785 [Worker-11: Building] WARN  o.e.m.c.i.embedder.EclipseLogger - Using platform encoding (Cp1252 actually) to copy filtered resources, i.e. build is platform dependent!
2025-12-08 14:18:27,787 [Worker-11: Building] INFO  o.e.m.c.i.embedder.EclipseLogger - Copying 0 resource
2025-12-08 14:18:27,789 [Worker-11: Building] WARN  o.e.m.c.i.embedder.EclipseLogger - Using platform encoding (Cp1252 actually) to copy filtered resources, i.e. build is platform dependent!
2025-12-08 14:18:27,790 [Worker-11: Building] INFO  o.e.m.c.i.embedder.EclipseLogger - Copying 0 resource
2025-12-08 14:18:40,712 [Worker-15: Building] WARN  o.e.m.c.i.embedder.EclipseLogger - Using platform encoding (Cp1252 actually) to copy filtered resources, i.e. build is platform dependent!
2025-12-08 14:18:40,713 [Worker-15: Building] INFO  o.e.m.c.i.embedder.EclipseLogger - Copying 0 resource
2025-12-08 14:18:40,715 [Worker-15: Building] WARN  o.e.m.c.i.embedder.EclipseLogger - Using platform encoding (Cp1252 actually) to copy filtered resources, i.e. build is platform dependent!
2025-12-08 14:18:40,717 [Worker-15: Building] INFO  o.e.m.c.i.embedder.EclipseLogger - Copying 0 resource
2025-12-08 14:25:24,126 [Worker-15: Building] WARN  o.e.m.c.i.embedder.EclipseLogger - Using platform encoding (Cp1252 actually) to copy filtered resources, i.e. build is platform dependent!
2025-12-08 14:25:24,127 [Worker-15: Building] INFO  o.e.m.c.i.embedder.EclipseLogger - Copying 0 resource
2025-12-08 14:25:24,130 [Worker-15: Building] WARN  o.e.m.c.i.embedder.EclipseLogger - Using platform encoding (Cp1252 actually) to copy filtered resources, i.e. build is platform dependent!
2025-12-08 14:25:24,131 [Worker-15: Building] INFO  o.e.m.c.i.embedder.EclipseLogger - Copying 0 resource
2025-12-08 14:25:31,727 [Worker-16: Building] WARN  o.e.m.c.i.embedder.EclipseLogger - Using platform encoding (Cp1252 actually) to copy filtered resources, i.e. build is platform dependent!
2025-12-08 14:25:31,729 [Worker-16: Building] INFO  o.e.m.c.i.embedder.EclipseLogger - Copying 0 resource
2025-12-08 14:25:31,731 [Worker-16: Building] WARN  o.e.m.c.i.embedder.EclipseLogger - Using platform encoding (Cp1252 actually) to copy filtered resources, i.e. build is platform dependent!
2025-12-08 14:25:31,732 [Worker-16: Building] INFO  o.e.m.c.i.embedder.EclipseLogger - Copying 0 resource
2025-12-08 14:26:36,916 [Worker-2: Building] WARN  o.e.m.c.i.embedder.EclipseLogger - Using platform encoding (Cp1252 actually) to copy filtered resources, i.e. build is platform dependent!
2025-12-08 14:26:36,918 [Worker-2: Building] INFO  o.e.m.c.i.embedder.EclipseLogger - Copying 0 resource
2025-12-08 14:26:36,920 [Worker-2: Building] WARN  o.e.m.c.i.embedder.EclipseLogger - Using platform encoding (Cp1252 actually) to copy filtered resources, i.e. build is platform dependent!
2025-12-08 14:26:36,921 [Worker-2: Building] INFO  o.e.m.c.i.embedder.EclipseLogger - Copying 0 resource
2025-12-08 14:26:41,221 [Worker-11: Building] WARN  o.e.m.c.i.embedder.EclipseLogger - Using platform encoding (Cp1252 actually) to copy filtered resources, i.e. build is platform dependent!
2025-12-08 14:26:41,223 [Worker-11: Building] INFO  o.e.m.c.i.embedder.EclipseLogger - Copying 0 resource
2025-12-08 14:26:41,226 [Worker-11: Building] WARN  o.e.m.c.i.embedder.EclipseLogger - Using platform encoding (Cp1252 actually) to copy filtered resources, i.e. build is platform dependent!
2025-12-08 14:26:41,227 [Worker-11: Building] INFO  o.e.m.c.i.embedder.EclipseLogger - Copying 0 resource
2025-12-08 14:27:02,943 [Worker-15: Building] WARN  o.e.m.c.i.embedder.EclipseLogger - Using platform encoding (Cp1252 actually) to copy filtered resources, i.e. build is platform dependent!
2025-12-08 14:27:02,945 [Worker-15: Building] INFO  o.e.m.c.i.embedder.EclipseLogger - Copying 0 resource
2025-12-08 14:27:02,947 [Worker-15: Building] WARN  o.e.m.c.i.embedder.EclipseLogger - Using platform encoding (Cp1252 actually) to copy filtered resources, i.e. build is platform dependent!
2025-12-08 14:27:02,949 [Worker-15: Building] INFO  o.e.m.c.i.embedder.EclipseLogger - Copying 0 resource
2025-12-08 14:27:12,900 [Worker-14: Building] WARN  o.e.m.c.i.embedder.EclipseLogger - Using platform encoding (Cp1252 actually) to copy filtered resources, i.e. build is platform dependent!
2025-12-08 14:27:12,901 [Worker-14: Building] INFO  o.e.m.c.i.embedder.EclipseLogger - Copying 0 resource
2025-12-08 14:27:12,903 [Worker-14: Building] WARN  o.e.m.c.i.embedder.EclipseLogger - Using platform encoding (Cp1252 actually) to copy filtered resources, i.e. build is platform dependent!
2025-12-08 14:27:12,905 [Worker-14: Building] INFO  o.e.m.c.i.embedder.EclipseLogger - Copying 0 resource
2025-12-08 14:27:24,730 [Worker-2: Building] WARN  o.e.m.c.i.embedder.EclipseLogger - Using platform encoding (Cp1252 actually) to copy filtered resources, i.e. build is platform dependent!
2025-12-08 14:27:24,731 [Worker-2: Building] INFO  o.e.m.c.i.embedder.EclipseLogger - Copying 0 resource
2025-12-08 14:27:24,733 [Worker-2: Building] WARN  o.e.m.c.i.embedder.EclipseLogger - Using platform encoding (Cp1252 actually) to copy filtered resources, i.e. build is platform dependent!
2025-12-08 14:27:24,735 [Worker-2: Building] INFO  o.e.m.c.i.embedder.EclipseLogger - Copying 0 resource
2025-12-08 14:28:05,248 [Worker-14: Building] WARN  o.e.m.c.i.embedder.EclipseLogger - Using platform encoding (Cp1252 actually) to copy filtered resources, i.e. build is platform dependent!
2025-12-08 14:28:05,250 [Worker-14: Building] INFO  o.e.m.c.i.embedder.EclipseLogger - Copying 0 resource
2025-12-08 14:28:05,253 [Worker-14: Building] WARN  o.e.m.c.i.embedder.EclipseLogger - Using platform encoding (Cp1252 actually) to copy filtered resources, i.e. build is platform dependent!
2025-12-08 14:28:05,254 [Worker-14: Building] INFO  o.e.m.c.i.embedder.EclipseLogger - Copying 0 resource
2025-12-08 14:32:53,738 [Worker-11: Building] WARN  o.e.m.c.i.embedder.EclipseLogger - Using platform encoding (Cp1252 actually) to copy filtered resources, i.e. build is platform dependent!
2025-12-08 14:32:53,740 [Worker-11: Building] INFO  o.e.m.c.i.embedder.EclipseLogger - Copying 0 resource
2025-12-08 14:32:53,742 [Worker-11: Building] WARN  o.e.m.c.i.embedder.EclipseLogger - Using platform encoding (Cp1252 actually) to copy filtered resources, i.e. build is platform dependent!
2025-12-08 14:32:53,743 [Worker-11: Building] INFO  o.e.m.c.i.embedder.EclipseLogger - Copying 0 resource
2025-12-08 14:34:34,081 [Worker-2: Building] WARN  o.e.m.c.i.embedder.EclipseLogger - Using platform encoding (Cp1252 actually) to copy filtered resources, i.e. build is platform dependent!
2025-12-08 14:34:34,083 [Worker-2: Building] INFO  o.e.m.c.i.embedder.EclipseLogger - Copying 0 resource
2025-12-08 14:34:34,085 [Worker-2: Building] WARN  o.e.m.c.i.embedder.EclipseLogger - Using platform encoding (Cp1252 actually) to copy filtered resources, i.e. build is platform dependent!
2025-12-08 14:34:34,086 [Worker-2: Building] INFO  o.e.m.c.i.embedder.EclipseLogger - Copying 0 resource
2025-12-08 14:36:53,030 [Worker-11: Building] WARN  o.e.m.c.i.embedder.EclipseLogger - Using platform encoding (Cp1252 actually) to copy filtered resources, i.e. build is platform dependent!
2025-12-08 14:36:53,032 [Worker-11: Building] INFO  o.e.m.c.i.embedder.EclipseLogger - Copying 0 resource
2025-12-08 14:36:53,035 [Worker-11: Building] WARN  o.e.m.c.i.embedder.EclipseLogger - Using platform encoding (Cp1252 actually) to copy filtered resources, i.e. build is platform dependent!
2025-12-08 14:36:53,036 [Worker-11: Building] INFO  o.e.m.c.i.embedder.EclipseLogger - Copying 0 resource
2025-12-08 14:38:22,354 [Worker-12: Building] WARN  o.e.m.c.i.embedder.EclipseLogger - Using platform encoding (Cp1252 actually) to copy filtered resources, i.e. build is platform dependent!
2025-12-08 14:38:22,356 [Worker-12: Building] INFO  o.e.m.c.i.embedder.EclipseLogger - Copying 0 resource
2025-12-08 14:38:22,358 [Worker-12: Building] WARN  o.e.m.c.i.embedder.EclipseLogger - Using platform encoding (Cp1252 actually) to copy filtered resources, i.e. build is platform dependent!
2025-12-08 14:38:22,359 [Worker-12: Building] INFO  o.e.m.c.i.embedder.EclipseLogger - Copying 0 resource
2025-12-08 14:42:53,418 [Worker-11: Building] WARN  o.e.m.c.i.embedder.EclipseLogger - Using platform encoding (Cp1252 actually) to copy filtered resources, i.e. build is platform dependent!
2025-12-08 14:42:53,419 [Worker-11: Building] INFO  o.e.m.c.i.embedder.EclipseLogger - Copying 0 resource
2025-12-08 14:42:53,422 [Worker-11: Building] WARN  o.e.m.c.i.embedder.EclipseLogger - Using platform encoding (Cp1252 actually) to copy filtered resources, i.e. build is platform dependent!
2025-12-08 14:42:53,423 [Worker-11: Building] INFO  o.e.m.c.i.embedder.EclipseLogger - Copying 0 resource
2025-12-08 14:44:43,475 [Worker-15: Building] WARN  o.e.m.c.i.embedder.EclipseLogger - Using platform encoding (Cp1252 actually) to copy filtered resources, i.e. build is platform dependent!
2025-12-08 14:44:43,477 [Worker-15: Building] INFO  o.e.m.c.i.embedder.EclipseLogger - Copying 0 resource
2025-12-08 14:44:43,481 [Worker-15: Building] WARN  o.e.m.c.i.embedder.EclipseLogger - Using platform encoding (Cp1252 actually) to copy filtered resources, i.e. build is platform dependent!
2025-12-08 14:44:43,482 [Worker-15: Building] INFO  o.e.m.c.i.embedder.EclipseLogger - Copying 0 resource
2025-12-08 14:49:30,729 [Worker-20: Building] WARN  o.e.m.c.i.embedder.EclipseLogger - Using platform encoding (Cp1252 actually) to copy filtered resources, i.e. build is platform dependent!
2025-12-08 14:49:30,731 [Worker-20: Building] INFO  o.e.m.c.i.embedder.EclipseLogger - Copying 0 resource
2025-12-08 14:49:30,733 [Worker-20: Building] WARN  o.e.m.c.i.embedder.EclipseLogger - Using platform encoding (Cp1252 actually) to copy filtered resources, i.e. build is platform dependent!
2025-12-08 14:49:30,734 [Worker-20: Building] INFO  o.e.m.c.i.embedder.EclipseLogger - Copying 0 resource
2025-12-08 14:50:09,965 [Worker-15: Building] WARN  o.e.m.c.i.embedder.EclipseLogger - Using platform encoding (Cp1252 actually) to copy filtered resources, i.e. build is platform dependent!
2025-12-08 14:50:09,967 [Worker-15: Building] INFO  o.e.m.c.i.embedder.EclipseLogger - Copying 0 resource
2025-12-08 14:50:09,971 [Worker-15: Building] WARN  o.e.m.c.i.embedder.EclipseLogger - Using platform encoding (Cp1252 actually) to copy filtered resources, i.e. build is platform dependent!
2025-12-08 14:50:09,973 [Worker-15: Building] INFO  o.e.m.c.i.embedder.EclipseLogger - Copying 0 resource
2025-12-08 14:52:58,701 [Worker-22: Building] WARN  o.e.m.c.i.embedder.EclipseLogger - Using platform encoding (Cp1252 actually) to copy filtered resources, i.e. build is platform dependent!
2025-12-08 14:52:58,704 [Worker-22: Building] INFO  o.e.m.c.i.embedder.EclipseLogger - Copying 0 resource
2025-12-08 14:52:58,706 [Worker-22: Building] WARN  o.e.m.c.i.embedder.EclipseLogger - Using platform encoding (Cp1252 actually) to copy filtered resources, i.e. build is platform dependent!
2025-12-08 14:52:58,708 [Worker-22: Building] INFO  o.e.m.c.i.embedder.EclipseLogger - Copying 0 resource
2025-12-08 14:57:00,254 [Worker-23: Building] WARN  o.e.m.c.i.embedder.EclipseLogger - Using platform encoding (Cp1252 actually) to copy filtered resources, i.e. build is platform dependent!
2025-12-08 14:57:00,256 [Worker-23: Building] INFO  o.e.m.c.i.embedder.EclipseLogger - Copying 0 resource
2025-12-08 14:57:00,259 [Worker-23: Building] WARN  o.e.m.c.i.embedder.EclipseLogger - Using platform encoding (Cp1252 actually) to copy filtered resources, i.e. build is platform dependent!
2025-12-08 14:57:00,261 [Worker-23: Building] INFO  o.e.m.c.i.embedder.EclipseLogger - Copying 0 resource
2025-12-08 15:01:58,345 [Worker-23: Building] WARN  o.e.m.c.i.embedder.EclipseLogger - Using platform encoding (Cp1252 actually) to copy filtered resources, i.e. build is platform dependent!
2025-12-08 15:01:58,347 [Worker-23: Building] INFO  o.e.m.c.i.embedder.EclipseLogger - Copying 0 resource
2025-12-08 15:01:58,349 [Worker-23: Building] WARN  o.e.m.c.i.embedder.EclipseLogger - Using platform encoding (Cp1252 actually) to copy filtered resources, i.e. build is platform dependent!
2025-12-08 15:01:58,350 [Worker-23: Building] INFO  o.e.m.c.i.embedder.EclipseLogger - Copying 0 resource
2025-12-08 15:02:10,341 [Worker-25: Building] WARN  o.e.m.c.i.embedder.EclipseLogger - Using platform encoding (Cp1252 actually) to copy filtered resources, i.e. build is platform dependent!
2025-12-08 15:02:10,343 [Worker-25: Building] INFO  o.e.m.c.i.embedder.EclipseLogger - Copying 0 resource
2025-12-08 15:02:10,345 [Worker-25: Building] WARN  o.e.m.c.i.embedder.EclipseLogger - Using platform encoding (Cp1252 actually) to copy filtered resources, i.e. build is platform dependent!
2025-12-08 15:02:10,346 [Worker-25: Building] INFO  o.e.m.c.i.embedder.EclipseLogger - Copying 0 resource
2025-12-08 15:02:36,871 [Worker-11: Building] WARN  o.e.m.c.i.embedder.EclipseLogger - Using platform encoding (Cp1252 actually) to copy filtered resources, i.e. build is platform dependent!
2025-12-08 15:02:36,872 [Worker-11: Building] INFO  o.e.m.c.i.embedder.EclipseLogger - Copying 0 resource
2025-12-08 15:02:36,877 [Worker-11: Building] WARN  o.e.m.c.i.embedder.EclipseLogger - Using platform encoding (Cp1252 actually) to copy filtered resources, i.e. build is platform dependent!
2025-12-08 15:02:36,879 [Worker-11: Building] INFO  o.e.m.c.i.embedder.EclipseLogger - Copying 0 resource
2025-12-08 15:02:40,658 [Worker-11: Building] WARN  o.e.m.c.i.embedder.EclipseLogger - Using platform encoding (Cp1252 actually) to copy filtered resources, i.e. build is platform dependent!
2025-12-08 15:02:40,661 [Worker-11: Building] INFO  o.e.m.c.i.embedder.EclipseLogger - Copying 0 resource
2025-12-08 15:02:40,668 [Worker-11: Building] WARN  o.e.m.c.i.embedder.EclipseLogger - Using platform encoding (Cp1252 actually) to copy filtered resources, i.e. build is platform dependent!
2025-12-08 15:02:40,669 [Worker-11: Building] INFO  o.e.m.c.i.embedder.EclipseLogger - Copying 0 resource
2025-12-08 15:05:22,153 [Worker-11: Building] WARN  o.e.m.c.i.embedder.EclipseLogger - Using platform encoding (Cp1252 actually) to copy filtered resources, i.e. build is platform dependent!
2025-12-08 15:05:22,154 [Worker-11: Building] INFO  o.e.m.c.i.embedder.EclipseLogger - Copying 0 resource
2025-12-08 15:05:22,160 [Worker-11: Building] WARN  o.e.m.c.i.embedder.EclipseLogger - Using platform encoding (Cp1252 actually) to copy filtered resources, i.e. build is platform dependent!
2025-12-08 15:05:22,162 [Worker-11: Building] INFO  o.e.m.c.i.embedder.EclipseLogger - Copying 0 resource
2025-12-08 15:05:32,503 [Worker-23: Building] WARN  o.e.m.c.i.embedder.EclipseLogger - Using platform encoding (Cp1252 actually) to copy filtered resources, i.e. build is platform dependent!
2025-12-08 15:05:32,505 [Worker-23: Building] INFO  o.e.m.c.i.embedder.EclipseLogger - Copying 0 resource
2025-12-08 15:05:32,508 [Worker-23: Building] WARN  o.e.m.c.i.embedder.EclipseLogger - Using platform encoding (Cp1252 actually) to copy filtered resources, i.e. build is platform dependent!
2025-12-08 15:05:32,512 [Worker-23: Building] INFO  o.e.m.c.i.embedder.EclipseLogger - Copying 0 resource
2025-12-08 15:08:00,420 [Worker-25: Building] WARN  o.e.m.c.i.embedder.EclipseLogger - Using platform encoding (Cp1252 actually) to copy filtered resources, i.e. build is platform dependent!
2025-12-08 15:08:00,422 [Worker-25: Building] INFO  o.e.m.c.i.embedder.EclipseLogger - Copying 0 resource
2025-12-08 15:08:00,424 [Worker-25: Building] WARN  o.e.m.c.i.embedder.EclipseLogger - Using platform encoding (Cp1252 actually) to copy filtered resources, i.e. build is platform dependent!
2025-12-08 15:08:00,426 [Worker-25: Building] INFO  o.e.m.c.i.embedder.EclipseLogger - Copying 0 resource
2025-12-08 15:08:06,655 [Worker-25: Building] WARN  o.e.m.c.i.embedder.EclipseLogger - Using platform encoding (Cp1252 actually) to copy filtered resources, i.e. build is platform dependent!
2025-12-08 15:08:06,656 [Worker-25: Building] INFO  o.e.m.c.i.embedder.EclipseLogger - Copying 0 resource
2025-12-08 15:08:06,658 [Worker-25: Building] WARN  o.e.m.c.i.embedder.EclipseLogger - Using platform encoding (Cp1252 actually) to copy filtered resources, i.e. build is platform dependent!
2025-12-08 15:08:06,659 [Worker-25: Building] INFO  o.e.m.c.i.embedder.EclipseLogger - Copying 0 resource
2025-12-08 15:08:22,885 [Worker-23: Building] WARN  o.e.m.c.i.embedder.EclipseLogger - Using platform encoding (Cp1252 actually) to copy filtered resources, i.e. build is platform dependent!
2025-12-08 15:08:22,887 [Worker-23: Building] INFO  o.e.m.c.i.embedder.EclipseLogger - Copying 0 resource
2025-12-08 15:08:22,889 [Worker-23: Building] WARN  o.e.m.c.i.embedder.EclipseLogger - Using platform encoding (Cp1252 actually) to copy filtered resources, i.e. build is platform dependent!
2025-12-08 15:08:22,891 [Worker-23: Building] INFO  o.e.m.c.i.embedder.EclipseLogger - Copying 0 resource
2025-12-08 15:08:36,536 [Worker-26: Building] WARN  o.e.m.c.i.embedder.EclipseLogger - Using platform encoding (Cp1252 actually) to copy filtered resources, i.e. build is platform dependent!
2025-12-08 15:08:36,537 [Worker-26: Building] INFO  o.e.m.c.i.embedder.EclipseLogger - Copying 0 resource
2025-12-08 15:08:36,540 [Worker-26: Building] WARN  o.e.m.c.i.embedder.EclipseLogger - Using platform encoding (Cp1252 actually) to copy filtered resources, i.e. build is platform dependent!
2025-12-08 15:08:36,541 [Worker-26: Building] INFO  o.e.m.c.i.embedder.EclipseLogger - Copying 0 resource
2025-12-08 15:08:40,201 [Worker-21: Building] WARN  o.e.m.c.i.embedder.EclipseLogger - Using platform encoding (Cp1252 actually) to copy filtered resources, i.e. build is platform dependent!
2025-12-08 15:08:40,204 [Worker-21: Building] INFO  o.e.m.c.i.embedder.EclipseLogger - Copying 0 resource
2025-12-08 15:08:40,207 [Worker-21: Building] WARN  o.e.m.c.i.embedder.EclipseLogger - Using platform encoding (Cp1252 actually) to copy filtered resources, i.e. build is platform dependent!
2025-12-08 15:08:40,208 [Worker-21: Building] INFO  o.e.m.c.i.embedder.EclipseLogger - Copying 0 resource
2025-12-08 15:11:34,775 [Worker-26: Building] WARN  o.e.m.c.i.embedder.EclipseLogger - Using platform encoding (Cp1252 actually) to copy filtered resources, i.e. build is platform dependent!
2025-12-08 15:11:34,777 [Worker-26: Building] INFO  o.e.m.c.i.embedder.EclipseLogger - Copying 0 resource
2025-12-08 15:11:34,779 [Worker-26: Building] WARN  o.e.m.c.i.embedder.EclipseLogger - Using platform encoding (Cp1252 actually) to copy filtered resources, i.e. build is platform dependent!
2025-12-08 15:11:34,780 [Worker-26: Building] INFO  o.e.m.c.i.embedder.EclipseLogger - Copying 0 resource
2025-12-08 15:12:11,833 [Worker-27: Building] WARN  o.e.m.c.i.embedder.EclipseLogger - Using platform encoding (Cp1252 actually) to copy filtered resources, i.e. build is platform dependent!
2025-12-08 15:12:11,834 [Worker-27: Building] INFO  o.e.m.c.i.embedder.EclipseLogger - Copying 0 resource
2025-12-08 15:12:11,837 [Worker-27: Building] WARN  o.e.m.c.i.embedder.EclipseLogger - Using platform encoding (Cp1252 actually) to copy filtered resources, i.e. build is platform dependent!
2025-12-08 15:12:11,838 [Worker-27: Building] INFO  o.e.m.c.i.embedder.EclipseLogger - Copying 0 resource
2025-12-08 15:14:12,393 [Worker-27: Building] WARN  o.e.m.c.i.embedder.EclipseLogger - Using platform encoding (Cp1252 actually) to copy filtered resources, i.e. build is platform dependent!
2025-12-08 15:14:12,395 [Worker-27: Building] INFO  o.e.m.c.i.embedder.EclipseLogger - Copying 0 resource
2025-12-08 15:14:12,397 [Worker-27: Building] WARN  o.e.m.c.i.embedder.EclipseLogger - Using platform encoding (Cp1252 actually) to copy filtered resources, i.e. build is platform dependent!
2025-12-08 15:14:12,398 [Worker-27: Building] INFO  o.e.m.c.i.embedder.EclipseLogger - Copying 0 resource
2025-12-08 15:14:17,617 [Worker-25: Building] WARN  o.e.m.c.i.embedder.EclipseLogger - Using platform encoding (Cp1252 actually) to copy filtered resources, i.e. build is platform dependent!
2025-12-08 15:14:17,618 [Worker-25: Building] INFO  o.e.m.c.i.embedder.EclipseLogger - Copying 0 resource
2025-12-08 15:14:17,621 [Worker-25: Building] WARN  o.e.m.c.i.embedder.EclipseLogger - Using platform encoding (Cp1252 actually) to copy filtered resources, i.e. build is platform dependent!
2025-12-08 15:14:17,622 [Worker-25: Building] INFO  o.e.m.c.i.embedder.EclipseLogger - Copying 0 resource
2025-12-08 15:14:36,394 [Worker-23: Building] WARN  o.e.m.c.i.embedder.EclipseLogger - Using platform encoding (Cp1252 actually) to copy filtered resources, i.e. build is platform dependent!
2025-12-08 15:14:36,396 [Worker-23: Building] INFO  o.e.m.c.i.embedder.EclipseLogger - Copying 0 resource
2025-12-08 15:14:36,398 [Worker-23: Building] WARN  o.e.m.c.i.embedder.EclipseLogger - Using platform encoding (Cp1252 actually) to copy filtered resources, i.e. build is platform dependent!
2025-12-08 15:14:36,399 [Worker-23: Building] INFO  o.e.m.c.i.embedder.EclipseLogger - Copying 0 resource
2025-12-08 15:14:39,531 [Worker-27: Building] WARN  o.e.m.c.i.embedder.EclipseLogger - Using platform encoding (Cp1252 actually) to copy filtered resources, i.e. build is platform dependent!
2025-12-08 15:14:39,533 [Worker-27: Building] INFO  o.e.m.c.i.embedder.EclipseLogger - Copying 0 resource
2025-12-08 15:14:39,535 [Worker-27: Building] WARN  o.e.m.c.i.embedder.EclipseLogger - Using platform encoding (Cp1252 actually) to copy filtered resources, i.e. build is platform dependent!
2025-12-08 15:14:39,536 [Worker-27: Building] INFO  o.e.m.c.i.embedder.EclipseLogger - Copying 0 resource
2025-12-08 15:16:00,762 [Worker-23: Building] WARN  o.e.m.c.i.embedder.EclipseLogger - Using platform encoding (Cp1252 actually) to copy filtered resources, i.e. build is platform dependent!
2025-12-08 15:16:00,763 [Worker-23: Building] INFO  o.e.m.c.i.embedder.EclipseLogger - Copying 0 resource
2025-12-08 15:16:00,766 [Worker-23: Building] WARN  o.e.m.c.i.embedder.EclipseLogger - Using platform encoding (Cp1252 actually) to copy filtered resources, i.e. build is platform dependent!
2025-12-08 15:16:00,767 [Worker-23: Building] INFO  o.e.m.c.i.embedder.EclipseLogger - Copying 0 resource
2025-12-08 15:16:40,634 [Worker-11: Building] WARN  o.e.m.c.i.embedder.EclipseLogger - Using platform encoding (Cp1252 actually) to copy filtered resources, i.e. build is platform dependent!
2025-12-08 15:16:40,636 [Worker-11: Building] INFO  o.e.m.c.i.embedder.EclipseLogger - Copying 0 resource
2025-12-08 15:16:40,638 [Worker-11: Building] WARN  o.e.m.c.i.embedder.EclipseLogger - Using platform encoding (Cp1252 actually) to copy filtered resources, i.e. build is platform dependent!
2025-12-08 15:16:40,639 [Worker-11: Building] INFO  o.e.m.c.i.embedder.EclipseLogger - Copying 0 resource
2025-12-08 15:20:10,624 [Worker-21: Building] WARN  o.e.m.c.i.embedder.EclipseLogger - Using platform encoding (Cp1252 actually) to copy filtered resources, i.e. build is platform dependent!
2025-12-08 15:20:10,626 [Worker-21: Building] INFO  o.e.m.c.i.embedder.EclipseLogger - Copying 0 resource
2025-12-08 15:20:10,630 [Worker-21: Building] WARN  o.e.m.c.i.embedder.EclipseLogger - Using platform encoding (Cp1252 actually) to copy filtered resources, i.e. build is platform dependent!
2025-12-08 15:20:10,632 [Worker-21: Building] INFO  o.e.m.c.i.embedder.EclipseLogger - Copying 0 resource
2025-12-08 15:20:22,242 [Worker-26: Building] WARN  o.e.m.c.i.embedder.EclipseLogger - Using platform encoding (Cp1252 actually) to copy filtered resources, i.e. build is platform dependent!
2025-12-08 15:20:22,244 [Worker-26: Building] INFO  o.e.m.c.i.embedder.EclipseLogger - Copying 0 resource
2025-12-08 15:20:22,246 [Worker-26: Building] WARN  o.e.m.c.i.embedder.EclipseLogger - Using platform encoding (Cp1252 actually) to copy filtered resources, i.e. build is platform dependent!
2025-12-08 15:20:22,248 [Worker-26: Building] INFO  o.e.m.c.i.embedder.EclipseLogger - Copying 0 resource
2025-12-08 15:21:55,286 [Worker-27: Building] WARN  o.e.m.c.i.embedder.EclipseLogger - Using platform encoding (Cp1252 actually) to copy filtered resources, i.e. build is platform dependent!
2025-12-08 15:21:55,288 [Worker-27: Building] INFO  o.e.m.c.i.embedder.EclipseLogger - Copying 0 resource
2025-12-08 15:21:55,292 [Worker-27: Building] WARN  o.e.m.c.i.embedder.EclipseLogger - Using platform encoding (Cp1252 actually) to copy filtered resources, i.e. build is platform dependent!
2025-12-08 15:21:55,293 [Worker-27: Building] INFO  o.e.m.c.i.embedder.EclipseLogger - Copying 0 resource
2025-12-08 15:22:15,815 [Worker-23: Building] WARN  o.e.m.c.i.embedder.EclipseLogger - Using platform encoding (Cp1252 actually) to copy filtered resources, i.e. build is platform dependent!
2025-12-08 15:22:15,817 [Worker-23: Building] INFO  o.e.m.c.i.embedder.EclipseLogger - Copying 0 resource
2025-12-08 15:22:15,819 [Worker-23: Building] WARN  o.e.m.c.i.embedder.EclipseLogger - Using platform encoding (Cp1252 actually) to copy filtered resources, i.e. build is platform dependent!
2025-12-08 15:22:15,820 [Worker-23: Building] INFO  o.e.m.c.i.embedder.EclipseLogger - Copying 0 resource
2025-12-08 15:22:23,112 [Worker-26: Building] WARN  o.e.m.c.i.embedder.EclipseLogger - Using platform encoding (Cp1252 actually) to copy filtered resources, i.e. build is platform dependent!
2025-12-08 15:22:23,113 [Worker-26: Building] INFO  o.e.m.c.i.embedder.EclipseLogger - Copying 0 resource
2025-12-08 15:22:23,116 [Worker-26: Building] WARN  o.e.m.c.i.embedder.EclipseLogger - Using platform encoding (Cp1252 actually) to copy filtered resources, i.e. build is platform dependent!
2025-12-08 15:22:23,117 [Worker-26: Building] INFO  o.e.m.c.i.embedder.EclipseLogger - Copying 0 resource
2025-12-08 15:24:40,140 [Worker-21: Building] WARN  o.e.m.c.i.embedder.EclipseLogger - Using platform encoding (Cp1252 actually) to copy filtered resources, i.e. build is platform dependent!
2025-12-08 15:24:40,142 [Worker-21: Building] INFO  o.e.m.c.i.embedder.EclipseLogger - Copying 0 resource
2025-12-08 15:24:40,144 [Worker-21: Building] WARN  o.e.m.c.i.embedder.EclipseLogger - Using platform encoding (Cp1252 actually) to copy filtered resources, i.e. build is platform dependent!
2025-12-08 15:24:40,145 [Worker-21: Building] INFO  o.e.m.c.i.embedder.EclipseLogger - Copying 0 resource
2025-12-08 15:24:44,612 [Worker-21: Building] WARN  o.e.m.c.i.embedder.EclipseLogger - Using platform encoding (Cp1252 actually) to copy filtered resources, i.e. build is platform dependent!
2025-12-08 15:24:44,613 [Worker-21: Building] INFO  o.e.m.c.i.embedder.EclipseLogger - Copying 0 resource
2025-12-08 15:24:44,615 [Worker-21: Building] WARN  o.e.m.c.i.embedder.EclipseLogger - Using platform encoding (Cp1252 actually) to copy filtered resources, i.e. build is platform dependent!
2025-12-08 15:24:44,617 [Worker-21: Building] INFO  o.e.m.c.i.embedder.EclipseLogger - Copying 0 resource
2025-12-08 15:25:18,680 [main] INFO  o.e.m2e.actions.ExecutePomAction - Using existing launch configuration
2025-12-08 15:25:18,699 [Worker-21: Launching StudentMVC] INFO  o.e.m.i.launch.MavenLaunchDelegate - Run build in "C:\Users\IET\Desktop\VipulPriyanka\Web_Based_ Java\Day15 Spring\StudentMVC":
2025-12-08 15:25:18,699 [Worker-21: Launching StudentMVC] INFO  o.e.m.i.launch.MavenLaunchDelegate -  mvn  -B -Dstyle.color=always install
2025-12-08 15:38:39,162 [Worker-32: Building] WARN  o.e.m.c.i.embedder.EclipseLogger - Using platform encoding (Cp1252 actually) to copy filtered resources, i.e. build is platform dependent!
2025-12-08 15:38:39,164 [Worker-32: Building] INFO  o.e.m.c.i.embedder.EclipseLogger - Copying 0 resource
2025-12-08 15:38:39,166 [Worker-32: Building] WARN  o.e.m.c.i.embedder.EclipseLogger - Using platform encoding (Cp1252 actually) to copy filtered resources, i.e. build is platform dependent!
2025-12-08 15:38:39,167 [Worker-32: Building] INFO  o.e.m.c.i.embedder.EclipseLogger - Copying 0 resource
2025-12-08 15:42:27,527 [Worker-32: Building] INFO  o.e.m.c.i.l.LifecycleMappingFactory - Using org.maven.ide.eclipse.wtp.WarLifecycleMapping lifecycle mapping for MavenProject: com.demo:MySpringMVCDemo:0.0.1-SNAPSHOT @ C:\Users\IET\Desktop\VipulPriyanka\Web_Based_ Java\Day15 Spring\StudentMVC\pom.xml.
2025-12-08 15:42:27,669 [Worker-32: Building] WARN  o.e.m.c.i.embedder.EclipseLogger - Using platform encoding (Cp1252 actually) to copy filtered resources, i.e. build is platform dependent!
2025-12-08 15:42:27,671 [Worker-32: Building] INFO  o.e.m.c.i.embedder.EclipseLogger - Copying 0 resource
2025-12-08 15:42:27,673 [Worker-32: Building] WARN  o.e.m.c.i.embedder.EclipseLogger - Using platform encoding (Cp1252 actually) to copy filtered resources, i.e. build is platform dependent!
2025-12-08 15:42:27,675 [Worker-32: Building] INFO  o.e.m.c.i.embedder.EclipseLogger - Copying 0 resource
2025-12-08 15:42:27,675 [Worker-32: Building] INFO  o.e.m.w.i.f.ResourceFilteringBuildParticipant - Changed resources require a complete clean of filtered resources of StudentMVC
2025-12-08 15:42:27,675 [Worker-32: Building] INFO  o.e.m.w.i.f.ResourceFilteringBuildParticipant - Executing resource filtering for StudentMVC
2025-12-08 15:46:32,465 [Worker-37: Building] WARN  o.e.m.c.i.embedder.EclipseLogger - Using platform encoding (Cp1252 actually) to copy filtered resources, i.e. build is platform dependent!
2025-12-08 15:46:32,467 [Worker-37: Building] INFO  o.e.m.c.i.embedder.EclipseLogger - Copying 0 resource
2025-12-08 15:46:32,471 [Worker-37: Building] WARN  o.e.m.c.i.embedder.EclipseLogger - Using platform encoding (Cp1252 actually) to copy filtered resources, i.e. build is platform dependent!
2025-12-08 15:46:32,472 [Worker-37: Building] INFO  o.e.m.c.i.embedder.EclipseLogger - Copying 0 resource
2025-12-08 15:50:29,829 [Worker-38: Building] WARN  o.e.m.c.i.embedder.EclipseLogger - Using platform encoding (Cp1252 actually) to copy filtered resources, i.e. build is platform dependent!
2025-12-08 15:50:29,831 [Worker-38: Building] INFO  o.e.m.c.i.embedder.EclipseLogger - Copying 0 resource
2025-12-08 15:50:29,834 [Worker-38: Building] WARN  o.e.m.c.i.embedder.EclipseLogger - Using platform encoding (Cp1252 actually) to copy filtered resources, i.e. build is platform dependent!
2025-12-08 15:50:29,835 [Worker-38: Building] INFO  o.e.m.c.i.embedder.EclipseLogger - Copying 0 resource
2025-12-08 15:52:11,205 [Worker-39: Building] WARN  o.e.m.c.i.embedder.EclipseLogger - Using platform encoding (Cp1252 actually) to copy filtered resources, i.e. build is platform dependent!
2025-12-08 15:52:11,206 [Worker-39: Building] INFO  o.e.m.c.i.embedder.EclipseLogger - Copying 0 resource
2025-12-08 15:52:11,208 [Worker-39: Building] WARN  o.e.m.c.i.embedder.EclipseLogger - Using platform encoding (Cp1252 actually) to copy filtered resources, i.e. build is platform dependent!
2025-12-08 15:52:11,209 [Worker-39: Building] INFO  o.e.m.c.i.embedder.EclipseLogger - Copying 0 resource
2025-12-08 16:01:04,905 [Worker-36: Creating project "NewStudentMVC"] INFO  o.e.m.c.i.l.LifecycleMappingFactory - Using org.maven.ide.eclipse.wtp.WarLifecycleMapping lifecycle mapping for MavenProject: com.demo:NewStudentMVC:0.0.1-SNAPSHOT @ C:\Users\IET\Desktop\VipulPriyanka\Web_Based_ Java\Day15 Spring\NewStudentMVC\pom.xml.
2025-12-08 16:01:05,821 [Worker-36: Creating project "NewStudentMVC"] WARN  Sisu - Error injecting: org.apache.maven.plugin.war.WarMojo
com.google.inject.ProvisionException: Unable to provision, see the following errors:

1) Error injecting constructor, java.lang.ExceptionInInitializerError: Cannot access defaults field of Properties
  at org.apache.maven.plugin.war.WarMojo.<init>(Unknown Source)
  while locating org.apache.maven.plugin.war.WarMojo

1 error
	at com.google.inject.internal.InternalProvisionException.toProvisionException(InternalProvisionException.java:226)
	at com.google.inject.internal.InjectorImpl$1.get(InjectorImpl.java:1053)
	at com.google.inject.internal.InjectorImpl.getInstance(InjectorImpl.java:1086)
	at org.eclipse.sisu.space.AbstractDeferredClass.get(AbstractDeferredClass.java:48)
	at com.google.inject.internal.ProviderInternalFactory.provision(ProviderInternalFactory.java:85)
	at com.google.inject.internal.InternalFactoryToInitializableAdapter.provision(InternalFactoryToInitializableAdapter.java:57)
	at com.google.inject.internal.ProviderInternalFactory$1.call(ProviderInternalFactory.java:66)
	at com.google.inject.internal.ProvisionListenerStackCallback$Provision.provision(ProvisionListenerStackCallback.java:112)
	at com.google.inject.internal.ProvisionListenerStackCallback$Provision.provision(ProvisionListenerStackCallback.java:127)
	at com.google.inject.internal.ProvisionListenerStackCallback.provision(ProvisionListenerStackCallback.java:66)
	at com.google.inject.internal.ProviderInternalFactory.circularGet(ProviderInternalFactory.java:61)
	at com.google.inject.internal.InternalFactoryToInitializableAdapter.get(InternalFactoryToInitializableAdapter.java:47)
	at com.google.inject.internal.InjectorImpl$1.get(InjectorImpl.java:1050)
	at org.eclipse.sisu.inject.Guice4$1.get(Guice4.java:162)
	at org.eclipse.sisu.inject.LazyBeanEntry.getValue(LazyBeanEntry.java:81)
	at org.eclipse.sisu.plexus.LazyPlexusBean.getValue(LazyPlexusBean.java:51)
	at org.codehaus.plexus.DefaultPlexusContainer.lookup(DefaultPlexusContainer.java:263)
	at org.codehaus.plexus.DefaultPlexusContainer.lookup(DefaultPlexusContainer.java:255)
	at org.apache.maven.plugin.internal.DefaultMavenPluginManager.getConfiguredMojo(DefaultMavenPluginManager.java:520)
	at org.eclipse.m2e.core.internal.embedder.MavenImpl.getConfiguredMojo(MavenImpl.java:210)
	at org.eclipse.m2e.mavenarchiver.internal.AbstractMavenArchiverConfigurator.reflectManifestGeneration(AbstractMavenArchiverConfigurator.java:440)
	at org.eclipse.m2e.mavenarchiver.internal.AbstractMavenArchiverConfigurator.lambda$3(AbstractMavenArchiverConfigurator.java:399)
	at org.eclipse.m2e.core.internal.embedder.MavenExecutionContext.executeBare(MavenExecutionContext.java:394)
	at org.eclipse.m2e.core.internal.embedder.MavenExecutionContext.execute(MavenExecutionContext.java:275)
	at org.eclipse.m2e.core.internal.embedder.MavenExecutionContext.execute(MavenExecutionContext.java:214)
	at org.eclipse.m2e.mavenarchiver.internal.AbstractMavenArchiverConfigurator.generateManifest(AbstractMavenArchiverConfigurator.java:372)
	at org.eclipse.m2e.mavenarchiver.internal.AbstractMavenArchiverConfigurator.mavenProjectChanged(AbstractMavenArchiverConfigurator.java:229)
	at org.eclipse.m2e.wtp.mavenarchiver.AbstractWTPArchiverConfigurator.mavenProjectChanged(AbstractWTPArchiverConfigurator.java:56)
	at org.eclipse.m2e.core.internal.project.ProjectConfigurationManager.mavenProjectChanged(ProjectConfigurationManager.java:883)
	at org.eclipse.m2e.core.internal.project.registry.ProjectRegistryManager.notifyProjectChangeListeners(ProjectRegistryManager.java:851)
	at org.eclipse.m2e.core.internal.project.registry.ProjectRegistryManager.applyMutableProjectRegistry(ProjectRegistryManager.java:1004)
	at org.eclipse.m2e.core.internal.project.registry.ProjectRegistryManager.refresh(ProjectRegistryManager.java:316)
	at org.eclipse.m2e.core.internal.project.ProjectConfigurationManager.configureNewMavenProjects(ProjectConfigurationManager.java:256)
	at org.eclipse.m2e.core.internal.project.ProjectConfigurationManager$1.run(ProjectConfigurationManager.java:524)
	at org.eclipse.m2e.core.internal.embedder.AbstractRunnable.call(AbstractRunnable.java:29)
	at org.eclipse.m2e.core.internal.embedder.AbstractRunnable.call(AbstractRunnable.java:1)
	at org.eclipse.m2e.core.internal.embedder.MavenExecutionContext.executeBare(MavenExecutionContext.java:394)
	at org.eclipse.m2e.core.internal.embedder.MavenExecutionContext.execute(MavenExecutionContext.java:275)
	at org.eclipse.m2e.core.internal.embedder.MavenExecutionContext.execute(MavenExecutionContext.java:214)
	at org.eclipse.m2e.core.internal.project.ProjectConfigurationManager.enableMavenNature(ProjectConfigurationManager.java:520)
	at org.eclipse.m2e.core.internal.project.ProjectConfigurationManager.createSimpleProject(ProjectConfigurationManager.java:710)
	at org.eclipse.m2e.core.ui.internal.wizards.MavenProjectWizard$2.doCreateMavenProjects(MavenProjectWizard.java:226)
	at org.eclipse.m2e.core.ui.internal.wizards.AbstractCreateMavenProjectJob$1.doCreateMavenProjects(AbstractCreateMavenProjectJob.java:51)
	at org.eclipse.m2e.core.ui.internal.wizards.AbstractCreateMavenProjectsOperation.run(AbstractCreateMavenProjectsOperation.java:56)
	at org.eclipse.m2e.core.ui.internal.wizards.AbstractCreateMavenProjectJob.runInWorkspace(AbstractCreateMavenProjectJob.java:55)
	at org.eclipse.core.internal.resources.InternalWorkspaceJob.run(InternalWorkspaceJob.java:43)
	at org.eclipse.core.internal.jobs.Worker.run(Worker.java:63)
Caused by: java.lang.ExceptionInInitializerError: Cannot access defaults field of Properties
	at com.thoughtworks.xstream.converters.collections.PropertiesConverter.<clinit>(PropertiesConverter.java:46)
	at com.thoughtworks.xstream.XStream.setupConverters(XStream.java:647)
	at com.thoughtworks.xstream.XStream.<init>(XStream.java:445)
	at com.thoughtworks.xstream.XStream.<init>(XStream.java:385)
	at com.thoughtworks.xstream.XStream.<init>(XStream.java:342)
	at org.apache.maven.plugin.war.util.WebappStructureSerializer.<clinit>(WebappStructureSerializer.java:47)
	at org.apache.maven.plugin.war.AbstractWarMojo.<init>(AbstractWarMojo.java:316)
	at org.apache.maven.plugin.war.WarMojo.<init>(WarMojo.java:49)
	at java.base/jdk.internal.reflect.NativeConstructorAccessorImpl.newInstance0(Native Method)
	at java.base/jdk.internal.reflect.NativeConstructorAccessorImpl.newInstance(NativeConstructorAccessorImpl.java:77)
	at java.base/jdk.internal.reflect.DelegatingConstructorAccessorImpl.newInstance(DelegatingConstructorAccessorImpl.java:45)
	at java.base/java.lang.reflect.Constructor.newInstanceWithCaller(Constructor.java:499)
	at java.base/java.lang.reflect.Constructor.newInstance(Constructor.java:480)
	at com.google.inject.internal.DefaultConstructionProxyFactory$ReflectiveProxy.newInstance(DefaultConstructionProxyFactory.java:126)
	at com.google.inject.internal.ConstructorInjector.provision(ConstructorInjector.java:114)
	at com.google.inject.internal.ConstructorInjector.access$000(ConstructorInjector.java:32)
	at com.google.inject.internal.ConstructorInjector$1.call(ConstructorInjector.java:98)
	at com.google.inject.internal.ProvisionListenerStackCallback$Provision.provision(ProvisionListenerStackCallback.java:112)
	at com.google.inject.internal.ProvisionListenerStackCallback$Provision.provision(ProvisionListenerStackCallback.java:127)
	at com.google.inject.internal.ProvisionListenerStackCallback.provision(ProvisionListenerStackCallback.java:66)
	at com.google.inject.internal.ConstructorInjector.construct(ConstructorInjector.java:93)
	at com.google.inject.internal.ConstructorBindingImpl$Factory.get(ConstructorBindingImpl.java:306)
	at com.google.inject.internal.InjectorImpl$1.get(InjectorImpl.java:1050)
	... 45 common frames omitted
2025-12-08 16:01:05,869 [Worker-36: Creating project "NewStudentMVC"] INFO  o.e.m.j.i.AbstractJavaProjectConfigurator - Adding source folder /NewStudentMVC/src/main/java
2025-12-08 16:01:05,870 [Worker-36: Creating project "NewStudentMVC"] INFO  o.e.m.j.i.AbstractJavaProjectConfigurator - Adding resource folder /NewStudentMVC/src/main/resources
2025-12-08 16:01:05,870 [Worker-36: Creating project "NewStudentMVC"] INFO  o.e.m.j.i.AbstractJavaProjectConfigurator - Adding source folder /NewStudentMVC/src/test/java
2025-12-08 16:01:05,871 [Worker-36: Creating project "NewStudentMVC"] INFO  o.e.m.j.i.AbstractJavaProjectConfigurator - Adding resource folder /NewStudentMVC/src/test/resources
2025-12-08 16:01:06,782 [Worker-39: Building] WARN  o.e.m.c.i.embedder.EclipseLogger - Using platform encoding (Cp1252 actually) to copy filtered resources, i.e. build is platform dependent!
2025-12-08 16:01:06,783 [Worker-39: Building] INFO  o.e.m.c.i.embedder.EclipseLogger - Copying 0 resource
2025-12-08 16:01:06,785 [Worker-39: Building] WARN  o.e.m.c.i.embedder.EclipseLogger - Using platform encoding (Cp1252 actually) to copy filtered resources, i.e. build is platform dependent!
2025-12-08 16:01:06,786 [Worker-39: Building] INFO  o.e.m.c.i.embedder.EclipseLogger - Copying 0 resource
2025-12-08 16:01:07,031 [Worker-39: Building] WARN  Sisu - Error injecting: org.apache.maven.plugin.war.WarMojo
com.google.inject.ProvisionException: Unable to provision, see the following errors:

1) Error injecting constructor, java.lang.ExceptionInInitializerError: Cannot access defaults field of Properties
  at org.apache.maven.plugin.war.WarMojo.<init>(Unknown Source)
  while locating org.apache.maven.plugin.war.WarMojo

1 error
	at com.google.inject.internal.InternalProvisionException.toProvisionException(InternalProvisionException.java:226)
	at com.google.inject.internal.InjectorImpl$1.get(InjectorImpl.java:1053)
	at com.google.inject.internal.InjectorImpl.getInstance(InjectorImpl.java:1086)
	at org.eclipse.sisu.space.AbstractDeferredClass.get(AbstractDeferredClass.java:48)
	at com.google.inject.internal.ProviderInternalFactory.provision(ProviderInternalFactory.java:85)
	at com.google.inject.internal.InternalFactoryToInitializableAdapter.provision(InternalFactoryToInitializableAdapter.java:57)
	at com.google.inject.internal.ProviderInternalFactory$1.call(ProviderInternalFactory.java:66)
	at com.google.inject.internal.ProvisionListenerStackCallback$Provision.provision(ProvisionListenerStackCallback.java:112)
	at com.google.inject.internal.ProvisionListenerStackCallback$Provision.provision(ProvisionListenerStackCallback.java:127)
	at com.google.inject.internal.ProvisionListenerStackCallback.provision(ProvisionListenerStackCallback.java:66)
	at com.google.inject.internal.ProviderInternalFactory.circularGet(ProviderInternalFactory.java:61)
	at com.google.inject.internal.InternalFactoryToInitializableAdapter.get(InternalFactoryToInitializableAdapter.java:47)
	at com.google.inject.internal.InjectorImpl$1.get(InjectorImpl.java:1050)
	at org.eclipse.sisu.inject.Guice4$1.get(Guice4.java:162)
	at org.eclipse.sisu.inject.LazyBeanEntry.getValue(LazyBeanEntry.java:81)
	at org.eclipse.sisu.plexus.LazyPlexusBean.getValue(LazyPlexusBean.java:51)
	at org.codehaus.plexus.DefaultPlexusContainer.lookup(DefaultPlexusContainer.java:263)
	at org.codehaus.plexus.DefaultPlexusContainer.lookup(DefaultPlexusContainer.java:255)
	at org.apache.maven.plugin.internal.DefaultMavenPluginManager.getConfiguredMojo(DefaultMavenPluginManager.java:520)
	at org.eclipse.m2e.core.internal.embedder.MavenImpl.getConfiguredMojo(MavenImpl.java:210)
	at org.eclipse.m2e.mavenarchiver.internal.AbstractMavenArchiverConfigurator.reflectManifestGeneration(AbstractMavenArchiverConfigurator.java:440)
	at org.eclipse.m2e.mavenarchiver.internal.AbstractMavenArchiverConfigurator.lambda$3(AbstractMavenArchiverConfigurator.java:399)
	at org.eclipse.m2e.core.internal.embedder.MavenExecutionContext.executeBare(MavenExecutionContext.java:394)
	at org.eclipse.m2e.core.internal.embedder.MavenExecutionContext.execute(MavenExecutionContext.java:275)
	at org.eclipse.m2e.core.internal.embedder.MavenExecutionContext.execute(MavenExecutionContext.java:214)
	at org.eclipse.m2e.mavenarchiver.internal.AbstractMavenArchiverConfigurator.generateManifest(AbstractMavenArchiverConfigurator.java:372)
	at org.eclipse.m2e.mavenarchiver.internal.AbstractMavenArchiverConfigurator.mavenProjectChanged(AbstractMavenArchiverConfigurator.java:229)
	at org.eclipse.m2e.mavenarchiver.internal.AbstractMavenArchiverConfigurator$1.build(AbstractMavenArchiverConfigurator.java:179)
	at org.eclipse.m2e.core.internal.builder.MavenBuilderImpl.lambda$1(MavenBuilderImpl.java:139)
	at java.base/java.util.LinkedHashMap.forEach(LinkedHashMap.java:721)
	at org.eclipse.m2e.core.internal.builder.MavenBuilderImpl.build(MavenBuilderImpl.java:122)
	at org.eclipse.m2e.core.internal.builder.MavenBuilder$1.method(MavenBuilder.java:164)
	at org.eclipse.m2e.core.internal.builder.MavenBuilder$1.method(MavenBuilder.java:1)
	at org.eclipse.m2e.core.internal.builder.MavenBuilder$BuildMethod.lambda$1(MavenBuilder.java:109)
	at org.eclipse.m2e.core.internal.embedder.MavenExecutionContext.executeBare(MavenExecutionContext.java:394)
	at org.eclipse.m2e.core.internal.embedder.MavenExecutionContext.execute(MavenExecutionContext.java:228)
	at org.eclipse.m2e.core.internal.builder.MavenBuilder$BuildMethod.lambda$0(MavenBuilder.java:100)
	at org.eclipse.m2e.core.internal.embedder.MavenExecutionContext.executeBare(MavenExecutionContext.java:394)
	at org.eclipse.m2e.core.internal.embedder.MavenExecutionContext.execute(MavenExecutionContext.java:275)
	at org.eclipse.m2e.core.internal.embedder.MavenExecutionContext.execute(MavenExecutionContext.java:214)
	at org.eclipse.m2e.core.internal.builder.MavenBuilder$BuildMethod.execute(MavenBuilder.java:83)
	at org.eclipse.m2e.core.internal.builder.MavenBuilder.build(MavenBuilder.java:192)
	at org.eclipse.core.internal.events.BuildManager$2.run(BuildManager.java:1020)
	at org.eclipse.core.runtime.SafeRunner.run(SafeRunner.java:45)
	at org.eclipse.core.internal.events.BuildManager.basicBuild(BuildManager.java:247)
	at org.eclipse.core.internal.events.BuildManager.basicBuild(BuildManager.java:303)
	at org.eclipse.core.internal.events.BuildManager$1.run(BuildManager.java:392)
	at org.eclipse.core.runtime.SafeRunner.run(SafeRunner.java:45)
	at org.eclipse.core.internal.events.BuildManager.basicBuild(BuildManager.java:395)
	at org.eclipse.core.internal.events.BuildManager.basicBuildLoop(BuildManager.java:506)
	at org.eclipse.core.internal.events.BuildManager.basicBuildLoop(BuildManager.java:454)
	at org.eclipse.core.internal.events.BuildManager.build(BuildManager.java:536)
	at org.eclipse.core.internal.events.AutoBuildJob.doBuild(AutoBuildJob.java:196)
	at org.eclipse.core.internal.events.AutoBuildJob.run(AutoBuildJob.java:289)
	at org.eclipse.core.internal.jobs.Worker.run(Worker.java:63)
Caused by: java.lang.ExceptionInInitializerError: Cannot access defaults field of Properties
	at com.thoughtworks.xstream.converters.collections.PropertiesConverter.<clinit>(PropertiesConverter.java:46)
	at com.thoughtworks.xstream.XStream.setupConverters(XStream.java:647)
	at com.thoughtworks.xstream.XStream.<init>(XStream.java:445)
	at com.thoughtworks.xstream.XStream.<init>(XStream.java:385)
	at com.thoughtworks.xstream.XStream.<init>(XStream.java:342)
	at org.apache.maven.plugin.war.util.WebappStructureSerializer.<clinit>(WebappStructureSerializer.java:47)
	at org.apache.maven.plugin.war.AbstractWarMojo.<init>(AbstractWarMojo.java:316)
	at org.apache.maven.plugin.war.WarMojo.<init>(WarMojo.java:49)
	at java.base/jdk.internal.reflect.NativeConstructorAccessorImpl.newInstance0(Native Method)
	at java.base/jdk.internal.reflect.NativeConstructorAccessorImpl.newInstance(NativeConstructorAccessorImpl.java:77)
	at java.base/jdk.internal.reflect.DelegatingConstructorAccessorImpl.newInstance(DelegatingConstructorAccessorImpl.java:45)
	at java.base/java.lang.reflect.Constructor.newInstanceWithCaller(Constructor.java:499)
	at java.base/java.lang.reflect.Constructor.newInstance(Constructor.java:480)
	at com.google.inject.internal.DefaultConstructionProxyFactory$ReflectiveProxy.newInstance(DefaultConstructionProxyFactory.java:126)
	at com.google.inject.internal.ConstructorInjector.provision(ConstructorInjector.java:114)
	at com.google.inject.internal.ConstructorInjector.access$000(ConstructorInjector.java:32)
	at com.google.inject.internal.ConstructorInjector$1.call(ConstructorInjector.java:98)
	at com.google.inject.internal.ProvisionListenerStackCallback$Provision.provision(ProvisionListenerStackCallback.java:112)
	at com.google.inject.internal.ProvisionListenerStackCallback$Provision.provision(ProvisionListenerStackCallback.java:127)
	at com.google.inject.internal.ProvisionListenerStackCallback.provision(ProvisionListenerStackCallback.java:66)
	at com.google.inject.internal.ConstructorInjector.construct(ConstructorInjector.java:93)
	at com.google.inject.internal.ConstructorBindingImpl$Factory.get(ConstructorBindingImpl.java:306)
	at com.google.inject.internal.InjectorImpl$1.get(InjectorImpl.java:1050)
	... 53 common frames omitted
2025-12-08 16:01:09,386 [Worker-39: Building] WARN  o.e.m.c.i.embedder.EclipseLogger - Using platform encoding (Cp1252 actually) to copy filtered resources, i.e. build is platform dependent!
2025-12-08 16:01:09,387 [Worker-39: Building] INFO  o.e.m.c.i.embedder.EclipseLogger - Copying 0 resource
2025-12-08 16:01:09,389 [Worker-39: Building] WARN  o.e.m.c.i.embedder.EclipseLogger - Using platform encoding (Cp1252 actually) to copy filtered resources, i.e. build is platform dependent!
2025-12-08 16:01:09,390 [Worker-39: Building] INFO  o.e.m.c.i.embedder.EclipseLogger - Copying 0 resource
2025-12-08 16:01:09,393 [Worker-39: Building] WARN  Sisu - Error injecting: org.apache.maven.plugin.war.WarMojo
com.google.inject.ProvisionException: Unable to provision, see the following errors:

1) Error injecting constructor, java.lang.NoClassDefFoundError: Could not initialize class org.apache.maven.plugin.war.util.WebappStructureSerializer
  at org.apache.maven.plugin.war.WarMojo.<init>(Unknown Source)
  while locating org.apache.maven.plugin.war.WarMojo

1 error
	at com.google.inject.internal.InternalProvisionException.toProvisionException(InternalProvisionException.java:226)
	at com.google.inject.internal.InjectorImpl$1.get(InjectorImpl.java:1053)
	at com.google.inject.internal.InjectorImpl.getInstance(InjectorImpl.java:1086)
	at org.eclipse.sisu.space.AbstractDeferredClass.get(AbstractDeferredClass.java:48)
	at com.google.inject.internal.ProviderInternalFactory.provision(ProviderInternalFactory.java:85)
	at com.google.inject.internal.InternalFactoryToInitializableAdapter.provision(InternalFactoryToInitializableAdapter.java:57)
	at com.google.inject.internal.ProviderInternalFactory$1.call(ProviderInternalFactory.java:66)
	at com.google.inject.internal.ProvisionListenerStackCallback$Provision.provision(ProvisionListenerStackCallback.java:112)
	at com.google.inject.internal.ProvisionListenerStackCallback$Provision.provision(ProvisionListenerStackCallback.java:127)
	at com.google.inject.internal.ProvisionListenerStackCallback.provision(ProvisionListenerStackCallback.java:66)
	at com.google.inject.internal.ProviderInternalFactory.circularGet(ProviderInternalFactory.java:61)
	at com.google.inject.internal.InternalFactoryToInitializableAdapter.get(InternalFactoryToInitializableAdapter.java:47)
	at com.google.inject.internal.InjectorImpl$1.get(InjectorImpl.java:1050)
	at org.eclipse.sisu.inject.Guice4$1.get(Guice4.java:162)
	at org.eclipse.sisu.inject.LazyBeanEntry.getValue(LazyBeanEntry.java:81)
	at org.eclipse.sisu.plexus.LazyPlexusBean.getValue(LazyPlexusBean.java:51)
	at org.codehaus.plexus.DefaultPlexusContainer.lookup(DefaultPlexusContainer.java:263)
	at org.codehaus.plexus.DefaultPlexusContainer.lookup(DefaultPlexusContainer.java:255)
	at org.apache.maven.plugin.internal.DefaultMavenPluginManager.getConfiguredMojo(DefaultMavenPluginManager.java:520)
	at org.eclipse.m2e.core.internal.embedder.MavenImpl.getConfiguredMojo(MavenImpl.java:210)
	at org.eclipse.m2e.mavenarchiver.internal.AbstractMavenArchiverConfigurator.reflectManifestGeneration(AbstractMavenArchiverConfigurator.java:440)
	at org.eclipse.m2e.mavenarchiver.internal.AbstractMavenArchiverConfigurator.lambda$3(AbstractMavenArchiverConfigurator.java:399)
	at org.eclipse.m2e.core.internal.embedder.MavenExecutionContext.executeBare(MavenExecutionContext.java:394)
	at org.eclipse.m2e.core.internal.embedder.MavenExecutionContext.execute(MavenExecutionContext.java:275)
	at org.eclipse.m2e.core.internal.embedder.MavenExecutionContext.execute(MavenExecutionContext.java:214)
	at org.eclipse.m2e.mavenarchiver.internal.AbstractMavenArchiverConfigurator.generateManifest(AbstractMavenArchiverConfigurator.java:372)
	at org.eclipse.m2e.mavenarchiver.internal.AbstractMavenArchiverConfigurator.mavenProjectChanged(AbstractMavenArchiverConfigurator.java:229)
	at org.eclipse.m2e.mavenarchiver.internal.AbstractMavenArchiverConfigurator$1.build(AbstractMavenArchiverConfigurator.java:179)
	at org.eclipse.m2e.core.internal.builder.MavenBuilderImpl.lambda$1(MavenBuilderImpl.java:139)
	at java.base/java.util.LinkedHashMap.forEach(LinkedHashMap.java:721)
	at org.eclipse.m2e.core.internal.builder.MavenBuilderImpl.build(MavenBuilderImpl.java:122)
	at org.eclipse.m2e.core.internal.builder.MavenBuilder$1.method(MavenBuilder.java:164)
	at org.eclipse.m2e.core.internal.builder.MavenBuilder$1.method(MavenBuilder.java:1)
	at org.eclipse.m2e.core.internal.builder.MavenBuilder$BuildMethod.lambda$1(MavenBuilder.java:109)
	at org.eclipse.m2e.core.internal.embedder.MavenExecutionContext.executeBare(MavenExecutionContext.java:394)
	at org.eclipse.m2e.core.internal.embedder.MavenExecutionContext.execute(MavenExecutionContext.java:228)
	at org.eclipse.m2e.core.internal.builder.MavenBuilder$BuildMethod.lambda$0(MavenBuilder.java:100)
	at org.eclipse.m2e.core.internal.embedder.MavenExecutionContext.executeBare(MavenExecutionContext.java:394)
	at org.eclipse.m2e.core.internal.embedder.MavenExecutionContext.execute(MavenExecutionContext.java:275)
	at org.eclipse.m2e.core.internal.embedder.MavenExecutionContext.execute(MavenExecutionContext.java:214)
	at org.eclipse.m2e.core.internal.builder.MavenBuilder$BuildMethod.execute(MavenBuilder.java:83)
	at org.eclipse.m2e.core.internal.builder.MavenBuilder.build(MavenBuilder.java:192)
	at org.eclipse.core.internal.events.BuildManager$2.run(BuildManager.java:1020)
	at org.eclipse.core.runtime.SafeRunner.run(SafeRunner.java:45)
	at org.eclipse.core.internal.events.BuildManager.basicBuild(BuildManager.java:247)
	at org.eclipse.core.internal.events.BuildManager.basicBuild(BuildManager.java:303)
	at org.eclipse.core.internal.events.BuildManager$1.run(BuildManager.java:392)
	at org.eclipse.core.runtime.SafeRunner.run(SafeRunner.java:45)
	at org.eclipse.core.internal.events.BuildManager.basicBuild(BuildManager.java:395)
	at org.eclipse.core.internal.events.BuildManager.basicBuildLoop(BuildManager.java:506)
	at org.eclipse.core.internal.events.BuildManager.basicBuildLoop(BuildManager.java:454)
	at org.eclipse.core.internal.events.BuildManager.build(BuildManager.java:536)
	at org.eclipse.core.internal.events.AutoBuildJob.doBuild(AutoBuildJob.java:196)
	at org.eclipse.core.internal.events.AutoBuildJob.run(AutoBuildJob.java:289)
	at org.eclipse.core.internal.jobs.Worker.run(Worker.java:63)
Caused by: java.lang.NoClassDefFoundError: Could not initialize class org.apache.maven.plugin.war.util.WebappStructureSerializer
	at org.apache.maven.plugin.war.AbstractWarMojo.<init>(AbstractWarMojo.java:316)
	at org.apache.maven.plugin.war.WarMojo.<init>(WarMojo.java:49)
	at java.base/jdk.internal.reflect.NativeConstructorAccessorImpl.newInstance0(Native Method)
	at java.base/jdk.internal.reflect.NativeConstructorAccessorImpl.newInstance(NativeConstructorAccessorImpl.java:77)
	at java.base/jdk.internal.reflect.DelegatingConstructorAccessorImpl.newInstance(DelegatingConstructorAccessorImpl.java:45)
	at java.base/java.lang.reflect.Constructor.newInstanceWithCaller(Constructor.java:499)
	at java.base/java.lang.reflect.Constructor.newInstance(Constructor.java:480)
	at com.google.inject.internal.DefaultConstructionProxyFactory$ReflectiveProxy.newInstance(DefaultConstructionProxyFactory.java:126)
	at com.google.inject.internal.ConstructorInjector.provision(ConstructorInjector.java:114)
	at com.google.inject.internal.ConstructorInjector.access$000(ConstructorInjector.java:32)
	at com.google.inject.internal.ConstructorInjector$1.call(ConstructorInjector.java:98)
	at com.google.inject.internal.ProvisionListenerStackCallback$Provision.provision(ProvisionListenerStackCallback.java:112)
	at com.google.inject.internal.ProvisionListenerStackCallback$Provision.provision(ProvisionListenerStackCallback.java:127)
	at com.google.inject.internal.ProvisionListenerStackCallback.provision(ProvisionListenerStackCallback.java:66)
	at com.google.inject.internal.ConstructorInjector.construct(ConstructorInjector.java:93)
	at com.google.inject.internal.ConstructorBindingImpl$Factory.get(ConstructorBindingImpl.java:306)
	at com.google.inject.internal.InjectorImpl$1.get(InjectorImpl.java:1050)
	... 53 common frames omitted
2025-12-08 16:03:01,066 [Worker-36: Building] INFO  o.e.m.c.i.l.LifecycleMappingFactory - Using org.maven.ide.eclipse.wtp.WarLifecycleMapping lifecycle mapping for MavenProject: com.demo:NewStudentMVC:0.0.1-SNAPSHOT @ C:\Users\IET\Desktop\VipulPriyanka\Web_Based_ Java\Day15 Spring\NewStudentMVC\pom.xml.
2025-12-08 16:03:01,198 [Worker-36: Building] WARN  o.e.m.c.i.embedder.EclipseLogger - Using platform encoding (Cp1252 actually) to copy filtered resources, i.e. build is platform dependent!
2025-12-08 16:03:01,199 [Worker-36: Building] INFO  o.e.m.c.i.embedder.EclipseLogger - Copying 0 resource
2025-12-08 16:03:01,201 [Worker-36: Building] WARN  o.e.m.c.i.embedder.EclipseLogger - Using platform encoding (Cp1252 actually) to copy filtered resources, i.e. build is platform dependent!
2025-12-08 16:03:01,202 [Worker-36: Building] INFO  o.e.m.c.i.embedder.EclipseLogger - Copying 0 resource
2025-12-08 16:03:01,203 [Worker-36: Building] INFO  o.e.m.w.i.f.ResourceFilteringBuildParticipant - Changed resources require a complete clean of filtered resources of NewStudentMVC
2025-12-08 16:03:01,203 [Worker-36: Building] INFO  o.e.m.w.i.f.ResourceFilteringBuildParticipant - Executing resource filtering for NewStudentMVC
2025-12-08 16:03:02,594 [Worker-47: Updating Maven Project] INFO  o.e.m.c.i.p.ProjectConfigurationManager - Update started
2025-12-08 16:03:02,648 [Worker-47: Updating Maven Project] INFO  o.e.m.c.i.l.LifecycleMappingFactory - Using org.maven.ide.eclipse.wtp.WarLifecycleMapping lifecycle mapping for MavenProject: com.demo:NewStudentMVC:0.0.1-SNAPSHOT @ C:\Users\IET\Desktop\VipulPriyanka\Web_Based_ Java\Day15 Spring\NewStudentMVC\pom.xml.
2025-12-08 16:03:03,145 [Worker-47: Updating Maven Project] INFO  o.e.m.j.i.AbstractJavaProjectConfigurator - Adding source folder /NewStudentMVC/src/main/java
2025-12-08 16:03:03,145 [Worker-47: Updating Maven Project] INFO  o.e.m.j.i.AbstractJavaProjectConfigurator - Adding resource folder /NewStudentMVC/src/main/resources
2025-12-08 16:03:03,146 [Worker-47: Updating Maven Project] INFO  o.e.m.j.i.AbstractJavaProjectConfigurator - Adding source folder /NewStudentMVC/src/test/java
2025-12-08 16:03:03,146 [Worker-47: Updating Maven Project] INFO  o.e.m.j.i.AbstractJavaProjectConfigurator - Adding resource folder /NewStudentMVC/src/test/resources
2025-12-08 16:03:03,680 [Worker-47: Updating Maven Project] INFO  o.e.m.w.i.f.ResourceFilteringBuildParticipant - Cleaning filtered folder for NewStudentMVC
2025-12-08 16:03:03,743 [Worker-47: Updating Maven Project] INFO  o.e.m.c.i.p.ProjectConfigurationManager - Update completed for 1 poms: local refresh takes 0.00 sec, refresh facades takes 0.00 sec, update config takes 0.00 sec 
2025-12-08 16:03:04,606 [Worker-47: Building Project NewStudentMVC] WARN  o.e.m.c.i.embedder.EclipseLogger - Using platform encoding (Cp1252 actually) to copy filtered resources, i.e. build is platform dependent!
2025-12-08 16:03:04,607 [Worker-47: Building Project NewStudentMVC] INFO  o.e.m.c.i.embedder.EclipseLogger - Copying 0 resource
2025-12-08 16:03:04,611 [Worker-47: Building Project NewStudentMVC] WARN  o.e.m.c.i.embedder.EclipseLogger - Using platform encoding (Cp1252 actually) to copy filtered resources, i.e. build is platform dependent!
2025-12-08 16:03:04,612 [Worker-47: Building Project NewStudentMVC] INFO  o.e.m.c.i.embedder.EclipseLogger - Copying 0 resource
2025-12-08 16:03:04,614 [Worker-47: Building Project NewStudentMVC] INFO  o.e.m.w.i.f.ResourceFilteringBuildParticipant - Changed resources require a complete clean of filtered resources of NewStudentMVC
2025-12-08 16:03:04,614 [Worker-47: Building Project NewStudentMVC] INFO  o.e.m.w.i.f.ResourceFilteringBuildParticipant - Executing resource filtering for NewStudentMVC
2025-12-08 16:03:21,293 [Worker-33: Building] WARN  o.e.m.c.i.embedder.EclipseLogger - Using platform encoding (Cp1252 actually) to copy filtered resources, i.e. build is platform dependent!
2025-12-08 16:03:21,294 [Worker-33: Building] INFO  o.e.m.c.i.embedder.EclipseLogger - Copying 0 resource
2025-12-08 16:03:21,297 [Worker-33: Building] WARN  o.e.m.c.i.embedder.EclipseLogger - Using platform encoding (Cp1252 actually) to copy filtered resources, i.e. build is platform dependent!
2025-12-08 16:03:21,298 [Worker-33: Building] INFO  o.e.m.c.i.embedder.EclipseLogger - Copying 0 resource
2025-12-08 16:03:44,907 [Worker-46: Building] WARN  o.e.m.c.i.embedder.EclipseLogger - Using platform encoding (Cp1252 actually) to copy filtered resources, i.e. build is platform dependent!
2025-12-08 16:03:44,908 [Worker-46: Building] INFO  o.e.m.c.i.embedder.EclipseLogger - Copying 0 resource
2025-12-08 16:03:44,910 [Worker-46: Building] WARN  o.e.m.c.i.embedder.EclipseLogger - Using platform encoding (Cp1252 actually) to copy filtered resources, i.e. build is platform dependent!
2025-12-08 16:03:44,912 [Worker-46: Building] INFO  o.e.m.c.i.embedder.EclipseLogger - Copying 0 resource
2025-12-08 16:03:54,135 [Worker-39: Building] WARN  o.e.m.c.i.embedder.EclipseLogger - Using platform encoding (Cp1252 actually) to copy filtered resources, i.e. build is platform dependent!
2025-12-08 16:03:54,136 [Worker-39: Building] INFO  o.e.m.c.i.embedder.EclipseLogger - Copying 0 resource
2025-12-08 16:03:54,139 [Worker-39: Building] WARN  o.e.m.c.i.embedder.EclipseLogger - Using platform encoding (Cp1252 actually) to copy filtered resources, i.e. build is platform dependent!
2025-12-08 16:03:54,142 [Worker-39: Building] INFO  o.e.m.c.i.embedder.EclipseLogger - Copying 0 resource
2025-12-08 16:04:12,978 [Worker-42: Building] WARN  o.e.m.c.i.embedder.EclipseLogger - Using platform encoding (Cp1252 actually) to copy filtered resources, i.e. build is platform dependent!
2025-12-08 16:04:12,980 [Worker-42: Building] INFO  o.e.m.c.i.embedder.EclipseLogger - Copying 0 resource
2025-12-08 16:04:12,983 [Worker-42: Building] WARN  o.e.m.c.i.embedder.EclipseLogger - Using platform encoding (Cp1252 actually) to copy filtered resources, i.e. build is platform dependent!
2025-12-08 16:04:12,984 [Worker-42: Building] INFO  o.e.m.c.i.embedder.EclipseLogger - Copying 0 resource
2025-12-08 16:05:24,433 [Worker-47: Building] WARN  o.e.m.c.i.embedder.EclipseLogger - Using platform encoding (Cp1252 actually) to copy filtered resources, i.e. build is platform dependent!
2025-12-08 16:05:24,434 [Worker-47: Building] INFO  o.e.m.c.i.embedder.EclipseLogger - Copying 0 resource
2025-12-08 16:05:24,437 [Worker-47: Building] WARN  o.e.m.c.i.embedder.EclipseLogger - Using platform encoding (Cp1252 actually) to copy filtered resources, i.e. build is platform dependent!
2025-12-08 16:05:24,438 [Worker-47: Building] INFO  o.e.m.c.i.embedder.EclipseLogger - Copying 0 resource
2025-12-08 16:05:29,087 [main] INFO  o.e.m2e.actions.ExecutePomAction - Creating new launch configuration
2025-12-08 16:05:34,481 [Worker-46: Launching NewStudentMVC (1)] INFO  o.e.m.i.launch.MavenLaunchDelegate - Run build in "C:\Users\IET\Desktop\VipulPriyanka\Web_Based_ Java\Day15 Spring\NewStudentMVC":
2025-12-08 16:05:34,482 [Worker-46: Launching NewStudentMVC (1)] INFO  o.e.m.i.launch.MavenLaunchDelegate -  mvn  -B -Dstyle.color=always install
2025-12-08 16:07:06,884 [Worker-46: Building] WARN  o.e.m.c.i.embedder.EclipseLogger - Using platform encoding (Cp1252 actually) to copy filtered resources, i.e. build is platform dependent!
2025-12-08 16:07:06,886 [Worker-46: Building] INFO  o.e.m.c.i.embedder.EclipseLogger - Copying 0 resource
2025-12-08 16:07:06,888 [Worker-46: Building] WARN  o.e.m.c.i.embedder.EclipseLogger - Using platform encoding (Cp1252 actually) to copy filtered resources, i.e. build is platform dependent!
2025-12-08 16:07:06,889 [Worker-46: Building] INFO  o.e.m.c.i.embedder.EclipseLogger - Copying 0 resource
2025-12-08 16:07:29,650 [Worker-33: Building] WARN  o.e.m.c.i.embedder.EclipseLogger - Using platform encoding (Cp1252 actually) to copy filtered resources, i.e. build is platform dependent!
2025-12-08 16:07:29,652 [Worker-33: Building] INFO  o.e.m.c.i.embedder.EclipseLogger - Copying 0 resource
2025-12-08 16:07:29,655 [Worker-33: Building] WARN  o.e.m.c.i.embedder.EclipseLogger - Using platform encoding (Cp1252 actually) to copy filtered resources, i.e. build is platform dependent!
2025-12-08 16:07:29,657 [Worker-33: Building] INFO  o.e.m.c.i.embedder.EclipseLogger - Copying 0 resource
2025-12-08 16:07:36,568 [Worker-46: Building] WARN  o.e.m.c.i.embedder.EclipseLogger - Using platform encoding (Cp1252 actually) to copy filtered resources, i.e. build is platform dependent!
2025-12-08 16:07:36,569 [Worker-46: Building] INFO  o.e.m.c.i.embedder.EclipseLogger - Copying 0 resource
2025-12-08 16:07:36,571 [Worker-46: Building] WARN  o.e.m.c.i.embedder.EclipseLogger - Using platform encoding (Cp1252 actually) to copy filtered resources, i.e. build is platform dependent!
2025-12-08 16:07:36,572 [Worker-46: Building] INFO  o.e.m.c.i.embedder.EclipseLogger - Copying 0 resource
2025-12-08 16:08:29,551 [Worker-43: Updating Maven Dependencies] ERROR o.e.m.j.i.l.MavenLaunchConfigurationListener - Launch configuration ELParser references non-existing project StudentMVC.
org.eclipse.core.runtime.CoreException: Launch configuration ELParser references non-existing project StudentMVC.
	at org.eclipse.jdt.launching.JavaRuntime.abort(JavaRuntime.java:1856)
	at org.eclipse.jdt.launching.JavaRuntime.getJavaProject(JavaRuntime.java:1733)
	at org.eclipse.m2e.jdt.internal.launch.MavenLaunchConfigurationListener.updateLaunchConfiguration(MavenLaunchConfigurationListener.java:64)
	at org.eclipse.m2e.jdt.internal.launch.MavenLaunchConfigurationListener.launchConfigurationChanged(MavenLaunchConfigurationListener.java:50)
	at org.eclipse.debug.internal.core.LaunchManager$ConfigurationNotifier.run(LaunchManager.java:225)
	at org.eclipse.core.runtime.SafeRunner.run(SafeRunner.java:45)
	at org.eclipse.debug.internal.core.LaunchManager$ConfigurationNotifier.notify(LaunchManager.java:209)
	at org.eclipse.debug.internal.core.LaunchConfigurationWorkingCopy.setDirty(LaunchConfigurationWorkingCopy.java:524)
	at org.eclipse.debug.internal.core.LaunchConfigurationWorkingCopy.setAttribute(LaunchConfigurationWorkingCopy.java:412)
	at org.eclipse.m2e.jdt.internal.launch.MavenRuntimeClasspathProvider.disable(MavenRuntimeClasspathProvider.java:410)
	at org.eclipse.m2e.jdt.internal.launch.MavenRuntimeClasspathProvider.disable(MavenRuntimeClasspathProvider.java:436)
	at org.eclipse.m2e.jdt.internal.launch.MavenLaunchConfigurationListener.mavenProjectChanged(MavenLaunchConfigurationListener.java:135)
	at org.eclipse.m2e.core.internal.project.registry.ProjectRegistryManager.notifyProjectChangeListeners(ProjectRegistryManager.java:851)
	at org.eclipse.m2e.core.internal.project.registry.ProjectRegistryManager.applyMutableProjectRegistry(ProjectRegistryManager.java:1004)
	at org.eclipse.m2e.core.internal.project.registry.ProjectRegistryRefreshJob.lambda$0(ProjectRegistryRefreshJob.java:162)
	at org.eclipse.m2e.core.internal.embedder.MavenExecutionContext.executeBare(MavenExecutionContext.java:394)
	at org.eclipse.m2e.core.internal.embedder.MavenExecutionContext.execute(MavenExecutionContext.java:275)
	at org.eclipse.m2e.core.internal.embedder.MavenExecutionContext.execute(MavenExecutionContext.java:214)
	at org.eclipse.m2e.core.internal.project.registry.ProjectRegistryRefreshJob.run(ProjectRegistryRefreshJob.java:106)
	at org.eclipse.core.internal.jobs.Worker.run(Worker.java:63)
2025-12-08 16:08:29,554 [Worker-43: Updating Maven Dependencies] ERROR o.e.m.j.i.l.MavenLaunchConfigurationListener - Launch configuration ELParser references non-existing project StudentMVC.
org.eclipse.core.runtime.CoreException: Launch configuration ELParser references non-existing project StudentMVC.
	at org.eclipse.jdt.launching.JavaRuntime.abort(JavaRuntime.java:1856)
	at org.eclipse.jdt.launching.JavaRuntime.getJavaProject(JavaRuntime.java:1733)
	at org.eclipse.m2e.jdt.internal.launch.MavenLaunchConfigurationListener.updateLaunchConfiguration(MavenLaunchConfigurationListener.java:64)
	at org.eclipse.m2e.jdt.internal.launch.MavenLaunchConfigurationListener.launchConfigurationChanged(MavenLaunchConfigurationListener.java:50)
	at org.eclipse.debug.internal.core.LaunchManager$ConfigurationNotifier.run(LaunchManager.java:225)
	at org.eclipse.core.runtime.SafeRunner.run(SafeRunner.java:45)
	at org.eclipse.debug.internal.core.LaunchManager$ConfigurationNotifier.notify(LaunchManager.java:209)
	at org.eclipse.debug.internal.core.LaunchConfigurationWorkingCopy.setDirty(LaunchConfigurationWorkingCopy.java:524)
	at org.eclipse.debug.internal.core.LaunchConfigurationWorkingCopy.setAttribute(LaunchConfigurationWorkingCopy.java:412)
	at org.eclipse.m2e.jdt.internal.launch.MavenRuntimeClasspathProvider.disable(MavenRuntimeClasspathProvider.java:411)
	at org.eclipse.m2e.jdt.internal.launch.MavenRuntimeClasspathProvider.disable(MavenRuntimeClasspathProvider.java:436)
	at org.eclipse.m2e.jdt.internal.launch.MavenLaunchConfigurationListener.mavenProjectChanged(MavenLaunchConfigurationListener.java:135)
	at org.eclipse.m2e.core.internal.project.registry.ProjectRegistryManager.notifyProjectChangeListeners(ProjectRegistryManager.java:851)
	at org.eclipse.m2e.core.internal.project.registry.ProjectRegistryManager.applyMutableProjectRegistry(ProjectRegistryManager.java:1004)
	at org.eclipse.m2e.core.internal.project.registry.ProjectRegistryRefreshJob.lambda$0(ProjectRegistryRefreshJob.java:162)
	at org.eclipse.m2e.core.internal.embedder.MavenExecutionContext.executeBare(MavenExecutionContext.java:394)
	at org.eclipse.m2e.core.internal.embedder.MavenExecutionContext.execute(MavenExecutionContext.java:275)
	at org.eclipse.m2e.core.internal.embedder.MavenExecutionContext.execute(MavenExecutionContext.java:214)
	at org.eclipse.m2e.core.internal.project.registry.ProjectRegistryRefreshJob.run(ProjectRegistryRefreshJob.java:106)
	at org.eclipse.core.internal.jobs.Worker.run(Worker.java:63)
2025-12-08 16:08:29,571 [Worker-43: Updating Maven Dependencies] ERROR o.e.m.j.i.l.MavenLaunchConfigurationListener - Launch configuration ELParser references non-existing project StudentMVC.
org.eclipse.core.runtime.CoreException: Launch configuration ELParser references non-existing project StudentMVC.
	at org.eclipse.jdt.launching.JavaRuntime.abort(JavaRuntime.java:1856)
	at org.eclipse.jdt.launching.JavaRuntime.getJavaProject(JavaRuntime.java:1733)
	at org.eclipse.m2e.jdt.internal.launch.MavenLaunchConfigurationListener.updateLaunchConfiguration(MavenLaunchConfigurationListener.java:64)
	at org.eclipse.m2e.jdt.internal.launch.MavenLaunchConfigurationListener.launchConfigurationChanged(MavenLaunchConfigurationListener.java:50)
	at org.eclipse.debug.internal.core.LaunchManager$ConfigurationNotifier.run(LaunchManager.java:225)
	at org.eclipse.core.runtime.SafeRunner.run(SafeRunner.java:45)
	at org.eclipse.debug.internal.core.LaunchManager$ConfigurationNotifier.notify(LaunchManager.java:209)
	at org.eclipse.debug.internal.core.LaunchManager.launchConfigurationChanged(LaunchManager.java:2147)
	at org.eclipse.debug.internal.core.LaunchConfigurationWorkingCopy.writeNewFile(LaunchConfigurationWorkingCopy.java:377)
	at org.eclipse.debug.internal.core.LaunchConfigurationWorkingCopy.doSave0(LaunchConfigurationWorkingCopy.java:259)
	at org.eclipse.debug.internal.core.LaunchConfigurationWorkingCopy.doSave(LaunchConfigurationWorkingCopy.java:229)
	at org.eclipse.debug.internal.core.LaunchConfigurationWorkingCopy.doSave(LaunchConfigurationWorkingCopy.java:187)
	at org.eclipse.m2e.jdt.internal.launch.MavenRuntimeClasspathProvider.disable(MavenRuntimeClasspathProvider.java:412)
	at org.eclipse.m2e.jdt.internal.launch.MavenRuntimeClasspathProvider.disable(MavenRuntimeClasspathProvider.java:436)
	at org.eclipse.m2e.jdt.internal.launch.MavenLaunchConfigurationListener.mavenProjectChanged(MavenLaunchConfigurationListener.java:135)
	at org.eclipse.m2e.core.internal.project.registry.ProjectRegistryManager.notifyProjectChangeListeners(ProjectRegistryManager.java:851)
	at org.eclipse.m2e.core.internal.project.registry.ProjectRegistryManager.applyMutableProjectRegistry(ProjectRegistryManager.java:1004)
	at org.eclipse.m2e.core.internal.project.registry.ProjectRegistryRefreshJob.lambda$0(ProjectRegistryRefreshJob.java:162)
	at org.eclipse.m2e.core.internal.embedder.MavenExecutionContext.executeBare(MavenExecutionContext.java:394)
	at org.eclipse.m2e.core.internal.embedder.MavenExecutionContext.execute(MavenExecutionContext.java:275)
	at org.eclipse.m2e.core.internal.embedder.MavenExecutionContext.execute(MavenExecutionContext.java:214)
	at org.eclipse.m2e.core.internal.project.registry.ProjectRegistryRefreshJob.run(ProjectRegistryRefreshJob.java:106)
	at org.eclipse.core.internal.jobs.Worker.run(Worker.java:63)
2025-12-08 16:08:36,079 [Worker-39: Updating Maven Dependencies] INFO  o.e.m.c.i.l.LifecycleMappingFactory - Using org.maven.ide.eclipse.wtp.WarLifecycleMapping lifecycle mapping for MavenProject: com.demo:MySpringMVCDemo:0.0.1-SNAPSHOT @ C:\Users\IET\Desktop\VipulPriyanka\Web_Based_ Java\Day15 Spring\MySpringMVCDemo\pom.xml.
2025-12-08 16:09:13,274 [Worker-42: Building] WARN  o.e.m.c.i.embedder.EclipseLogger - Using platform encoding (Cp1252 actually) to copy filtered resources, i.e. build is platform dependent!
2025-12-08 16:09:13,276 [Worker-42: Building] INFO  o.e.m.c.i.embedder.EclipseLogger - Copying 0 resource
2025-12-08 16:09:13,278 [Worker-42: Building] WARN  o.e.m.c.i.embedder.EclipseLogger - Using platform encoding (Cp1252 actually) to copy filtered resources, i.e. build is platform dependent!
2025-12-08 16:09:13,279 [Worker-42: Building] INFO  o.e.m.c.i.embedder.EclipseLogger - Copying 0 resource
2025-12-08 16:12:51,214 [Worker-46: Building] WARN  o.e.m.c.i.embedder.EclipseLogger - Using platform encoding (Cp1252 actually) to copy filtered resources, i.e. build is platform dependent!
2025-12-08 16:12:51,216 [Worker-46: Building] INFO  o.e.m.c.i.embedder.EclipseLogger - Copying 0 resource
2025-12-08 16:12:51,218 [Worker-46: Building] WARN  o.e.m.c.i.embedder.EclipseLogger - Using platform encoding (Cp1252 actually) to copy filtered resources, i.e. build is platform dependent!
2025-12-08 16:12:51,219 [Worker-46: Building] INFO  o.e.m.c.i.embedder.EclipseLogger - Copying 0 resource
2025-12-08 16:14:29,988 [Worker-36: Building] WARN  o.e.m.c.i.embedder.EclipseLogger - Using platform encoding (Cp1252 actually) to copy filtered resources, i.e. build is platform dependent!
2025-12-08 16:14:29,989 [Worker-36: Building] INFO  o.e.m.c.i.embedder.EclipseLogger - Copying 0 resource
2025-12-08 16:14:29,991 [Worker-36: Building] WARN  o.e.m.c.i.embedder.EclipseLogger - Using platform encoding (Cp1252 actually) to copy filtered resources, i.e. build is platform dependent!
2025-12-08 16:14:29,992 [Worker-36: Building] INFO  o.e.m.c.i.embedder.EclipseLogger - Copying 0 resource
2025-12-08 16:17:26,446 [Worker-43: Building] WARN  o.e.m.c.i.embedder.EclipseLogger - Using platform encoding (Cp1252 actually) to copy filtered resources, i.e. build is platform dependent!
2025-12-08 16:17:26,448 [Worker-43: Building] INFO  o.e.m.c.i.embedder.EclipseLogger - Copying 0 resource
2025-12-08 16:17:26,451 [Worker-43: Building] WARN  o.e.m.c.i.embedder.EclipseLogger - Using platform encoding (Cp1252 actually) to copy filtered resources, i.e. build is platform dependent!
2025-12-08 16:17:26,453 [Worker-43: Building] INFO  o.e.m.c.i.embedder.EclipseLogger - Copying 0 resource
2025-12-08 16:17:39,981 [Worker-46: Building] WARN  o.e.m.c.i.embedder.EclipseLogger - Using platform encoding (Cp1252 actually) to copy filtered resources, i.e. build is platform dependent!
2025-12-08 16:17:39,982 [Worker-46: Building] INFO  o.e.m.c.i.embedder.EclipseLogger - Copying 0 resource
2025-12-08 16:17:39,985 [Worker-46: Building] WARN  o.e.m.c.i.embedder.EclipseLogger - Using platform encoding (Cp1252 actually) to copy filtered resources, i.e. build is platform dependent!
2025-12-08 16:17:39,986 [Worker-46: Building] INFO  o.e.m.c.i.embedder.EclipseLogger - Copying 0 resource
2025-12-08 16:18:03,660 [Worker-47: Building] WARN  o.e.m.c.i.embedder.EclipseLogger - Using platform encoding (Cp1252 actually) to copy filtered resources, i.e. build is platform dependent!
2025-12-08 16:18:03,661 [Worker-47: Building] INFO  o.e.m.c.i.embedder.EclipseLogger - Copying 0 resource
2025-12-08 16:18:03,663 [Worker-47: Building] WARN  o.e.m.c.i.embedder.EclipseLogger - Using platform encoding (Cp1252 actually) to copy filtered resources, i.e. build is platform dependent!
2025-12-08 16:18:03,664 [Worker-47: Building] INFO  o.e.m.c.i.embedder.EclipseLogger - Copying 0 resource
2025-12-08 16:18:07,925 [Worker-47: Building] WARN  o.e.m.c.i.embedder.EclipseLogger - Using platform encoding (Cp1252 actually) to copy filtered resources, i.e. build is platform dependent!
2025-12-08 16:18:07,927 [Worker-47: Building] INFO  o.e.m.c.i.embedder.EclipseLogger - Copying 0 resource
2025-12-08 16:18:07,929 [Worker-47: Building] WARN  o.e.m.c.i.embedder.EclipseLogger - Using platform encoding (Cp1252 actually) to copy filtered resources, i.e. build is platform dependent!
2025-12-08 16:18:07,930 [Worker-47: Building] INFO  o.e.m.c.i.embedder.EclipseLogger - Copying 0 resource
2025-12-08 16:18:24,666 [Worker-47: Building] WARN  o.e.m.c.i.embedder.EclipseLogger - Using platform encoding (Cp1252 actually) to copy filtered resources, i.e. build is platform dependent!
2025-12-08 16:18:24,667 [Worker-47: Building] INFO  o.e.m.c.i.embedder.EclipseLogger - Copying 0 resource
2025-12-08 16:18:24,669 [Worker-47: Building] WARN  o.e.m.c.i.embedder.EclipseLogger - Using platform encoding (Cp1252 actually) to copy filtered resources, i.e. build is platform dependent!
2025-12-08 16:18:24,670 [Worker-47: Building] INFO  o.e.m.c.i.embedder.EclipseLogger - Copying 0 resource
2025-12-08 16:18:29,822 [Worker-45: Building] WARN  o.e.m.c.i.embedder.EclipseLogger - Using platform encoding (Cp1252 actually) to copy filtered resources, i.e. build is platform dependent!
2025-12-08 16:18:29,823 [Worker-45: Building] INFO  o.e.m.c.i.embedder.EclipseLogger - Copying 0 resource
2025-12-08 16:18:29,825 [Worker-45: Building] WARN  o.e.m.c.i.embedder.EclipseLogger - Using platform encoding (Cp1252 actually) to copy filtered resources, i.e. build is platform dependent!
2025-12-08 16:18:29,826 [Worker-45: Building] INFO  o.e.m.c.i.embedder.EclipseLogger - Copying 0 resource
2025-12-08 16:19:12,229 [Worker-39: Building] WARN  o.e.m.c.i.embedder.EclipseLogger - Using platform encoding (Cp1252 actually) to copy filtered resources, i.e. build is platform dependent!
2025-12-08 16:19:12,230 [Worker-39: Building] INFO  o.e.m.c.i.embedder.EclipseLogger - Copying 0 resource
2025-12-08 16:19:12,232 [Worker-39: Building] WARN  o.e.m.c.i.embedder.EclipseLogger - Using platform encoding (Cp1252 actually) to copy filtered resources, i.e. build is platform dependent!
2025-12-08 16:19:12,233 [Worker-39: Building] INFO  o.e.m.c.i.embedder.EclipseLogger - Copying 0 resource
2025-12-08 16:20:03,724 [Worker-47: Building] WARN  o.e.m.c.i.embedder.EclipseLogger - Using platform encoding (Cp1252 actually) to copy filtered resources, i.e. build is platform dependent!
2025-12-08 16:20:03,726 [Worker-47: Building] INFO  o.e.m.c.i.embedder.EclipseLogger - Copying 0 resource
2025-12-08 16:20:03,728 [Worker-47: Building] WARN  o.e.m.c.i.embedder.EclipseLogger - Using platform encoding (Cp1252 actually) to copy filtered resources, i.e. build is platform dependent!
2025-12-08 16:20:03,730 [Worker-47: Building] INFO  o.e.m.c.i.embedder.EclipseLogger - Copying 0 resource
2025-12-08 16:22:14,346 [Worker-39: Building] WARN  o.e.m.c.i.embedder.EclipseLogger - Using platform encoding (Cp1252 actually) to copy filtered resources, i.e. build is platform dependent!
2025-12-08 16:22:14,348 [Worker-39: Building] INFO  o.e.m.c.i.embedder.EclipseLogger - Copying 0 resource
2025-12-08 16:22:14,351 [Worker-39: Building] WARN  o.e.m.c.i.embedder.EclipseLogger - Using platform encoding (Cp1252 actually) to copy filtered resources, i.e. build is platform dependent!
2025-12-08 16:22:14,353 [Worker-39: Building] INFO  o.e.m.c.i.embedder.EclipseLogger - Copying 0 resource
2025-12-08 16:22:18,583 [Worker-41: Building] WARN  o.e.m.c.i.embedder.EclipseLogger - Using platform encoding (Cp1252 actually) to copy filtered resources, i.e. build is platform dependent!
2025-12-08 16:22:18,584 [Worker-41: Building] INFO  o.e.m.c.i.embedder.EclipseLogger - Copying 0 resource
2025-12-08 16:22:18,588 [Worker-41: Building] WARN  o.e.m.c.i.embedder.EclipseLogger - Using platform encoding (Cp1252 actually) to copy filtered resources, i.e. build is platform dependent!
2025-12-08 16:22:18,589 [Worker-41: Building] INFO  o.e.m.c.i.embedder.EclipseLogger - Copying 0 resource
2025-12-08 16:23:19,657 [Worker-43: Building] WARN  o.e.m.c.i.embedder.EclipseLogger - Using platform encoding (Cp1252 actually) to copy filtered resources, i.e. build is platform dependent!
2025-12-08 16:23:19,658 [Worker-43: Building] INFO  o.e.m.c.i.embedder.EclipseLogger - Copying 0 resource
2025-12-08 16:23:19,661 [Worker-43: Building] WARN  o.e.m.c.i.embedder.EclipseLogger - Using platform encoding (Cp1252 actually) to copy filtered resources, i.e. build is platform dependent!
2025-12-08 16:23:19,662 [Worker-43: Building] INFO  o.e.m.c.i.embedder.EclipseLogger - Copying 0 resource
2025-12-08 16:24:53,476 [Worker-42: Building] INFO  o.e.m.c.i.l.LifecycleMappingFactory - Using org.maven.ide.eclipse.wtp.WarLifecycleMapping lifecycle mapping for MavenProject: com.demo:MySpringMVCDemo:0.0.1-SNAPSHOT @ C:\Users\IET\Desktop\VipulPriyanka\Web_Based_ Java\Day15 Spring\MySpringMVCDemo\pom.xml.
2025-12-08 16:24:54,094 [Worker-42: Updating Maven Dependencies] INFO  o.e.m.c.i.l.LifecycleMappingFactory - Using org.maven.ide.eclipse.wtp.WarLifecycleMapping lifecycle mapping for MavenProject: com.demo:MySpringMVCDemo:0.0.1-SNAPSHOT @ C:\Users\IET\Desktop\VipulPriyanka\Web_Based_ Java\Day15 Spring\MySpringMVCDemo\pom.xml.
2025-12-08 16:25:14,455 [Worker-46: Building] WARN  o.e.m.c.i.embedder.EclipseLogger - Using platform encoding (Cp1252 actually) to copy filtered resources, i.e. build is platform dependent!
2025-12-08 16:25:14,456 [Worker-46: Building] INFO  o.e.m.c.i.embedder.EclipseLogger - Copying 0 resource
2025-12-08 16:25:14,458 [Worker-46: Building] WARN  o.e.m.c.i.embedder.EclipseLogger - Using platform encoding (Cp1252 actually) to copy filtered resources, i.e. build is platform dependent!
2025-12-08 16:25:14,460 [Worker-46: Building] INFO  o.e.m.c.i.embedder.EclipseLogger - Copying 0 resource
2025-12-08 16:26:31,340 [Worker-41: Building] WARN  o.e.m.c.i.embedder.EclipseLogger - Using platform encoding (Cp1252 actually) to copy filtered resources, i.e. build is platform dependent!
2025-12-08 16:26:31,341 [Worker-41: Building] INFO  o.e.m.c.i.embedder.EclipseLogger - Copying 0 resource
2025-12-08 16:26:31,343 [Worker-41: Building] WARN  o.e.m.c.i.embedder.EclipseLogger - Using platform encoding (Cp1252 actually) to copy filtered resources, i.e. build is platform dependent!
2025-12-08 16:26:31,344 [Worker-41: Building] INFO  o.e.m.c.i.embedder.EclipseLogger - Copying 0 resource
2025-12-08 16:27:48,215 [Worker-42: Building] WARN  o.e.m.c.i.embedder.EclipseLogger - Using platform encoding (Cp1252 actually) to copy filtered resources, i.e. build is platform dependent!
2025-12-08 16:27:48,216 [Worker-42: Building] INFO  o.e.m.c.i.embedder.EclipseLogger - Copying 0 resource
2025-12-08 16:27:48,218 [Worker-42: Building] WARN  o.e.m.c.i.embedder.EclipseLogger - Using platform encoding (Cp1252 actually) to copy filtered resources, i.e. build is platform dependent!
2025-12-08 16:27:48,219 [Worker-42: Building] INFO  o.e.m.c.i.embedder.EclipseLogger - Copying 0 resource
2025-12-08 16:30:13,734 [Worker-48: Building] WARN  o.e.m.c.i.embedder.EclipseLogger - Using platform encoding (Cp1252 actually) to copy filtered resources, i.e. build is platform dependent!
2025-12-08 16:30:13,736 [Worker-48: Building] INFO  o.e.m.c.i.embedder.EclipseLogger - Copying 0 resource
2025-12-08 16:30:13,738 [Worker-48: Building] WARN  o.e.m.c.i.embedder.EclipseLogger - Using platform encoding (Cp1252 actually) to copy filtered resources, i.e. build is platform dependent!
2025-12-08 16:30:13,739 [Worker-48: Building] INFO  o.e.m.c.i.embedder.EclipseLogger - Copying 0 resource
2025-12-09 14:10:16,590 [Worker-1: Loading available Gradle versions] INFO  o.e.b.c.i.u.g.PublishedGradleVersions - Gradle version information cache is out-of-date. Trying to update.
2025-12-09 14:13:22,418 [Worker-2: Building] WARN  o.e.m.c.i.embedder.EclipseLogger - Using platform encoding (Cp1252 actually) to copy filtered resources, i.e. build is platform dependent!
2025-12-09 14:13:22,424 [Worker-2: Building] INFO  o.e.m.c.i.embedder.EclipseLogger - Copying 0 resource
2025-12-09 14:13:22,429 [Worker-2: Building] WARN  o.e.m.c.i.embedder.EclipseLogger - Using platform encoding (Cp1252 actually) to copy filtered resources, i.e. build is platform dependent!
2025-12-09 14:13:22,431 [Worker-2: Building] INFO  o.e.m.c.i.embedder.EclipseLogger - Copying 0 resource
2025-12-09 14:14:21,958 [Worker-15: Building] WARN  o.e.m.c.i.embedder.EclipseLogger - Using platform encoding (Cp1252 actually) to copy filtered resources, i.e. build is platform dependent!
2025-12-09 14:14:21,961 [Worker-15: Building] INFO  o.e.m.c.i.embedder.EclipseLogger - Copying 0 resource
2025-12-09 14:14:21,966 [Worker-15: Building] WARN  o.e.m.c.i.embedder.EclipseLogger - Using platform encoding (Cp1252 actually) to copy filtered resources, i.e. build is platform dependent!
2025-12-09 14:14:21,967 [Worker-15: Building] INFO  o.e.m.c.i.embedder.EclipseLogger - Copying 0 resource
2025-12-09 14:16:09,615 [Worker-16: Building] WARN  o.e.m.c.i.embedder.EclipseLogger - Using platform encoding (Cp1252 actually) to copy filtered resources, i.e. build is platform dependent!
2025-12-09 14:16:09,617 [Worker-16: Building] INFO  o.e.m.c.i.embedder.EclipseLogger - Copying 0 resource
2025-12-09 14:16:09,629 [Worker-16: Building] WARN  o.e.m.c.i.embedder.EclipseLogger - Using platform encoding (Cp1252 actually) to copy filtered resources, i.e. build is platform dependent!
2025-12-09 14:16:09,632 [Worker-16: Building] INFO  o.e.m.c.i.embedder.EclipseLogger - Copying 0 resource
2025-12-09 14:24:13,765 [Worker-22: Building] WARN  o.e.m.c.i.embedder.EclipseLogger - Using platform encoding (Cp1252 actually) to copy filtered resources, i.e. build is platform dependent!
2025-12-09 14:24:13,767 [Worker-22: Building] INFO  o.e.m.c.i.embedder.EclipseLogger - Copying 0 resource
2025-12-09 14:24:13,771 [Worker-22: Building] WARN  o.e.m.c.i.embedder.EclipseLogger - Using platform encoding (Cp1252 actually) to copy filtered resources, i.e. build is platform dependent!
2025-12-09 14:24:13,772 [Worker-22: Building] INFO  o.e.m.c.i.embedder.EclipseLogger - Copying 0 resource
2025-12-09 14:24:16,364 [Worker-22: Building] WARN  o.e.m.c.i.embedder.EclipseLogger - Using platform encoding (Cp1252 actually) to copy filtered resources, i.e. build is platform dependent!
2025-12-09 14:24:16,365 [Worker-22: Building] INFO  o.e.m.c.i.embedder.EclipseLogger - Copying 0 resource
2025-12-09 14:24:16,368 [Worker-22: Building] WARN  o.e.m.c.i.embedder.EclipseLogger - Using platform encoding (Cp1252 actually) to copy filtered resources, i.e. build is platform dependent!
2025-12-09 14:24:16,370 [Worker-22: Building] INFO  o.e.m.c.i.embedder.EclipseLogger - Copying 0 resource
2025-12-09 14:24:21,037 [Worker-22: Building] WARN  o.e.m.c.i.embedder.EclipseLogger - Using platform encoding (Cp1252 actually) to copy filtered resources, i.e. build is platform dependent!
2025-12-09 14:24:21,043 [Worker-22: Building] INFO  o.e.m.c.i.embedder.EclipseLogger - Copying 0 resource
2025-12-09 14:24:21,072 [Worker-22: Building] WARN  o.e.m.c.i.embedder.EclipseLogger - Using platform encoding (Cp1252 actually) to copy filtered resources, i.e. build is platform dependent!
2025-12-09 14:24:21,077 [Worker-22: Building] INFO  o.e.m.c.i.embedder.EclipseLogger - Copying 0 resource
2025-12-09 14:25:14,872 [Worker-23: Building] WARN  o.e.m.c.i.embedder.EclipseLogger - Using platform encoding (Cp1252 actually) to copy filtered resources, i.e. build is platform dependent!
2025-12-09 14:25:14,879 [Worker-23: Building] INFO  o.e.m.c.i.embedder.EclipseLogger - Copying 0 resource
2025-12-09 14:25:14,883 [Worker-23: Building] WARN  o.e.m.c.i.embedder.EclipseLogger - Using platform encoding (Cp1252 actually) to copy filtered resources, i.e. build is platform dependent!
2025-12-09 14:25:14,886 [Worker-23: Building] INFO  o.e.m.c.i.embedder.EclipseLogger - Copying 0 resource
2025-12-09 14:27:09,159 [Worker-21: Building] WARN  o.e.m.c.i.embedder.EclipseLogger - Using platform encoding (Cp1252 actually) to copy filtered resources, i.e. build is platform dependent!
2025-12-09 14:27:09,160 [Worker-21: Building] INFO  o.e.m.c.i.embedder.EclipseLogger - Copying 0 resource
2025-12-09 14:27:09,165 [Worker-21: Building] WARN  o.e.m.c.i.embedder.EclipseLogger - Using platform encoding (Cp1252 actually) to copy filtered resources, i.e. build is platform dependent!
2025-12-09 14:27:09,167 [Worker-21: Building] INFO  o.e.m.c.i.embedder.EclipseLogger - Copying 0 resource
2025-12-09 14:27:51,946 [Worker-22: Building] WARN  o.e.m.c.i.embedder.EclipseLogger - Using platform encoding (Cp1252 actually) to copy filtered resources, i.e. build is platform dependent!
2025-12-09 14:27:51,948 [Worker-22: Building] INFO  o.e.m.c.i.embedder.EclipseLogger - Copying 0 resource
2025-12-09 14:27:51,952 [Worker-22: Building] WARN  o.e.m.c.i.embedder.EclipseLogger - Using platform encoding (Cp1252 actually) to copy filtered resources, i.e. build is platform dependent!
2025-12-09 14:27:51,953 [Worker-22: Building] INFO  o.e.m.c.i.embedder.EclipseLogger - Copying 0 resource
2025-12-09 14:28:37,017 [Worker-23: Building] WARN  o.e.m.c.i.embedder.EclipseLogger - Using platform encoding (Cp1252 actually) to copy filtered resources, i.e. build is platform dependent!
2025-12-09 14:28:37,019 [Worker-23: Building] INFO  o.e.m.c.i.embedder.EclipseLogger - Copying 0 resource
2025-12-09 14:28:37,022 [Worker-23: Building] WARN  o.e.m.c.i.embedder.EclipseLogger - Using platform encoding (Cp1252 actually) to copy filtered resources, i.e. build is platform dependent!
2025-12-09 14:28:37,024 [Worker-23: Building] INFO  o.e.m.c.i.embedder.EclipseLogger - Copying 0 resource
2025-12-09 14:31:07,580 [Worker-25: Building] WARN  o.e.m.c.i.embedder.EclipseLogger - Using platform encoding (Cp1252 actually) to copy filtered resources, i.e. build is platform dependent!
2025-12-09 14:31:07,581 [Worker-25: Building] INFO  o.e.m.c.i.embedder.EclipseLogger - Copying 0 resource
2025-12-09 14:31:07,584 [Worker-25: Building] WARN  o.e.m.c.i.embedder.EclipseLogger - Using platform encoding (Cp1252 actually) to copy filtered resources, i.e. build is platform dependent!
2025-12-09 14:31:07,585 [Worker-25: Building] INFO  o.e.m.c.i.embedder.EclipseLogger - Copying 0 resource
2025-12-09 14:34:10,188 [Worker-22: Building] WARN  o.e.m.c.i.embedder.EclipseLogger - Using platform encoding (Cp1252 actually) to copy filtered resources, i.e. build is platform dependent!
2025-12-09 14:34:10,190 [Worker-22: Building] INFO  o.e.m.c.i.embedder.EclipseLogger - Copying 0 resource
2025-12-09 14:34:10,193 [Worker-22: Building] WARN  o.e.m.c.i.embedder.EclipseLogger - Using platform encoding (Cp1252 actually) to copy filtered resources, i.e. build is platform dependent!
2025-12-09 14:34:10,194 [Worker-22: Building] INFO  o.e.m.c.i.embedder.EclipseLogger - Copying 0 resource
2025-12-09 14:37:13,703 [Worker-22: Creating project "MyRegistrationDemo"] INFO  o.e.m.c.i.l.LifecycleMappingFactory - Using org.eclipse.m2e.jdt.JarLifecycleMapping lifecycle mapping for MavenProject: com.demo:MyRegistrationDemo:0.0.1-SNAPSHOT @ C:\Users\IET\Desktop\VipulPriyanka\Web_Based_ Java\Day15 Spring\MyRegistrationDemo\pom.xml.
2025-12-09 14:37:15,052 [Worker-22: Creating project "MyRegistrationDemo"] INFO  o.e.m.j.i.AbstractJavaProjectConfigurator - Adding source folder /MyRegistrationDemo/src/main/java
2025-12-09 14:37:15,053 [Worker-22: Creating project "MyRegistrationDemo"] INFO  o.e.m.j.i.AbstractJavaProjectConfigurator - Adding resource folder /MyRegistrationDemo/src/main/resources
2025-12-09 14:37:15,054 [Worker-22: Creating project "MyRegistrationDemo"] INFO  o.e.m.j.i.AbstractJavaProjectConfigurator - Adding source folder /MyRegistrationDemo/src/test/java
2025-12-09 14:37:15,054 [Worker-22: Creating project "MyRegistrationDemo"] INFO  o.e.m.j.i.AbstractJavaProjectConfigurator - Adding resource folder /MyRegistrationDemo/src/test/resources
2025-12-09 14:37:15,572 [Worker-22: Building] WARN  o.e.m.c.i.embedder.EclipseLogger - Using platform encoding (Cp1252 actually) to copy filtered resources, i.e. build is platform dependent!
2025-12-09 14:37:15,576 [Worker-22: Building] INFO  o.e.m.c.i.embedder.EclipseLogger - Copying 0 resource
2025-12-09 14:37:15,581 [Worker-22: Building] WARN  o.e.m.c.i.embedder.EclipseLogger - Using platform encoding (Cp1252 actually) to copy filtered resources, i.e. build is platform dependent!
2025-12-09 14:37:15,582 [Worker-22: Building] INFO  o.e.m.c.i.embedder.EclipseLogger - Copying 0 resource
2025-12-09 14:38:26,674 [Worker-29: Creating project "MyRegistrationDemo1"] INFO  o.e.m.c.i.l.LifecycleMappingFactory - Using org.maven.ide.eclipse.wtp.WarLifecycleMapping lifecycle mapping for MavenProject: com.demo:MyRegistrationDemo1:0.0.1-SNAPSHOT @ C:\Users\IET\Desktop\VipulPriyanka\Web_Based_ Java\Day15 Spring\MyRegistrationDemo1\pom.xml.
2025-12-09 14:38:27,428 [Worker-29: Creating project "MyRegistrationDemo1"] WARN  Sisu - Error injecting: org.apache.maven.plugin.war.WarMojo
com.google.inject.ProvisionException: Unable to provision, see the following errors:

1) Error injecting constructor, java.lang.ExceptionInInitializerError: Cannot access defaults field of Properties
  at org.apache.maven.plugin.war.WarMojo.<init>(Unknown Source)
  while locating org.apache.maven.plugin.war.WarMojo

1 error
	at com.google.inject.internal.InternalProvisionException.toProvisionException(InternalProvisionException.java:226)
	at com.google.inject.internal.InjectorImpl$1.get(InjectorImpl.java:1053)
	at com.google.inject.internal.InjectorImpl.getInstance(InjectorImpl.java:1086)
	at org.eclipse.sisu.space.AbstractDeferredClass.get(AbstractDeferredClass.java:48)
	at com.google.inject.internal.ProviderInternalFactory.provision(ProviderInternalFactory.java:85)
	at com.google.inject.internal.InternalFactoryToInitializableAdapter.provision(InternalFactoryToInitializableAdapter.java:57)
	at com.google.inject.internal.ProviderInternalFactory$1.call(ProviderInternalFactory.java:66)
	at com.google.inject.internal.ProvisionListenerStackCallback$Provision.provision(ProvisionListenerStackCallback.java:112)
	at com.google.inject.internal.ProvisionListenerStackCallback$Provision.provision(ProvisionListenerStackCallback.java:127)
	at com.google.inject.internal.ProvisionListenerStackCallback.provision(ProvisionListenerStackCallback.java:66)
	at com.google.inject.internal.ProviderInternalFactory.circularGet(ProviderInternalFactory.java:61)
	at com.google.inject.internal.InternalFactoryToInitializableAdapter.get(InternalFactoryToInitializableAdapter.java:47)
	at com.google.inject.internal.InjectorImpl$1.get(InjectorImpl.java:1050)
	at org.eclipse.sisu.inject.Guice4$1.get(Guice4.java:162)
	at org.eclipse.sisu.inject.LazyBeanEntry.getValue(LazyBeanEntry.java:81)
	at org.eclipse.sisu.plexus.LazyPlexusBean.getValue(LazyPlexusBean.java:51)
	at org.codehaus.plexus.DefaultPlexusContainer.lookup(DefaultPlexusContainer.java:263)
	at org.codehaus.plexus.DefaultPlexusContainer.lookup(DefaultPlexusContainer.java:255)
	at org.apache.maven.plugin.internal.DefaultMavenPluginManager.getConfiguredMojo(DefaultMavenPluginManager.java:520)
	at org.eclipse.m2e.core.internal.embedder.MavenImpl.getConfiguredMojo(MavenImpl.java:210)
	at org.eclipse.m2e.mavenarchiver.internal.AbstractMavenArchiverConfigurator.reflectManifestGeneration(AbstractMavenArchiverConfigurator.java:440)
	at org.eclipse.m2e.mavenarchiver.internal.AbstractMavenArchiverConfigurator.lambda$3(AbstractMavenArchiverConfigurator.java:399)
	at org.eclipse.m2e.core.internal.embedder.MavenExecutionContext.executeBare(MavenExecutionContext.java:394)
	at org.eclipse.m2e.core.internal.embedder.MavenExecutionContext.execute(MavenExecutionContext.java:275)
	at org.eclipse.m2e.core.internal.embedder.MavenExecutionContext.execute(MavenExecutionContext.java:214)
	at org.eclipse.m2e.mavenarchiver.internal.AbstractMavenArchiverConfigurator.generateManifest(AbstractMavenArchiverConfigurator.java:372)
	at org.eclipse.m2e.mavenarchiver.internal.AbstractMavenArchiverConfigurator.mavenProjectChanged(AbstractMavenArchiverConfigurator.java:229)
	at org.eclipse.m2e.wtp.mavenarchiver.AbstractWTPArchiverConfigurator.mavenProjectChanged(AbstractWTPArchiverConfigurator.java:56)
	at org.eclipse.m2e.core.internal.project.ProjectConfigurationManager.mavenProjectChanged(ProjectConfigurationManager.java:883)
	at org.eclipse.m2e.core.internal.project.registry.ProjectRegistryManager.notifyProjectChangeListeners(ProjectRegistryManager.java:851)
	at org.eclipse.m2e.core.internal.project.registry.ProjectRegistryManager.applyMutableProjectRegistry(ProjectRegistryManager.java:1004)
	at org.eclipse.m2e.core.internal.project.registry.ProjectRegistryManager.refresh(ProjectRegistryManager.java:316)
	at org.eclipse.m2e.core.internal.project.ProjectConfigurationManager.configureNewMavenProjects(ProjectConfigurationManager.java:256)
	at org.eclipse.m2e.core.internal.project.ProjectConfigurationManager$1.run(ProjectConfigurationManager.java:524)
	at org.eclipse.m2e.core.internal.embedder.AbstractRunnable.call(AbstractRunnable.java:29)
	at org.eclipse.m2e.core.internal.embedder.AbstractRunnable.call(AbstractRunnable.java:1)
	at org.eclipse.m2e.core.internal.embedder.MavenExecutionContext.executeBare(MavenExecutionContext.java:394)
	at org.eclipse.m2e.core.internal.embedder.MavenExecutionContext.execute(MavenExecutionContext.java:275)
	at org.eclipse.m2e.core.internal.embedder.MavenExecutionContext.execute(MavenExecutionContext.java:214)
	at org.eclipse.m2e.core.internal.project.ProjectConfigurationManager.enableMavenNature(ProjectConfigurationManager.java:520)
	at org.eclipse.m2e.core.internal.project.ProjectConfigurationManager.createSimpleProject(ProjectConfigurationManager.java:710)
	at org.eclipse.m2e.core.ui.internal.wizards.MavenProjectWizard$2.doCreateMavenProjects(MavenProjectWizard.java:226)
	at org.eclipse.m2e.core.ui.internal.wizards.AbstractCreateMavenProjectJob$1.doCreateMavenProjects(AbstractCreateMavenProjectJob.java:51)
	at org.eclipse.m2e.core.ui.internal.wizards.AbstractCreateMavenProjectsOperation.run(AbstractCreateMavenProjectsOperation.java:56)
	at org.eclipse.m2e.core.ui.internal.wizards.AbstractCreateMavenProjectJob.runInWorkspace(AbstractCreateMavenProjectJob.java:55)
	at org.eclipse.core.internal.resources.InternalWorkspaceJob.run(InternalWorkspaceJob.java:43)
	at org.eclipse.core.internal.jobs.Worker.run(Worker.java:63)
Caused by: java.lang.ExceptionInInitializerError: Cannot access defaults field of Properties
	at com.thoughtworks.xstream.converters.collections.PropertiesConverter.<clinit>(PropertiesConverter.java:46)
	at com.thoughtworks.xstream.XStream.setupConverters(XStream.java:647)
	at com.thoughtworks.xstream.XStream.<init>(XStream.java:445)
	at com.thoughtworks.xstream.XStream.<init>(XStream.java:385)
	at com.thoughtworks.xstream.XStream.<init>(XStream.java:342)
	at org.apache.maven.plugin.war.util.WebappStructureSerializer.<clinit>(WebappStructureSerializer.java:47)
	at org.apache.maven.plugin.war.AbstractWarMojo.<init>(AbstractWarMojo.java:316)
	at org.apache.maven.plugin.war.WarMojo.<init>(WarMojo.java:49)
	at java.base/jdk.internal.reflect.NativeConstructorAccessorImpl.newInstance0(Native Method)
	at java.base/jdk.internal.reflect.NativeConstructorAccessorImpl.newInstance(NativeConstructorAccessorImpl.java:77)
	at java.base/jdk.internal.reflect.DelegatingConstructorAccessorImpl.newInstance(DelegatingConstructorAccessorImpl.java:45)
	at java.base/java.lang.reflect.Constructor.newInstanceWithCaller(Constructor.java:499)
	at java.base/java.lang.reflect.Constructor.newInstance(Constructor.java:480)
	at com.google.inject.internal.DefaultConstructionProxyFactory$ReflectiveProxy.newInstance(DefaultConstructionProxyFactory.java:126)
	at com.google.inject.internal.ConstructorInjector.provision(ConstructorInjector.java:114)
	at com.google.inject.internal.ConstructorInjector.access$000(ConstructorInjector.java:32)
	at com.google.inject.internal.ConstructorInjector$1.call(ConstructorInjector.java:98)
	at com.google.inject.internal.ProvisionListenerStackCallback$Provision.provision(ProvisionListenerStackCallback.java:112)
	at com.google.inject.internal.ProvisionListenerStackCallback$Provision.provision(ProvisionListenerStackCallback.java:127)
	at com.google.inject.internal.ProvisionListenerStackCallback.provision(ProvisionListenerStackCallback.java:66)
	at com.google.inject.internal.ConstructorInjector.construct(ConstructorInjector.java:93)
	at com.google.inject.internal.ConstructorBindingImpl$Factory.get(ConstructorBindingImpl.java:306)
	at com.google.inject.internal.InjectorImpl$1.get(InjectorImpl.java:1050)
	... 45 common frames omitted
2025-12-09 14:38:27,481 [Worker-29: Creating project "MyRegistrationDemo1"] INFO  o.e.m.j.i.AbstractJavaProjectConfigurator - Adding source folder /MyRegistrationDemo1/src/main/java
2025-12-09 14:38:27,481 [Worker-29: Creating project "MyRegistrationDemo1"] INFO  o.e.m.j.i.AbstractJavaProjectConfigurator - Adding resource folder /MyRegistrationDemo1/src/main/resources
2025-12-09 14:38:27,482 [Worker-29: Creating project "MyRegistrationDemo1"] INFO  o.e.m.j.i.AbstractJavaProjectConfigurator - Adding source folder /MyRegistrationDemo1/src/test/java
2025-12-09 14:38:27,482 [Worker-29: Creating project "MyRegistrationDemo1"] INFO  o.e.m.j.i.AbstractJavaProjectConfigurator - Adding resource folder /MyRegistrationDemo1/src/test/resources
2025-12-09 14:38:28,529 [Worker-27: Building] WARN  o.e.m.c.i.embedder.EclipseLogger - Using platform encoding (Cp1252 actually) to copy filtered resources, i.e. build is platform dependent!
2025-12-09 14:38:28,531 [Worker-27: Building] INFO  o.e.m.c.i.embedder.EclipseLogger - Copying 0 resource
2025-12-09 14:38:28,535 [Worker-27: Building] WARN  o.e.m.c.i.embedder.EclipseLogger - Using platform encoding (Cp1252 actually) to copy filtered resources, i.e. build is platform dependent!
2025-12-09 14:38:28,536 [Worker-27: Building] INFO  o.e.m.c.i.embedder.EclipseLogger - Copying 0 resource
2025-12-09 14:38:28,812 [Worker-27: Building] WARN  Sisu - Error injecting: org.apache.maven.plugin.war.WarMojo
com.google.inject.ProvisionException: Unable to provision, see the following errors:

1) Error injecting constructor, java.lang.ExceptionInInitializerError: Cannot access defaults field of Properties
  at org.apache.maven.plugin.war.WarMojo.<init>(Unknown Source)
  while locating org.apache.maven.plugin.war.WarMojo

1 error
	at com.google.inject.internal.InternalProvisionException.toProvisionException(InternalProvisionException.java:226)
	at com.google.inject.internal.InjectorImpl$1.get(InjectorImpl.java:1053)
	at com.google.inject.internal.InjectorImpl.getInstance(InjectorImpl.java:1086)
	at org.eclipse.sisu.space.AbstractDeferredClass.get(AbstractDeferredClass.java:48)
	at com.google.inject.internal.ProviderInternalFactory.provision(ProviderInternalFactory.java:85)
	at com.google.inject.internal.InternalFactoryToInitializableAdapter.provision(InternalFactoryToInitializableAdapter.java:57)
	at com.google.inject.internal.ProviderInternalFactory$1.call(ProviderInternalFactory.java:66)
	at com.google.inject.internal.ProvisionListenerStackCallback$Provision.provision(ProvisionListenerStackCallback.java:112)
	at com.google.inject.internal.ProvisionListenerStackCallback$Provision.provision(ProvisionListenerStackCallback.java:127)
	at com.google.inject.internal.ProvisionListenerStackCallback.provision(ProvisionListenerStackCallback.java:66)
	at com.google.inject.internal.ProviderInternalFactory.circularGet(ProviderInternalFactory.java:61)
	at com.google.inject.internal.InternalFactoryToInitializableAdapter.get(InternalFactoryToInitializableAdapter.java:47)
	at com.google.inject.internal.InjectorImpl$1.get(InjectorImpl.java:1050)
	at org.eclipse.sisu.inject.Guice4$1.get(Guice4.java:162)
	at org.eclipse.sisu.inject.LazyBeanEntry.getValue(LazyBeanEntry.java:81)
	at org.eclipse.sisu.plexus.LazyPlexusBean.getValue(LazyPlexusBean.java:51)
	at org.codehaus.plexus.DefaultPlexusContainer.lookup(DefaultPlexusContainer.java:263)
	at org.codehaus.plexus.DefaultPlexusContainer.lookup(DefaultPlexusContainer.java:255)
	at org.apache.maven.plugin.internal.DefaultMavenPluginManager.getConfiguredMojo(DefaultMavenPluginManager.java:520)
	at org.eclipse.m2e.core.internal.embedder.MavenImpl.getConfiguredMojo(MavenImpl.java:210)
	at org.eclipse.m2e.mavenarchiver.internal.AbstractMavenArchiverConfigurator.reflectManifestGeneration(AbstractMavenArchiverConfigurator.java:440)
	at org.eclipse.m2e.mavenarchiver.internal.AbstractMavenArchiverConfigurator.lambda$3(AbstractMavenArchiverConfigurator.java:399)
	at org.eclipse.m2e.core.internal.embedder.MavenExecutionContext.executeBare(MavenExecutionContext.java:394)
	at org.eclipse.m2e.core.internal.embedder.MavenExecutionContext.execute(MavenExecutionContext.java:275)
	at org.eclipse.m2e.core.internal.embedder.MavenExecutionContext.execute(MavenExecutionContext.java:214)
	at org.eclipse.m2e.mavenarchiver.internal.AbstractMavenArchiverConfigurator.generateManifest(AbstractMavenArchiverConfigurator.java:372)
	at org.eclipse.m2e.mavenarchiver.internal.AbstractMavenArchiverConfigurator.mavenProjectChanged(AbstractMavenArchiverConfigurator.java:229)
	at org.eclipse.m2e.mavenarchiver.internal.AbstractMavenArchiverConfigurator$1.build(AbstractMavenArchiverConfigurator.java:179)
	at org.eclipse.m2e.core.internal.builder.MavenBuilderImpl.lambda$1(MavenBuilderImpl.java:139)
	at java.base/java.util.LinkedHashMap.forEach(LinkedHashMap.java:721)
	at org.eclipse.m2e.core.internal.builder.MavenBuilderImpl.build(MavenBuilderImpl.java:122)
	at org.eclipse.m2e.core.internal.builder.MavenBuilder$1.method(MavenBuilder.java:164)
	at org.eclipse.m2e.core.internal.builder.MavenBuilder$1.method(MavenBuilder.java:1)
	at org.eclipse.m2e.core.internal.builder.MavenBuilder$BuildMethod.lambda$1(MavenBuilder.java:109)
	at org.eclipse.m2e.core.internal.embedder.MavenExecutionContext.executeBare(MavenExecutionContext.java:394)
	at org.eclipse.m2e.core.internal.embedder.MavenExecutionContext.execute(MavenExecutionContext.java:228)
	at org.eclipse.m2e.core.internal.builder.MavenBuilder$BuildMethod.lambda$0(MavenBuilder.java:100)
	at org.eclipse.m2e.core.internal.embedder.MavenExecutionContext.executeBare(MavenExecutionContext.java:394)
	at org.eclipse.m2e.core.internal.embedder.MavenExecutionContext.execute(MavenExecutionContext.java:275)
	at org.eclipse.m2e.core.internal.embedder.MavenExecutionContext.execute(MavenExecutionContext.java:214)
	at org.eclipse.m2e.core.internal.builder.MavenBuilder$BuildMethod.execute(MavenBuilder.java:83)
	at org.eclipse.m2e.core.internal.builder.MavenBuilder.build(MavenBuilder.java:192)
	at org.eclipse.core.internal.events.BuildManager$2.run(BuildManager.java:1020)
	at org.eclipse.core.runtime.SafeRunner.run(SafeRunner.java:45)
	at org.eclipse.core.internal.events.BuildManager.basicBuild(BuildManager.java:247)
	at org.eclipse.core.internal.events.BuildManager.basicBuild(BuildManager.java:303)
	at org.eclipse.core.internal.events.BuildManager$1.run(BuildManager.java:392)
	at org.eclipse.core.runtime.SafeRunner.run(SafeRunner.java:45)
	at org.eclipse.core.internal.events.BuildManager.basicBuild(BuildManager.java:395)
	at org.eclipse.core.internal.events.BuildManager.basicBuildLoop(BuildManager.java:506)
	at org.eclipse.core.internal.events.BuildManager.basicBuildLoop(BuildManager.java:454)
	at org.eclipse.core.internal.events.BuildManager.build(BuildManager.java:536)
	at org.eclipse.core.internal.events.AutoBuildJob.doBuild(AutoBuildJob.java:196)
	at org.eclipse.core.internal.events.AutoBuildJob.run(AutoBuildJob.java:289)
	at org.eclipse.core.internal.jobs.Worker.run(Worker.java:63)
Caused by: java.lang.ExceptionInInitializerError: Cannot access defaults field of Properties
	at com.thoughtworks.xstream.converters.collections.PropertiesConverter.<clinit>(PropertiesConverter.java:46)
	at com.thoughtworks.xstream.XStream.setupConverters(XStream.java:647)
	at com.thoughtworks.xstream.XStream.<init>(XStream.java:445)
	at com.thoughtworks.xstream.XStream.<init>(XStream.java:385)
	at com.thoughtworks.xstream.XStream.<init>(XStream.java:342)
	at org.apache.maven.plugin.war.util.WebappStructureSerializer.<clinit>(WebappStructureSerializer.java:47)
	at org.apache.maven.plugin.war.AbstractWarMojo.<init>(AbstractWarMojo.java:316)
	at org.apache.maven.plugin.war.WarMojo.<init>(WarMojo.java:49)
	at java.base/jdk.internal.reflect.NativeConstructorAccessorImpl.newInstance0(Native Method)
	at java.base/jdk.internal.reflect.NativeConstructorAccessorImpl.newInstance(NativeConstructorAccessorImpl.java:77)
	at java.base/jdk.internal.reflect.DelegatingConstructorAccessorImpl.newInstance(DelegatingConstructorAccessorImpl.java:45)
	at java.base/java.lang.reflect.Constructor.newInstanceWithCaller(Constructor.java:499)
	at java.base/java.lang.reflect.Constructor.newInstance(Constructor.java:480)
	at com.google.inject.internal.DefaultConstructionProxyFactory$ReflectiveProxy.newInstance(DefaultConstructionProxyFactory.java:126)
	at com.google.inject.internal.ConstructorInjector.provision(ConstructorInjector.java:114)
	at com.google.inject.internal.ConstructorInjector.access$000(ConstructorInjector.java:32)
	at com.google.inject.internal.ConstructorInjector$1.call(ConstructorInjector.java:98)
	at com.google.inject.internal.ProvisionListenerStackCallback$Provision.provision(ProvisionListenerStackCallback.java:112)
	at com.google.inject.internal.ProvisionListenerStackCallback$Provision.provision(ProvisionListenerStackCallback.java:127)
	at com.google.inject.internal.ProvisionListenerStackCallback.provision(ProvisionListenerStackCallback.java:66)
	at com.google.inject.internal.ConstructorInjector.construct(ConstructorInjector.java:93)
	at com.google.inject.internal.ConstructorBindingImpl$Factory.get(ConstructorBindingImpl.java:306)
	at com.google.inject.internal.InjectorImpl$1.get(InjectorImpl.java:1050)
	... 53 common frames omitted
2025-12-09 14:38:31,665 [Worker-30: Building] WARN  o.e.m.c.i.embedder.EclipseLogger - Using platform encoding (Cp1252 actually) to copy filtered resources, i.e. build is platform dependent!
2025-12-09 14:38:31,666 [Worker-30: Building] INFO  o.e.m.c.i.embedder.EclipseLogger - Copying 0 resource
2025-12-09 14:38:31,668 [Worker-30: Building] WARN  o.e.m.c.i.embedder.EclipseLogger - Using platform encoding (Cp1252 actually) to copy filtered resources, i.e. build is platform dependent!
2025-12-09 14:38:31,670 [Worker-30: Building] INFO  o.e.m.c.i.embedder.EclipseLogger - Copying 0 resource
2025-12-09 14:38:31,673 [Worker-30: Building] WARN  Sisu - Error injecting: org.apache.maven.plugin.war.WarMojo
com.google.inject.ProvisionException: Unable to provision, see the following errors:

1) Error injecting constructor, java.lang.NoClassDefFoundError: Could not initialize class org.apache.maven.plugin.war.util.WebappStructureSerializer
  at org.apache.maven.plugin.war.WarMojo.<init>(Unknown Source)
  while locating org.apache.maven.plugin.war.WarMojo

1 error
	at com.google.inject.internal.InternalProvisionException.toProvisionException(InternalProvisionException.java:226)
	at com.google.inject.internal.InjectorImpl$1.get(InjectorImpl.java:1053)
	at com.google.inject.internal.InjectorImpl.getInstance(InjectorImpl.java:1086)
	at org.eclipse.sisu.space.AbstractDeferredClass.get(AbstractDeferredClass.java:48)
	at com.google.inject.internal.ProviderInternalFactory.provision(ProviderInternalFactory.java:85)
	at com.google.inject.internal.InternalFactoryToInitializableAdapter.provision(InternalFactoryToInitializableAdapter.java:57)
	at com.google.inject.internal.ProviderInternalFactory$1.call(ProviderInternalFactory.java:66)
	at com.google.inject.internal.ProvisionListenerStackCallback$Provision.provision(ProvisionListenerStackCallback.java:112)
	at com.google.inject.internal.ProvisionListenerStackCallback$Provision.provision(ProvisionListenerStackCallback.java:127)
	at com.google.inject.internal.ProvisionListenerStackCallback.provision(ProvisionListenerStackCallback.java:66)
	at com.google.inject.internal.ProviderInternalFactory.circularGet(ProviderInternalFactory.java:61)
	at com.google.inject.internal.InternalFactoryToInitializableAdapter.get(InternalFactoryToInitializableAdapter.java:47)
	at com.google.inject.internal.InjectorImpl$1.get(InjectorImpl.java:1050)
	at org.eclipse.sisu.inject.Guice4$1.get(Guice4.java:162)
	at org.eclipse.sisu.inject.LazyBeanEntry.getValue(LazyBeanEntry.java:81)
	at org.eclipse.sisu.plexus.LazyPlexusBean.getValue(LazyPlexusBean.java:51)
	at org.codehaus.plexus.DefaultPlexusContainer.lookup(DefaultPlexusContainer.java:263)
	at org.codehaus.plexus.DefaultPlexusContainer.lookup(DefaultPlexusContainer.java:255)
	at org.apache.maven.plugin.internal.DefaultMavenPluginManager.getConfiguredMojo(DefaultMavenPluginManager.java:520)
	at org.eclipse.m2e.core.internal.embedder.MavenImpl.getConfiguredMojo(MavenImpl.java:210)
	at org.eclipse.m2e.mavenarchiver.internal.AbstractMavenArchiverConfigurator.reflectManifestGeneration(AbstractMavenArchiverConfigurator.java:440)
	at org.eclipse.m2e.mavenarchiver.internal.AbstractMavenArchiverConfigurator.lambda$3(AbstractMavenArchiverConfigurator.java:399)
	at org.eclipse.m2e.core.internal.embedder.MavenExecutionContext.executeBare(MavenExecutionContext.java:394)
	at org.eclipse.m2e.core.internal.embedder.MavenExecutionContext.execute(MavenExecutionContext.java:275)
	at org.eclipse.m2e.core.internal.embedder.MavenExecutionContext.execute(MavenExecutionContext.java:214)
	at org.eclipse.m2e.mavenarchiver.internal.AbstractMavenArchiverConfigurator.generateManifest(AbstractMavenArchiverConfigurator.java:372)
	at org.eclipse.m2e.mavenarchiver.internal.AbstractMavenArchiverConfigurator.mavenProjectChanged(AbstractMavenArchiverConfigurator.java:229)
	at org.eclipse.m2e.mavenarchiver.internal.AbstractMavenArchiverConfigurator$1.build(AbstractMavenArchiverConfigurator.java:179)
	at org.eclipse.m2e.core.internal.builder.MavenBuilderImpl.lambda$1(MavenBuilderImpl.java:139)
	at java.base/java.util.LinkedHashMap.forEach(LinkedHashMap.java:721)
	at org.eclipse.m2e.core.internal.builder.MavenBuilderImpl.build(MavenBuilderImpl.java:122)
	at org.eclipse.m2e.core.internal.builder.MavenBuilder$1.method(MavenBuilder.java:164)
	at org.eclipse.m2e.core.internal.builder.MavenBuilder$1.method(MavenBuilder.java:1)
	at org.eclipse.m2e.core.internal.builder.MavenBuilder$BuildMethod.lambda$1(MavenBuilder.java:109)
	at org.eclipse.m2e.core.internal.embedder.MavenExecutionContext.executeBare(MavenExecutionContext.java:394)
	at org.eclipse.m2e.core.internal.embedder.MavenExecutionContext.execute(MavenExecutionContext.java:228)
	at org.eclipse.m2e.core.internal.builder.MavenBuilder$BuildMethod.lambda$0(MavenBuilder.java:100)
	at org.eclipse.m2e.core.internal.embedder.MavenExecutionContext.executeBare(MavenExecutionContext.java:394)
	at org.eclipse.m2e.core.internal.embedder.MavenExecutionContext.execute(MavenExecutionContext.java:275)
	at org.eclipse.m2e.core.internal.embedder.MavenExecutionContext.execute(MavenExecutionContext.java:214)
	at org.eclipse.m2e.core.internal.builder.MavenBuilder$BuildMethod.execute(MavenBuilder.java:83)
	at org.eclipse.m2e.core.internal.builder.MavenBuilder.build(MavenBuilder.java:192)
	at org.eclipse.core.internal.events.BuildManager$2.run(BuildManager.java:1020)
	at org.eclipse.core.runtime.SafeRunner.run(SafeRunner.java:45)
	at org.eclipse.core.internal.events.BuildManager.basicBuild(BuildManager.java:247)
	at org.eclipse.core.internal.events.BuildManager.basicBuild(BuildManager.java:303)
	at org.eclipse.core.internal.events.BuildManager$1.run(BuildManager.java:392)
	at org.eclipse.core.runtime.SafeRunner.run(SafeRunner.java:45)
	at org.eclipse.core.internal.events.BuildManager.basicBuild(BuildManager.java:395)
	at org.eclipse.core.internal.events.BuildManager.basicBuildLoop(BuildManager.java:506)
	at org.eclipse.core.internal.events.BuildManager.basicBuildLoop(BuildManager.java:454)
	at org.eclipse.core.internal.events.BuildManager.build(BuildManager.java:536)
	at org.eclipse.core.internal.events.AutoBuildJob.doBuild(AutoBuildJob.java:196)
	at org.eclipse.core.internal.events.AutoBuildJob.run(AutoBuildJob.java:289)
	at org.eclipse.core.internal.jobs.Worker.run(Worker.java:63)
Caused by: java.lang.NoClassDefFoundError: Could not initialize class org.apache.maven.plugin.war.util.WebappStructureSerializer
	at org.apache.maven.plugin.war.AbstractWarMojo.<init>(AbstractWarMojo.java:316)
	at org.apache.maven.plugin.war.WarMojo.<init>(WarMojo.java:49)
	at java.base/jdk.internal.reflect.NativeConstructorAccessorImpl.newInstance0(Native Method)
	at java.base/jdk.internal.reflect.NativeConstructorAccessorImpl.newInstance(NativeConstructorAccessorImpl.java:77)
	at java.base/jdk.internal.reflect.DelegatingConstructorAccessorImpl.newInstance(DelegatingConstructorAccessorImpl.java:45)
	at java.base/java.lang.reflect.Constructor.newInstanceWithCaller(Constructor.java:499)
	at java.base/java.lang.reflect.Constructor.newInstance(Constructor.java:480)
	at com.google.inject.internal.DefaultConstructionProxyFactory$ReflectiveProxy.newInstance(DefaultConstructionProxyFactory.java:126)
	at com.google.inject.internal.ConstructorInjector.provision(ConstructorInjector.java:114)
	at com.google.inject.internal.ConstructorInjector.access$000(ConstructorInjector.java:32)
	at com.google.inject.internal.ConstructorInjector$1.call(ConstructorInjector.java:98)
	at com.google.inject.internal.ProvisionListenerStackCallback$Provision.provision(ProvisionListenerStackCallback.java:112)
	at com.google.inject.internal.ProvisionListenerStackCallback$Provision.provision(ProvisionListenerStackCallback.java:127)
	at com.google.inject.internal.ProvisionListenerStackCallback.provision(ProvisionListenerStackCallback.java:66)
	at com.google.inject.internal.ConstructorInjector.construct(ConstructorInjector.java:93)
	at com.google.inject.internal.ConstructorBindingImpl$Factory.get(ConstructorBindingImpl.java:306)
	at com.google.inject.internal.InjectorImpl$1.get(InjectorImpl.java:1050)
	... 53 common frames omitted
2025-12-09 14:39:00,420 [Worker-29: Building] WARN  o.e.m.c.i.embedder.EclipseLogger - Using platform encoding (Cp1252 actually) to copy filtered resources, i.e. build is platform dependent!
2025-12-09 14:39:00,422 [Worker-29: Building] INFO  o.e.m.c.i.embedder.EclipseLogger - Copying 0 resource
2025-12-09 14:39:00,426 [Worker-29: Building] WARN  o.e.m.c.i.embedder.EclipseLogger - Using platform encoding (Cp1252 actually) to copy filtered resources, i.e. build is platform dependent!
2025-12-09 14:39:00,427 [Worker-29: Building] INFO  o.e.m.c.i.embedder.EclipseLogger - Copying 0 resource
2025-12-09 14:39:00,432 [Worker-29: Building] WARN  Sisu - Error injecting: org.apache.maven.plugin.war.WarMojo
com.google.inject.ProvisionException: Unable to provision, see the following errors:

1) Error injecting constructor, java.lang.NoClassDefFoundError: Could not initialize class org.apache.maven.plugin.war.util.WebappStructureSerializer
  at org.apache.maven.plugin.war.WarMojo.<init>(Unknown Source)
  while locating org.apache.maven.plugin.war.WarMojo

1 error
	at com.google.inject.internal.InternalProvisionException.toProvisionException(InternalProvisionException.java:226)
	at com.google.inject.internal.InjectorImpl$1.get(InjectorImpl.java:1053)
	at com.google.inject.internal.InjectorImpl.getInstance(InjectorImpl.java:1086)
	at org.eclipse.sisu.space.AbstractDeferredClass.get(AbstractDeferredClass.java:48)
	at com.google.inject.internal.ProviderInternalFactory.provision(ProviderInternalFactory.java:85)
	at com.google.inject.internal.InternalFactoryToInitializableAdapter.provision(InternalFactoryToInitializableAdapter.java:57)
	at com.google.inject.internal.ProviderInternalFactory$1.call(ProviderInternalFactory.java:66)
	at com.google.inject.internal.ProvisionListenerStackCallback$Provision.provision(ProvisionListenerStackCallback.java:112)
	at com.google.inject.internal.ProvisionListenerStackCallback$Provision.provision(ProvisionListenerStackCallback.java:127)
	at com.google.inject.internal.ProvisionListenerStackCallback.provision(ProvisionListenerStackCallback.java:66)
	at com.google.inject.internal.ProviderInternalFactory.circularGet(ProviderInternalFactory.java:61)
	at com.google.inject.internal.InternalFactoryToInitializableAdapter.get(InternalFactoryToInitializableAdapter.java:47)
	at com.google.inject.internal.InjectorImpl$1.get(InjectorImpl.java:1050)
	at org.eclipse.sisu.inject.Guice4$1.get(Guice4.java:162)
	at org.eclipse.sisu.inject.LazyBeanEntry.getValue(LazyBeanEntry.java:81)
	at org.eclipse.sisu.plexus.LazyPlexusBean.getValue(LazyPlexusBean.java:51)
	at org.codehaus.plexus.DefaultPlexusContainer.lookup(DefaultPlexusContainer.java:263)
	at org.codehaus.plexus.DefaultPlexusContainer.lookup(DefaultPlexusContainer.java:255)
	at org.apache.maven.plugin.internal.DefaultMavenPluginManager.getConfiguredMojo(DefaultMavenPluginManager.java:520)
	at org.eclipse.m2e.core.internal.embedder.MavenImpl.getConfiguredMojo(MavenImpl.java:210)
	at org.eclipse.m2e.mavenarchiver.internal.AbstractMavenArchiverConfigurator.reflectManifestGeneration(AbstractMavenArchiverConfigurator.java:440)
	at org.eclipse.m2e.mavenarchiver.internal.AbstractMavenArchiverConfigurator.lambda$3(AbstractMavenArchiverConfigurator.java:399)
	at org.eclipse.m2e.core.internal.embedder.MavenExecutionContext.executeBare(MavenExecutionContext.java:394)
	at org.eclipse.m2e.core.internal.embedder.MavenExecutionContext.execute(MavenExecutionContext.java:275)
	at org.eclipse.m2e.core.internal.embedder.MavenExecutionContext.execute(MavenExecutionContext.java:214)
	at org.eclipse.m2e.mavenarchiver.internal.AbstractMavenArchiverConfigurator.generateManifest(AbstractMavenArchiverConfigurator.java:372)
	at org.eclipse.m2e.mavenarchiver.internal.AbstractMavenArchiverConfigurator.mavenProjectChanged(AbstractMavenArchiverConfigurator.java:229)
	at org.eclipse.m2e.mavenarchiver.internal.AbstractMavenArchiverConfigurator$1.build(AbstractMavenArchiverConfigurator.java:179)
	at org.eclipse.m2e.core.internal.builder.MavenBuilderImpl.lambda$1(MavenBuilderImpl.java:139)
	at java.base/java.util.LinkedHashMap.forEach(LinkedHashMap.java:721)
	at org.eclipse.m2e.core.internal.builder.MavenBuilderImpl.build(MavenBuilderImpl.java:122)
	at org.eclipse.m2e.core.internal.builder.MavenBuilder$1.method(MavenBuilder.java:164)
	at org.eclipse.m2e.core.internal.builder.MavenBuilder$1.method(MavenBuilder.java:1)
	at org.eclipse.m2e.core.internal.builder.MavenBuilder$BuildMethod.lambda$1(MavenBuilder.java:109)
	at org.eclipse.m2e.core.internal.embedder.MavenExecutionContext.executeBare(MavenExecutionContext.java:394)
	at org.eclipse.m2e.core.internal.embedder.MavenExecutionContext.execute(MavenExecutionContext.java:228)
	at org.eclipse.m2e.core.internal.builder.MavenBuilder$BuildMethod.lambda$0(MavenBuilder.java:100)
	at org.eclipse.m2e.core.internal.embedder.MavenExecutionContext.executeBare(MavenExecutionContext.java:394)
	at org.eclipse.m2e.core.internal.embedder.MavenExecutionContext.execute(MavenExecutionContext.java:275)
	at org.eclipse.m2e.core.internal.embedder.MavenExecutionContext.execute(MavenExecutionContext.java:214)
	at org.eclipse.m2e.core.internal.builder.MavenBuilder$BuildMethod.execute(MavenBuilder.java:83)
	at org.eclipse.m2e.core.internal.builder.MavenBuilder.build(MavenBuilder.java:192)
	at org.eclipse.core.internal.events.BuildManager$2.run(BuildManager.java:1020)
	at org.eclipse.core.runtime.SafeRunner.run(SafeRunner.java:45)
	at org.eclipse.core.internal.events.BuildManager.basicBuild(BuildManager.java:247)
	at org.eclipse.core.internal.events.BuildManager.basicBuild(BuildManager.java:303)
	at org.eclipse.core.internal.events.BuildManager$1.run(BuildManager.java:392)
	at org.eclipse.core.runtime.SafeRunner.run(SafeRunner.java:45)
	at org.eclipse.core.internal.events.BuildManager.basicBuild(BuildManager.java:395)
	at org.eclipse.core.internal.events.BuildManager.basicBuildLoop(BuildManager.java:506)
	at org.eclipse.core.internal.events.BuildManager.basicBuildLoop(BuildManager.java:454)
	at org.eclipse.core.internal.events.BuildManager.build(BuildManager.java:536)
	at org.eclipse.core.internal.events.AutoBuildJob.doBuild(AutoBuildJob.java:196)
	at org.eclipse.core.internal.events.AutoBuildJob.run(AutoBuildJob.java:289)
	at org.eclipse.core.internal.jobs.Worker.run(Worker.java:63)
Caused by: java.lang.NoClassDefFoundError: Could not initialize class org.apache.maven.plugin.war.util.WebappStructureSerializer
	at org.apache.maven.plugin.war.AbstractWarMojo.<init>(AbstractWarMojo.java:316)
	at org.apache.maven.plugin.war.WarMojo.<init>(WarMojo.java:49)
	at java.base/jdk.internal.reflect.NativeConstructorAccessorImpl.newInstance0(Native Method)
	at java.base/jdk.internal.reflect.NativeConstructorAccessorImpl.newInstance(NativeConstructorAccessorImpl.java:77)
	at java.base/jdk.internal.reflect.DelegatingConstructorAccessorImpl.newInstance(DelegatingConstructorAccessorImpl.java:45)
	at java.base/java.lang.reflect.Constructor.newInstanceWithCaller(Constructor.java:499)
	at java.base/java.lang.reflect.Constructor.newInstance(Constructor.java:480)
	at com.google.inject.internal.DefaultConstructionProxyFactory$ReflectiveProxy.newInstance(DefaultConstructionProxyFactory.java:126)
	at com.google.inject.internal.ConstructorInjector.provision(ConstructorInjector.java:114)
	at com.google.inject.internal.ConstructorInjector.access$000(ConstructorInjector.java:32)
	at com.google.inject.internal.ConstructorInjector$1.call(ConstructorInjector.java:98)
	at com.google.inject.internal.ProvisionListenerStackCallback$Provision.provision(ProvisionListenerStackCallback.java:112)
	at com.google.inject.internal.ProvisionListenerStackCallback$Provision.provision(ProvisionListenerStackCallback.java:127)
	at com.google.inject.internal.ProvisionListenerStackCallback.provision(ProvisionListenerStackCallback.java:66)
	at com.google.inject.internal.ConstructorInjector.construct(ConstructorInjector.java:93)
	at com.google.inject.internal.ConstructorBindingImpl$Factory.get(ConstructorBindingImpl.java:306)
	at com.google.inject.internal.InjectorImpl$1.get(InjectorImpl.java:1050)
	... 53 common frames omitted
2025-12-09 14:39:43,726 [Worker-30: Building] INFO  o.e.m.c.i.l.LifecycleMappingFactory - Using org.maven.ide.eclipse.wtp.WarLifecycleMapping lifecycle mapping for MavenProject: com.demo:MyRegistrationDemo1:0.0.1-SNAPSHOT @ C:\Users\IET\Desktop\VipulPriyanka\Web_Based_ Java\Day15 Spring\MyRegistrationDemo1\pom.xml.
2025-12-09 14:39:43,850 [Worker-30: Building] WARN  o.e.m.c.i.embedder.EclipseLogger - Using platform encoding (Cp1252 actually) to copy filtered resources, i.e. build is platform dependent!
2025-12-09 14:39:43,851 [Worker-30: Building] INFO  o.e.m.c.i.embedder.EclipseLogger - Copying 0 resource
2025-12-09 14:39:43,854 [Worker-30: Building] WARN  o.e.m.c.i.embedder.EclipseLogger - Using platform encoding (Cp1252 actually) to copy filtered resources, i.e. build is platform dependent!
2025-12-09 14:39:43,855 [Worker-30: Building] INFO  o.e.m.c.i.embedder.EclipseLogger - Copying 0 resource
2025-12-09 14:39:43,855 [Worker-30: Building] INFO  o.e.m.w.i.f.ResourceFilteringBuildParticipant - Changed resources require a complete clean of filtered resources of MyRegistrationDemo1
2025-12-09 14:39:43,856 [Worker-30: Building] INFO  o.e.m.w.i.f.ResourceFilteringBuildParticipant - Executing resource filtering for MyRegistrationDemo1
2025-12-09 14:39:45,356 [Worker-29: Updating Maven Project] INFO  o.e.m.c.i.p.ProjectConfigurationManager - Update started
2025-12-09 14:39:45,879 [Worker-29: Updating Maven Project] INFO  o.e.m.c.i.l.LifecycleMappingFactory - Using org.maven.ide.eclipse.wtp.WarLifecycleMapping lifecycle mapping for MavenProject: com.demo:MyRegistrationDemo1:0.0.1-SNAPSHOT @ C:\Users\IET\Desktop\VipulPriyanka\Web_Based_ Java\Day15 Spring\MyRegistrationDemo1\pom.xml.
2025-12-09 14:39:49,119 [Worker-29: Updating Maven Project] INFO  o.e.m.j.i.AbstractJavaProjectConfigurator - Adding source folder /MyRegistrationDemo1/src/main/java
2025-12-09 14:39:49,119 [Worker-29: Updating Maven Project] INFO  o.e.m.j.i.AbstractJavaProjectConfigurator - Adding resource folder /MyRegistrationDemo1/src/main/resources
2025-12-09 14:39:49,120 [Worker-29: Updating Maven Project] INFO  o.e.m.j.i.AbstractJavaProjectConfigurator - Adding source folder /MyRegistrationDemo1/src/test/java
2025-12-09 14:39:49,120 [Worker-29: Updating Maven Project] INFO  o.e.m.j.i.AbstractJavaProjectConfigurator - Adding resource folder /MyRegistrationDemo1/src/test/resources
2025-12-09 14:39:49,540 [Worker-29: Updating Maven Project] INFO  o.e.m.w.i.f.ResourceFilteringBuildParticipant - Cleaning filtered folder for MyRegistrationDemo1
2025-12-09 14:39:49,560 [Worker-29: Updating Maven Project] INFO  o.e.m.c.i.p.ProjectConfigurationManager - Update completed for 1 poms: local refresh takes 0.00 sec, refresh facades takes 3.00 sec, update config takes 0.00 sec 
2025-12-09 14:39:49,901 [Worker-29: Building Project MyRegistrationDemo1] WARN  o.e.m.c.i.embedder.EclipseLogger - Using platform encoding (Cp1252 actually) to copy filtered resources, i.e. build is platform dependent!
2025-12-09 14:39:49,913 [Worker-29: Building Project MyRegistrationDemo1] INFO  o.e.m.c.i.embedder.EclipseLogger - Copying 0 resource
2025-12-09 14:39:49,918 [Worker-29: Building Project MyRegistrationDemo1] WARN  o.e.m.c.i.embedder.EclipseLogger - Using platform encoding (Cp1252 actually) to copy filtered resources, i.e. build is platform dependent!
2025-12-09 14:39:49,920 [Worker-29: Building Project MyRegistrationDemo1] INFO  o.e.m.c.i.embedder.EclipseLogger - Copying 0 resource
2025-12-09 14:39:49,921 [Worker-29: Building Project MyRegistrationDemo1] INFO  o.e.m.w.i.f.ResourceFilteringBuildParticipant - Changed resources require a complete clean of filtered resources of MyRegistrationDemo1
2025-12-09 14:39:49,921 [Worker-29: Building Project MyRegistrationDemo1] INFO  o.e.m.w.i.f.ResourceFilteringBuildParticipant - Executing resource filtering for MyRegistrationDemo1
2025-12-09 14:40:26,951 [Worker-31: Building] WARN  o.e.m.c.i.embedder.EclipseLogger - Using platform encoding (Cp1252 actually) to copy filtered resources, i.e. build is platform dependent!
2025-12-09 14:40:26,952 [Worker-31: Building] INFO  o.e.m.c.i.embedder.EclipseLogger - Copying 0 resource
2025-12-09 14:40:26,955 [Worker-31: Building] WARN  o.e.m.c.i.embedder.EclipseLogger - Using platform encoding (Cp1252 actually) to copy filtered resources, i.e. build is platform dependent!
2025-12-09 14:40:26,956 [Worker-31: Building] INFO  o.e.m.c.i.embedder.EclipseLogger - Copying 0 resource
2025-12-09 14:44:51,726 [Worker-22: Building] WARN  o.e.m.c.i.embedder.EclipseLogger - Using platform encoding (Cp1252 actually) to copy filtered resources, i.e. build is platform dependent!
2025-12-09 14:44:51,728 [Worker-22: Building] INFO  o.e.m.c.i.embedder.EclipseLogger - Copying 0 resource
2025-12-09 14:44:51,731 [Worker-22: Building] WARN  o.e.m.c.i.embedder.EclipseLogger - Using platform encoding (Cp1252 actually) to copy filtered resources, i.e. build is platform dependent!
2025-12-09 14:44:51,732 [Worker-22: Building] INFO  o.e.m.c.i.embedder.EclipseLogger - Copying 0 resource
2025-12-09 14:50:54,798 [Worker-22: Building] WARN  o.e.m.c.i.embedder.EclipseLogger - Using platform encoding (Cp1252 actually) to copy filtered resources, i.e. build is platform dependent!
2025-12-09 14:50:54,802 [Worker-22: Building] INFO  o.e.m.c.i.embedder.EclipseLogger - Copying 0 resource
2025-12-09 14:50:54,804 [Worker-22: Building] WARN  o.e.m.c.i.embedder.EclipseLogger - Using platform encoding (Cp1252 actually) to copy filtered resources, i.e. build is platform dependent!
2025-12-09 14:50:54,806 [Worker-22: Building] INFO  o.e.m.c.i.embedder.EclipseLogger - Copying 0 resource
2025-12-09 14:51:04,502 [Worker-29: Launching Executing clean in C__Users_IET_Desktop_VipulPriyanka_Web_Based_ Java_Day15 Spring_MyRegistrationDemo1] INFO  o.eclipse.m2e.core.internal.Bundles - getClasspathEntries(Bundle=org.eclipse.m2e.maven.runtime_3.8.701.20230209-1606 [610])
2025-12-09 14:51:04,524 [Worker-29: Launching Executing clean in C__Users_IET_Desktop_VipulPriyanka_Web_Based_ Java_Day15 Spring_MyRegistrationDemo1] INFO  o.eclipse.m2e.core.internal.Bundles - 	Entry: C:\Users\IET\Desktop\Ele\eclipse\plugins\org.eclipse.m2e.maven.runtime_3.8.701.20230209-1606
2025-12-09 14:51:04,524 [Worker-29: Launching Executing clean in C__Users_IET_Desktop_VipulPriyanka_Web_Based_ Java_Day15 Spring_MyRegistrationDemo1] INFO  o.eclipse.m2e.core.internal.Bundles - 	Entry: C:\Users\IET\Desktop\Ele\eclipse\plugins\org.eclipse.m2e.maven.runtime_3.8.701.20230209-1606\jars\aether-connector-okhttp-0.17.8.jar
2025-12-09 14:51:04,525 [Worker-29: Launching Executing clean in C__Users_IET_Desktop_VipulPriyanka_Web_Based_ Java_Day15 Spring_MyRegistrationDemo1] INFO  o.eclipse.m2e.core.internal.Bundles - 	Entry: C:\Users\IET\Desktop\Ele\eclipse\plugins\org.eclipse.m2e.maven.runtime_3.8.701.20230209-1606\jars\commons-lang3-3.8.1.jar
2025-12-09 14:51:04,525 [Worker-29: Launching Executing clean in C__Users_IET_Desktop_VipulPriyanka_Web_Based_ Java_Day15 Spring_MyRegistrationDemo1] INFO  o.eclipse.m2e.core.internal.Bundles - 	Entry: C:\Users\IET\Desktop\Ele\eclipse\plugins\org.eclipse.m2e.maven.runtime_3.8.701.20230209-1606\jars\guice-4.2.2-no_aop.jar
2025-12-09 14:51:04,525 [Worker-29: Launching Executing clean in C__Users_IET_Desktop_VipulPriyanka_Web_Based_ Java_Day15 Spring_MyRegistrationDemo1] INFO  o.eclipse.m2e.core.internal.Bundles - 	Entry: C:\Users\IET\Desktop\Ele\eclipse\plugins\org.eclipse.m2e.maven.runtime_3.8.701.20230209-1606\jars\jansi-2.4.0.jar
2025-12-09 14:51:04,525 [Worker-29: Launching Executing clean in C__Users_IET_Desktop_VipulPriyanka_Web_Based_ Java_Day15 Spring_MyRegistrationDemo1] INFO  o.eclipse.m2e.core.internal.Bundles - 	Entry: C:\Users\IET\Desktop\Ele\eclipse\plugins\org.eclipse.m2e.maven.runtime_3.8.701.20230209-1606\jars\maven-artifact-3.8.7.jar
2025-12-09 14:51:04,525 [Worker-29: Launching Executing clean in C__Users_IET_Desktop_VipulPriyanka_Web_Based_ Java_Day15 Spring_MyRegistrationDemo1] INFO  o.eclipse.m2e.core.internal.Bundles - 	Entry: C:\Users\IET\Desktop\Ele\eclipse\plugins\org.eclipse.m2e.maven.runtime_3.8.701.20230209-1606\jars\maven-builder-support-3.8.7.jar
2025-12-09 14:51:04,526 [Worker-29: Launching Executing clean in C__Users_IET_Desktop_VipulPriyanka_Web_Based_ Java_Day15 Spring_MyRegistrationDemo1] INFO  o.eclipse.m2e.core.internal.Bundles - 	Entry: C:\Users\IET\Desktop\Ele\eclipse\plugins\org.eclipse.m2e.maven.runtime_3.8.701.20230209-1606\jars\maven-compat-3.8.7.jar
2025-12-09 14:51:04,526 [Worker-29: Launching Executing clean in C__Users_IET_Desktop_VipulPriyanka_Web_Based_ Java_Day15 Spring_MyRegistrationDemo1] INFO  o.eclipse.m2e.core.internal.Bundles - 	Entry: C:\Users\IET\Desktop\Ele\eclipse\plugins\org.eclipse.m2e.maven.runtime_3.8.701.20230209-1606\jars\maven-core-3.8.7.jar
2025-12-09 14:51:04,526 [Worker-29: Launching Executing clean in C__Users_IET_Desktop_VipulPriyanka_Web_Based_ Java_Day15 Spring_MyRegistrationDemo1] INFO  o.eclipse.m2e.core.internal.Bundles - 	Entry: C:\Users\IET\Desktop\Ele\eclipse\plugins\org.eclipse.m2e.maven.runtime_3.8.701.20230209-1606\jars\maven-embedder-3.8.7.jar
2025-12-09 14:51:04,526 [Worker-29: Launching Executing clean in C__Users_IET_Desktop_VipulPriyanka_Web_Based_ Java_Day15 Spring_MyRegistrationDemo1] INFO  o.eclipse.m2e.core.internal.Bundles - 	Entry: C:\Users\IET\Desktop\Ele\eclipse\plugins\org.eclipse.m2e.maven.runtime_3.8.701.20230209-1606\jars\maven-model-3.8.7.jar
2025-12-09 14:51:04,526 [Worker-29: Launching Executing clean in C__Users_IET_Desktop_VipulPriyanka_Web_Based_ Java_Day15 Spring_MyRegistrationDemo1] INFO  o.eclipse.m2e.core.internal.Bundles - 	Entry: C:\Users\IET\Desktop\Ele\eclipse\plugins\org.eclipse.m2e.maven.runtime_3.8.701.20230209-1606\jars\maven-model-builder-3.8.7.jar
2025-12-09 14:51:04,527 [Worker-29: Launching Executing clean in C__Users_IET_Desktop_VipulPriyanka_Web_Based_ Java_Day15 Spring_MyRegistrationDemo1] INFO  o.eclipse.m2e.core.internal.Bundles - 	Entry: C:\Users\IET\Desktop\Ele\eclipse\plugins\org.eclipse.m2e.maven.runtime_3.8.701.20230209-1606\jars\maven-plugin-api-3.8.7.jar
2025-12-09 14:51:04,527 [Worker-29: Launching Executing clean in C__Users_IET_Desktop_VipulPriyanka_Web_Based_ Java_Day15 Spring_MyRegistrationDemo1] INFO  o.eclipse.m2e.core.internal.Bundles - 	Entry: C:\Users\IET\Desktop\Ele\eclipse\plugins\org.eclipse.m2e.maven.runtime_3.8.701.20230209-1606\jars\maven-repository-metadata-3.8.7.jar
2025-12-09 14:51:04,527 [Worker-29: Launching Executing clean in C__Users_IET_Desktop_VipulPriyanka_Web_Based_ Java_Day15 Spring_MyRegistrationDemo1] INFO  o.eclipse.m2e.core.internal.Bundles - 	Entry: C:\Users\IET\Desktop\Ele\eclipse\plugins\org.eclipse.m2e.maven.runtime_3.8.701.20230209-1606\jars\maven-resolver-api-1.6.3.jar
2025-12-09 14:51:04,527 [Worker-29: Launching Executing clean in C__Users_IET_Desktop_VipulPriyanka_Web_Based_ Java_Day15 Spring_MyRegistrationDemo1] INFO  o.eclipse.m2e.core.internal.Bundles - 	Entry: C:\Users\IET\Desktop\Ele\eclipse\plugins\org.eclipse.m2e.maven.runtime_3.8.701.20230209-1606\jars\maven-resolver-connector-basic-1.6.3.jar
2025-12-09 14:51:04,528 [Worker-29: Launching Executing clean in C__Users_IET_Desktop_VipulPriyanka_Web_Based_ Java_Day15 Spring_MyRegistrationDemo1] INFO  o.eclipse.m2e.core.internal.Bundles - 	Entry: C:\Users\IET\Desktop\Ele\eclipse\plugins\org.eclipse.m2e.maven.runtime_3.8.701.20230209-1606\jars\maven-resolver-impl-1.6.3.jar
2025-12-09 14:51:04,528 [Worker-29: Launching Executing clean in C__Users_IET_Desktop_VipulPriyanka_Web_Based_ Java_Day15 Spring_MyRegistrationDemo1] INFO  o.eclipse.m2e.core.internal.Bundles - 	Entry: C:\Users\IET\Desktop\Ele\eclipse\plugins\org.eclipse.m2e.maven.runtime_3.8.701.20230209-1606\jars\maven-resolver-provider-3.8.7.jar
2025-12-09 14:51:04,528 [Worker-29: Launching Executing clean in C__Users_IET_Desktop_VipulPriyanka_Web_Based_ Java_Day15 Spring_MyRegistrationDemo1] INFO  o.eclipse.m2e.core.internal.Bundles - 	Entry: C:\Users\IET\Desktop\Ele\eclipse\plugins\org.eclipse.m2e.maven.runtime_3.8.701.20230209-1606\jars\maven-resolver-spi-1.6.3.jar
2025-12-09 14:51:04,528 [Worker-29: Launching Executing clean in C__Users_IET_Desktop_VipulPriyanka_Web_Based_ Java_Day15 Spring_MyRegistrationDemo1] INFO  o.eclipse.m2e.core.internal.Bundles - 	Entry: C:\Users\IET\Desktop\Ele\eclipse\plugins\org.eclipse.m2e.maven.runtime_3.8.701.20230209-1606\jars\maven-resolver-transport-wagon-1.6.3.jar
2025-12-09 14:51:04,528 [Worker-29: Launching Executing clean in C__Users_IET_Desktop_VipulPriyanka_Web_Based_ Java_Day15 Spring_MyRegistrationDemo1] INFO  o.eclipse.m2e.core.internal.Bundles - 	Entry: C:\Users\IET\Desktop\Ele\eclipse\plugins\org.eclipse.m2e.maven.runtime_3.8.701.20230209-1606\jars\maven-resolver-util-1.6.3.jar
2025-12-09 14:51:04,529 [Worker-29: Launching Executing clean in C__Users_IET_Desktop_VipulPriyanka_Web_Based_ Java_Day15 Spring_MyRegistrationDemo1] INFO  o.eclipse.m2e.core.internal.Bundles - 	Entry: C:\Users\IET\Desktop\Ele\eclipse\plugins\org.eclipse.m2e.maven.runtime_3.8.701.20230209-1606\jars\maven-settings-3.8.7.jar
2025-12-09 14:51:04,529 [Worker-29: Launching Executing clean in C__Users_IET_Desktop_VipulPriyanka_Web_Based_ Java_Day15 Spring_MyRegistrationDemo1] INFO  o.eclipse.m2e.core.internal.Bundles - 	Entry: C:\Users\IET\Desktop\Ele\eclipse\plugins\org.eclipse.m2e.maven.runtime_3.8.701.20230209-1606\jars\maven-settings-builder-3.8.7.jar
2025-12-09 14:51:04,529 [Worker-29: Launching Executing clean in C__Users_IET_Desktop_VipulPriyanka_Web_Based_ Java_Day15 Spring_MyRegistrationDemo1] INFO  o.eclipse.m2e.core.internal.Bundles - 	Entry: C:\Users\IET\Desktop\Ele\eclipse\plugins\org.eclipse.m2e.maven.runtime_3.8.701.20230209-1606\jars\maven-shared-utils-3.3.4.jar
2025-12-09 14:51:04,529 [Worker-29: Launching Executing clean in C__Users_IET_Desktop_VipulPriyanka_Web_Based_ Java_Day15 Spring_MyRegistrationDemo1] INFO  o.eclipse.m2e.core.internal.Bundles - 	Entry: C:\Users\IET\Desktop\Ele\eclipse\plugins\org.eclipse.m2e.maven.runtime_3.8.701.20230209-1606\jars\okhttp-3.14.1.jar
2025-12-09 14:51:04,529 [Worker-29: Launching Executing clean in C__Users_IET_Desktop_VipulPriyanka_Web_Based_ Java_Day15 Spring_MyRegistrationDemo1] INFO  o.eclipse.m2e.core.internal.Bundles - 	Entry: C:\Users\IET\Desktop\Ele\eclipse\plugins\org.eclipse.m2e.maven.runtime_3.8.701.20230209-1606\jars\okio-1.17.3.jar
2025-12-09 14:51:04,530 [Worker-29: Launching Executing clean in C__Users_IET_Desktop_VipulPriyanka_Web_Based_ Java_Day15 Spring_MyRegistrationDemo1] INFO  o.eclipse.m2e.core.internal.Bundles - 	Entry: C:\Users\IET\Desktop\Ele\eclipse\plugins\org.eclipse.m2e.maven.runtime_3.8.701.20230209-1606\jars\org.eclipse.sisu.inject-0.3.5.jar
2025-12-09 14:51:04,530 [Worker-29: Launching Executing clean in C__Users_IET_Desktop_VipulPriyanka_Web_Based_ Java_Day15 Spring_MyRegistrationDemo1] INFO  o.eclipse.m2e.core.internal.Bundles - 	Entry: C:\Users\IET\Desktop\Ele\eclipse\plugins\org.eclipse.m2e.maven.runtime_3.8.701.20230209-1606\jars\org.eclipse.sisu.plexus-0.3.5.jar
2025-12-09 14:51:04,530 [Worker-29: Launching Executing clean in C__Users_IET_Desktop_VipulPriyanka_Web_Based_ Java_Day15 Spring_MyRegistrationDemo1] INFO  o.eclipse.m2e.core.internal.Bundles - 	Entry: C:\Users\IET\Desktop\Ele\eclipse\plugins\org.eclipse.m2e.maven.runtime_3.8.701.20230209-1606\jars\plexus-build-api-0.0.7.jar
2025-12-09 14:51:04,530 [Worker-29: Launching Executing clean in C__Users_IET_Desktop_VipulPriyanka_Web_Based_ Java_Day15 Spring_MyRegistrationDemo1] INFO  o.eclipse.m2e.core.internal.Bundles - 	Entry: C:\Users\IET\Desktop\Ele\eclipse\plugins\org.eclipse.m2e.maven.runtime_3.8.701.20230209-1606\jars\plexus-cipher-2.0.jar
2025-12-09 14:51:04,530 [Worker-29: Launching Executing clean in C__Users_IET_Desktop_VipulPriyanka_Web_Based_ Java_Day15 Spring_MyRegistrationDemo1] INFO  o.eclipse.m2e.core.internal.Bundles - 	Entry: C:\Users\IET\Desktop\Ele\eclipse\plugins\org.eclipse.m2e.maven.runtime_3.8.701.20230209-1606\jars\plexus-classworlds-2.6.0.jar
2025-12-09 14:51:04,530 [Worker-29: Launching Executing clean in C__Users_IET_Desktop_VipulPriyanka_Web_Based_ Java_Day15 Spring_MyRegistrationDemo1] INFO  o.eclipse.m2e.core.internal.Bundles - 	Entry: C:\Users\IET\Desktop\Ele\eclipse\plugins\org.eclipse.m2e.maven.runtime_3.8.701.20230209-1606\jars\plexus-component-annotations-2.1.0.jar
2025-12-09 14:51:04,531 [Worker-29: Launching Executing clean in C__Users_IET_Desktop_VipulPriyanka_Web_Based_ Java_Day15 Spring_MyRegistrationDemo1] INFO  o.eclipse.m2e.core.internal.Bundles - 	Entry: C:\Users\IET\Desktop\Ele\eclipse\plugins\org.eclipse.m2e.maven.runtime_3.8.701.20230209-1606\jars\plexus-interpolation-1.26.jar
2025-12-09 14:51:04,531 [Worker-29: Launching Executing clean in C__Users_IET_Desktop_VipulPriyanka_Web_Based_ Java_Day15 Spring_MyRegistrationDemo1] INFO  o.eclipse.m2e.core.internal.Bundles - 	Entry: C:\Users\IET\Desktop\Ele\eclipse\plugins\org.eclipse.m2e.maven.runtime_3.8.701.20230209-1606\jars\plexus-sec-dispatcher-2.0.jar
2025-12-09 14:51:04,531 [Worker-29: Launching Executing clean in C__Users_IET_Desktop_VipulPriyanka_Web_Based_ Java_Day15 Spring_MyRegistrationDemo1] INFO  o.eclipse.m2e.core.internal.Bundles - 	Entry: C:\Users\IET\Desktop\Ele\eclipse\plugins\org.eclipse.m2e.maven.runtime_3.8.701.20230209-1606\jars\plexus-utils-3.3.1.jar
2025-12-09 14:51:04,531 [Worker-29: Launching Executing clean in C__Users_IET_Desktop_VipulPriyanka_Web_Based_ Java_Day15 Spring_MyRegistrationDemo1] INFO  o.eclipse.m2e.core.internal.Bundles - 	Entry: C:\Users\IET\Desktop\Ele\eclipse\plugins\org.eclipse.m2e.maven.runtime_3.8.701.20230209-1606\jars\wagon-file-3.5.3.jar
2025-12-09 14:51:04,531 [Worker-29: Launching Executing clean in C__Users_IET_Desktop_VipulPriyanka_Web_Based_ Java_Day15 Spring_MyRegistrationDemo1] INFO  o.eclipse.m2e.core.internal.Bundles - 	Entry: C:\Users\IET\Desktop\Ele\eclipse\plugins\org.eclipse.m2e.maven.runtime_3.8.701.20230209-1606\jars\wagon-provider-api-3.5.3.jar
2025-12-09 14:51:04,532 [Worker-29: Launching Executing clean in C__Users_IET_Desktop_VipulPriyanka_Web_Based_ Java_Day15 Spring_MyRegistrationDemo1] INFO  o.eclipse.m2e.core.internal.Bundles - getClasspathEntries(Bundle=com.google.guava_31.1.0.jre [11])
2025-12-09 14:51:04,534 [Worker-29: Launching Executing clean in C__Users_IET_Desktop_VipulPriyanka_Web_Based_ Java_Day15 Spring_MyRegistrationDemo1] INFO  o.eclipse.m2e.core.internal.Bundles - 	Entry: C:\Users\IET\Desktop\Ele\eclipse\plugins\com.google.guava_31.1.0.jre.jar
2025-12-09 14:51:04,534 [Worker-29: Launching Executing clean in C__Users_IET_Desktop_VipulPriyanka_Web_Based_ Java_Day15 Spring_MyRegistrationDemo1] INFO  o.eclipse.m2e.core.internal.Bundles - getClasspathEntries(Bundle=slf4j.api_1.7.36 [924])
2025-12-09 14:51:04,534 [Worker-29: Launching Executing clean in C__Users_IET_Desktop_VipulPriyanka_Web_Based_ Java_Day15 Spring_MyRegistrationDemo1] INFO  o.eclipse.m2e.core.internal.Bundles - 	Entry: C:\Users\IET\Desktop\Ele\eclipse\plugins\slf4j.api_1.7.36.jar
2025-12-09 14:51:04,535 [Worker-29: Launching Executing clean in C__Users_IET_Desktop_VipulPriyanka_Web_Based_ Java_Day15 Spring_MyRegistrationDemo1] INFO  o.eclipse.m2e.core.internal.Bundles - getClasspathEntries(Bundle=javax.inject_1.0.0.v20220405-0441 [35])
2025-12-09 14:51:04,536 [Worker-29: Launching Executing clean in C__Users_IET_Desktop_VipulPriyanka_Web_Based_ Java_Day15 Spring_MyRegistrationDemo1] INFO  o.eclipse.m2e.core.internal.Bundles - 	Entry: C:\Users\IET\Desktop\Ele\eclipse\plugins\javax.inject_1.0.0.v20220405-0441.jar
2025-12-09 14:51:04,536 [Worker-29: Launching Executing clean in C__Users_IET_Desktop_VipulPriyanka_Web_Based_ Java_Day15 Spring_MyRegistrationDemo1] INFO  o.eclipse.m2e.core.internal.Bundles - getClasspathEntries(Bundle=javax.annotation_1.3.5.v20221203-1659 [33])
2025-12-09 14:51:04,537 [Worker-29: Launching Executing clean in C__Users_IET_Desktop_VipulPriyanka_Web_Based_ Java_Day15 Spring_MyRegistrationDemo1] INFO  o.eclipse.m2e.core.internal.Bundles - 	Entry: C:\Users\IET\Desktop\Ele\eclipse\plugins\javax.annotation_1.3.5.v20221203-1659.jar
2025-12-09 14:51:04,537 [Worker-29: Launching Executing clean in C__Users_IET_Desktop_VipulPriyanka_Web_Based_ Java_Day15 Spring_MyRegistrationDemo1] INFO  o.eclipse.m2e.core.internal.Bundles - getClasspathEntries(Bundle=org.apache.commons.cli_1.4.0.v20221112-0806 [67])
2025-12-09 14:51:04,557 [Worker-29: Launching Executing clean in C__Users_IET_Desktop_VipulPriyanka_Web_Based_ Java_Day15 Spring_MyRegistrationDemo1] INFO  o.eclipse.m2e.core.internal.Bundles - 	Entry: C:\Users\IET\Desktop\Ele\eclipse\plugins\org.apache.commons.cli_1.4.0.v20221112-0806.jar
2025-12-09 14:51:04,557 [Worker-29: Launching Executing clean in C__Users_IET_Desktop_VipulPriyanka_Web_Based_ Java_Day15 Spring_MyRegistrationDemo1] INFO  o.eclipse.m2e.core.internal.Bundles - getClasspathEntries(Bundle=com.google.guava.failureaccess_1.0.1 [13])
2025-12-09 14:51:04,665 [Worker-29: Launching Executing clean in C__Users_IET_Desktop_VipulPriyanka_Web_Based_ Java_Day15 Spring_MyRegistrationDemo1] INFO  o.eclipse.m2e.core.internal.Bundles - 	Entry: C:\Users\IET\Desktop\Ele\eclipse\plugins\com.google.guava.failureaccess_1.0.1.jar
2025-12-09 14:51:04,668 [Worker-29: Launching Executing clean in C__Users_IET_Desktop_VipulPriyanka_Web_Based_ Java_Day15 Spring_MyRegistrationDemo1] INFO  o.e.m.i.launch.MavenLaunchDelegate - Run build in "C:\Users\IET\Desktop\VipulPriyanka\Web_Based_ Java\Day15 Spring\MyRegistrationDemo1":
2025-12-09 14:51:04,669 [Worker-29: Launching Executing clean in C__Users_IET_Desktop_VipulPriyanka_Web_Based_ Java_Day15 Spring_MyRegistrationDemo1] INFO  o.e.m.i.launch.MavenLaunchDelegate -  mvn  -B -Dstyle.color=always clean
2025-12-09 14:51:13,423 [main] ERROR o.e.m2e.actions.ExecutePomAction - Skipping launch configuration StudentMVC
org.eclipse.core.runtime.CoreException: Variable references non-existent resource : ${project_loc:StudentMVC}
	at org.eclipse.debug.internal.core.variables.ResourceResolver.abort(ResourceResolver.java:111)
	at org.eclipse.debug.internal.core.variables.ResourceResolver.resolveValue(ResourceResolver.java:57)
	at org.eclipse.core.internal.variables.DynamicVariable.getValue(DynamicVariable.java:56)
	at org.eclipse.core.internal.variables.StringSubstitutionEngine.resolve(StringSubstitutionEngine.java:271)
	at org.eclipse.core.internal.variables.StringSubstitutionEngine.substitute(StringSubstitutionEngine.java:195)
	at org.eclipse.core.internal.variables.StringSubstitutionEngine.performStringSubstitution(StringSubstitutionEngine.java:91)
	at org.eclipse.core.internal.variables.StringVariableManager.performStringSubstitution(StringVariableManager.java:547)
	at org.eclipse.core.internal.variables.StringVariableManager.performStringSubstitution(StringVariableManager.java:347)
	at org.eclipse.m2e.internal.launch.LaunchingUtils.substituteVar(LaunchingUtils.java:30)
	at org.eclipse.m2e.actions.ExecutePomAction.getLaunchConfiguration(ExecutePomAction.java:271)
	at org.eclipse.m2e.actions.ExecutePomAction.launch(ExecutePomAction.java:135)
	at org.eclipse.m2e.actions.ExecutePomAction.launch(ExecutePomAction.java:124)
	at org.eclipse.debug.internal.ui.launchConfigurations.LaunchShortcutExtension.launch(LaunchShortcutExtension.java:430)
	at org.eclipse.debug.internal.ui.actions.LaunchShortcutAction.runInternal(LaunchShortcutAction.java:88)
	at org.eclipse.debug.internal.ui.actions.LaunchShortcutAction.runWithEvent(LaunchShortcutAction.java:135)
	at org.eclipse.jface.action.ActionContributionItem.handleWidgetSelection(ActionContributionItem.java:580)
	at org.eclipse.jface.action.ActionContributionItem.lambda$4(ActionContributionItem.java:414)
	at org.eclipse.swt.widgets.EventTable.sendEvent(EventTable.java:89)
	at org.eclipse.swt.widgets.Display.sendEvent(Display.java:4256)
	at org.eclipse.swt.widgets.Widget.sendEvent(Widget.java:1066)
	at org.eclipse.swt.widgets.Widget.sendEvent(Widget.java:1090)
	at org.eclipse.swt.widgets.Widget.sendEvent(Widget.java:1075)
	at org.eclipse.swt.widgets.Widget.notifyListeners(Widget.java:778)
	at org.eclipse.jface.action.ActionContributionItem.lambda$8(ActionContributionItem.java:1206)
	at org.eclipse.swt.widgets.EventTable.sendEvent(EventTable.java:89)
	at org.eclipse.swt.widgets.Display.sendEvent(Display.java:4256)
	at org.eclipse.swt.widgets.Widget.sendEvent(Widget.java:1066)
	at org.eclipse.swt.widgets.Display.runDeferredEvents(Display.java:4054)
	at org.eclipse.swt.widgets.Display.readAndDispatch(Display.java:3642)
	at org.eclipse.e4.ui.internal.workbench.swt.PartRenderingEngine$5.run(PartRenderingEngine.java:1155)
	at org.eclipse.core.databinding.observable.Realm.runWithDefault(Realm.java:338)
	at org.eclipse.e4.ui.internal.workbench.swt.PartRenderingEngine.run(PartRenderingEngine.java:1046)
	at org.eclipse.e4.ui.internal.workbench.E4Workbench.createAndRunUI(E4Workbench.java:155)
	at org.eclipse.ui.internal.Workbench.lambda$3(Workbench.java:643)
	at org.eclipse.core.databinding.observable.Realm.runWithDefault(Realm.java:338)
	at org.eclipse.ui.internal.Workbench.createAndRunWorkbench(Workbench.java:550)
	at org.eclipse.ui.PlatformUI.createAndRunWorkbench(PlatformUI.java:171)
	at org.eclipse.ui.internal.ide.application.IDEApplication.start(IDEApplication.java:152)
	at org.eclipse.equinox.internal.app.EclipseAppHandle.run(EclipseAppHandle.java:203)
	at org.eclipse.core.runtime.internal.adaptor.EclipseAppLauncher.runApplication(EclipseAppLauncher.java:136)
	at org.eclipse.core.runtime.internal.adaptor.EclipseAppLauncher.start(EclipseAppLauncher.java:104)
	at org.eclipse.core.runtime.adaptor.EclipseStarter.run(EclipseStarter.java:402)
	at org.eclipse.core.runtime.adaptor.EclipseStarter.run(EclipseStarter.java:255)
	at java.base/jdk.internal.reflect.NativeMethodAccessorImpl.invoke0(Native Method)
	at java.base/jdk.internal.reflect.NativeMethodAccessorImpl.invoke(NativeMethodAccessorImpl.java:77)
	at java.base/jdk.internal.reflect.DelegatingMethodAccessorImpl.invoke(DelegatingMethodAccessorImpl.java:43)
	at java.base/java.lang.reflect.Method.invoke(Method.java:568)
	at org.eclipse.equinox.launcher.Main.invokeFramework(Main.java:659)
	at org.eclipse.equinox.launcher.Main.basicRun(Main.java:596)
	at org.eclipse.equinox.launcher.Main.run(Main.java:1467)
2025-12-09 14:51:13,425 [main] INFO  o.e.m2e.actions.ExecutePomAction - Creating new launch configuration
2025-12-09 14:51:18,941 [Worker-32: Launching MyRegistrationDemo1] INFO  o.e.m.i.launch.MavenLaunchDelegate - Run build in "C:\Users\IET\Desktop\VipulPriyanka\Web_Based_ Java\Day15 Spring\MyRegistrationDemo1":
2025-12-09 14:51:18,942 [Worker-32: Launching MyRegistrationDemo1] INFO  o.e.m.i.launch.MavenLaunchDelegate -  mvn  -B -Dstyle.color=always install
2025-12-09 14:53:45,159 [Worker-27: Building] WARN  o.e.m.c.i.embedder.EclipseLogger - Using platform encoding (Cp1252 actually) to copy filtered resources, i.e. build is platform dependent!
2025-12-09 14:53:45,161 [Worker-27: Building] INFO  o.e.m.c.i.embedder.EclipseLogger - Copying 0 resource
2025-12-09 14:53:45,164 [Worker-27: Building] WARN  o.e.m.c.i.embedder.EclipseLogger - Using platform encoding (Cp1252 actually) to copy filtered resources, i.e. build is platform dependent!
2025-12-09 14:53:45,165 [Worker-27: Building] INFO  o.e.m.c.i.embedder.EclipseLogger - Copying 0 resource
2025-12-09 14:53:45,165 [Worker-27: Building] INFO  o.e.m.w.i.f.ResourceFilteringBuildParticipant - Changed resources require a complete clean of filtered resources of MyRegistrationDemo1
2025-12-09 14:53:45,165 [Worker-27: Building] INFO  o.e.m.w.i.f.ResourceFilteringBuildParticipant - Executing resource filtering for MyRegistrationDemo1
2025-12-09 14:54:24,151 [Worker-31: Building] WARN  o.e.m.c.i.embedder.EclipseLogger - Using platform encoding (Cp1252 actually) to copy filtered resources, i.e. build is platform dependent!
2025-12-09 14:54:24,152 [Worker-31: Building] INFO  o.e.m.c.i.embedder.EclipseLogger - Copying 0 resource
2025-12-09 14:54:24,155 [Worker-31: Building] WARN  o.e.m.c.i.embedder.EclipseLogger - Using platform encoding (Cp1252 actually) to copy filtered resources, i.e. build is platform dependent!
2025-12-09 14:54:24,156 [Worker-31: Building] INFO  o.e.m.c.i.embedder.EclipseLogger - Copying 0 resource
2025-12-09 14:55:04,276 [Worker-36: Building] WARN  o.e.m.c.i.embedder.EclipseLogger - Using platform encoding (Cp1252 actually) to copy filtered resources, i.e. build is platform dependent!
2025-12-09 14:55:04,278 [Worker-36: Building] INFO  o.e.m.c.i.embedder.EclipseLogger - Copying 0 resource
2025-12-09 14:55:04,280 [Worker-36: Building] WARN  o.e.m.c.i.embedder.EclipseLogger - Using platform encoding (Cp1252 actually) to copy filtered resources, i.e. build is platform dependent!
2025-12-09 14:55:04,283 [Worker-36: Building] INFO  o.e.m.c.i.embedder.EclipseLogger - Copying 0 resource
2025-12-09 14:56:08,078 [Worker-35: Building] WARN  o.e.m.c.i.embedder.EclipseLogger - Using platform encoding (Cp1252 actually) to copy filtered resources, i.e. build is platform dependent!
2025-12-09 14:56:08,079 [Worker-35: Building] INFO  o.e.m.c.i.embedder.EclipseLogger - Copying 0 resource
2025-12-09 14:56:08,081 [Worker-35: Building] WARN  o.e.m.c.i.embedder.EclipseLogger - Using platform encoding (Cp1252 actually) to copy filtered resources, i.e. build is platform dependent!
2025-12-09 14:56:08,082 [Worker-35: Building] INFO  o.e.m.c.i.embedder.EclipseLogger - Copying 0 resource
2025-12-09 14:56:20,433 [Worker-34: Building] WARN  o.e.m.c.i.embedder.EclipseLogger - Using platform encoding (Cp1252 actually) to copy filtered resources, i.e. build is platform dependent!
2025-12-09 14:56:20,435 [Worker-34: Building] INFO  o.e.m.c.i.embedder.EclipseLogger - Copying 0 resource
2025-12-09 14:56:20,439 [Worker-34: Building] WARN  o.e.m.c.i.embedder.EclipseLogger - Using platform encoding (Cp1252 actually) to copy filtered resources, i.e. build is platform dependent!
2025-12-09 14:56:20,441 [Worker-34: Building] INFO  o.e.m.c.i.embedder.EclipseLogger - Copying 0 resource
2025-12-09 14:56:23,350 [Worker-35: Building] WARN  o.e.m.c.i.embedder.EclipseLogger - Using platform encoding (Cp1252 actually) to copy filtered resources, i.e. build is platform dependent!
2025-12-09 14:56:23,352 [Worker-35: Building] INFO  o.e.m.c.i.embedder.EclipseLogger - Copying 0 resource
2025-12-09 14:56:23,354 [Worker-35: Building] WARN  o.e.m.c.i.embedder.EclipseLogger - Using platform encoding (Cp1252 actually) to copy filtered resources, i.e. build is platform dependent!
2025-12-09 14:56:23,356 [Worker-35: Building] INFO  o.e.m.c.i.embedder.EclipseLogger - Copying 0 resource
2025-12-09 14:58:48,461 [Worker-38: Building] WARN  o.e.m.c.i.embedder.EclipseLogger - Using platform encoding (Cp1252 actually) to copy filtered resources, i.e. build is platform dependent!
2025-12-09 14:58:48,462 [Worker-38: Building] INFO  o.e.m.c.i.embedder.EclipseLogger - Copying 0 resource
2025-12-09 14:58:48,465 [Worker-38: Building] WARN  o.e.m.c.i.embedder.EclipseLogger - Using platform encoding (Cp1252 actually) to copy filtered resources, i.e. build is platform dependent!
2025-12-09 14:58:48,466 [Worker-38: Building] INFO  o.e.m.c.i.embedder.EclipseLogger - Copying 0 resource
2025-12-09 14:59:07,103 [Worker-38: Building] WARN  o.e.m.c.i.embedder.EclipseLogger - Using platform encoding (Cp1252 actually) to copy filtered resources, i.e. build is platform dependent!
2025-12-09 14:59:07,105 [Worker-38: Building] INFO  o.e.m.c.i.embedder.EclipseLogger - Copying 0 resource
2025-12-09 14:59:07,108 [Worker-38: Building] WARN  o.e.m.c.i.embedder.EclipseLogger - Using platform encoding (Cp1252 actually) to copy filtered resources, i.e. build is platform dependent!
2025-12-09 14:59:07,110 [Worker-38: Building] INFO  o.e.m.c.i.embedder.EclipseLogger - Copying 0 resource
2025-12-09 15:11:15,566 [Worker-44: Building] WARN  o.e.m.c.i.embedder.EclipseLogger - Using platform encoding (Cp1252 actually) to copy filtered resources, i.e. build is platform dependent!
2025-12-09 15:11:15,568 [Worker-44: Building] INFO  o.e.m.c.i.embedder.EclipseLogger - Copying 0 resource
2025-12-09 15:11:15,570 [Worker-44: Building] WARN  o.e.m.c.i.embedder.EclipseLogger - Using platform encoding (Cp1252 actually) to copy filtered resources, i.e. build is platform dependent!
2025-12-09 15:11:15,571 [Worker-44: Building] INFO  o.e.m.c.i.embedder.EclipseLogger - Copying 0 resource
2025-12-09 15:11:46,215 [main] ERROR o.e.m2e.actions.ExecutePomAction - Skipping launch configuration StudentMVC
org.eclipse.core.runtime.CoreException: Variable references non-existent resource : ${project_loc:StudentMVC}
	at org.eclipse.debug.internal.core.variables.ResourceResolver.abort(ResourceResolver.java:111)
	at org.eclipse.debug.internal.core.variables.ResourceResolver.resolveValue(ResourceResolver.java:57)
	at org.eclipse.core.internal.variables.DynamicVariable.getValue(DynamicVariable.java:56)
	at org.eclipse.core.internal.variables.StringSubstitutionEngine.resolve(StringSubstitutionEngine.java:271)
	at org.eclipse.core.internal.variables.StringSubstitutionEngine.substitute(StringSubstitutionEngine.java:195)
	at org.eclipse.core.internal.variables.StringSubstitutionEngine.performStringSubstitution(StringSubstitutionEngine.java:91)
	at org.eclipse.core.internal.variables.StringVariableManager.performStringSubstitution(StringVariableManager.java:547)
	at org.eclipse.core.internal.variables.StringVariableManager.performStringSubstitution(StringVariableManager.java:347)
	at org.eclipse.m2e.internal.launch.LaunchingUtils.substituteVar(LaunchingUtils.java:30)
	at org.eclipse.m2e.actions.ExecutePomAction.getLaunchConfiguration(ExecutePomAction.java:271)
	at org.eclipse.m2e.actions.ExecutePomAction.launch(ExecutePomAction.java:135)
	at org.eclipse.m2e.actions.ExecutePomAction.launch(ExecutePomAction.java:124)
	at org.eclipse.debug.internal.ui.launchConfigurations.LaunchShortcutExtension.launch(LaunchShortcutExtension.java:430)
	at org.eclipse.debug.internal.ui.actions.LaunchShortcutAction.runInternal(LaunchShortcutAction.java:88)
	at org.eclipse.debug.internal.ui.actions.LaunchShortcutAction.runWithEvent(LaunchShortcutAction.java:135)
	at org.eclipse.jface.action.ActionContributionItem.handleWidgetSelection(ActionContributionItem.java:580)
	at org.eclipse.jface.action.ActionContributionItem.lambda$4(ActionContributionItem.java:414)
	at org.eclipse.swt.widgets.EventTable.sendEvent(EventTable.java:89)
	at org.eclipse.swt.widgets.Display.sendEvent(Display.java:4256)
	at org.eclipse.swt.widgets.Widget.sendEvent(Widget.java:1066)
	at org.eclipse.swt.widgets.Widget.sendEvent(Widget.java:1090)
	at org.eclipse.swt.widgets.Widget.sendEvent(Widget.java:1075)
	at org.eclipse.swt.widgets.Widget.notifyListeners(Widget.java:778)
	at org.eclipse.jface.action.ActionContributionItem.lambda$8(ActionContributionItem.java:1206)
	at org.eclipse.swt.widgets.EventTable.sendEvent(EventTable.java:89)
	at org.eclipse.swt.widgets.Display.sendEvent(Display.java:4256)
	at org.eclipse.swt.widgets.Widget.sendEvent(Widget.java:1066)
	at org.eclipse.swt.widgets.Display.runDeferredEvents(Display.java:4054)
	at org.eclipse.swt.widgets.Display.readAndDispatch(Display.java:3642)
	at org.eclipse.e4.ui.internal.workbench.swt.PartRenderingEngine$5.run(PartRenderingEngine.java:1155)
	at org.eclipse.core.databinding.observable.Realm.runWithDefault(Realm.java:338)
	at org.eclipse.e4.ui.internal.workbench.swt.PartRenderingEngine.run(PartRenderingEngine.java:1046)
	at org.eclipse.e4.ui.internal.workbench.E4Workbench.createAndRunUI(E4Workbench.java:155)
	at org.eclipse.ui.internal.Workbench.lambda$3(Workbench.java:643)
	at org.eclipse.core.databinding.observable.Realm.runWithDefault(Realm.java:338)
	at org.eclipse.ui.internal.Workbench.createAndRunWorkbench(Workbench.java:550)
	at org.eclipse.ui.PlatformUI.createAndRunWorkbench(PlatformUI.java:171)
	at org.eclipse.ui.internal.ide.application.IDEApplication.start(IDEApplication.java:152)
	at org.eclipse.equinox.internal.app.EclipseAppHandle.run(EclipseAppHandle.java:203)
	at org.eclipse.core.runtime.internal.adaptor.EclipseAppLauncher.runApplication(EclipseAppLauncher.java:136)
	at org.eclipse.core.runtime.internal.adaptor.EclipseAppLauncher.start(EclipseAppLauncher.java:104)
	at org.eclipse.core.runtime.adaptor.EclipseStarter.run(EclipseStarter.java:402)
	at org.eclipse.core.runtime.adaptor.EclipseStarter.run(EclipseStarter.java:255)
	at java.base/jdk.internal.reflect.NativeMethodAccessorImpl.invoke0(Native Method)
	at java.base/jdk.internal.reflect.NativeMethodAccessorImpl.invoke(NativeMethodAccessorImpl.java:77)
	at java.base/jdk.internal.reflect.DelegatingMethodAccessorImpl.invoke(DelegatingMethodAccessorImpl.java:43)
	at java.base/java.lang.reflect.Method.invoke(Method.java:568)
	at org.eclipse.equinox.launcher.Main.invokeFramework(Main.java:659)
	at org.eclipse.equinox.launcher.Main.basicRun(Main.java:596)
	at org.eclipse.equinox.launcher.Main.run(Main.java:1467)
2025-12-09 15:11:46,216 [main] INFO  o.e.m2e.actions.ExecutePomAction - Using existing launch configuration
2025-12-09 15:11:46,300 [Worker-40: Launching MyRegistrationDemo1] INFO  o.e.m.i.launch.MavenLaunchDelegate - Run build in "C:\Users\IET\Desktop\VipulPriyanka\Web_Based_ Java\Day15 Spring\MyRegistrationDemo1":
2025-12-09 15:11:46,300 [Worker-40: Launching MyRegistrationDemo1] INFO  o.e.m.i.launch.MavenLaunchDelegate -  mvn  -B -Dstyle.color=always install
2025-12-09 15:14:31,476 [Worker-50: Building] INFO  o.e.m.c.i.l.LifecycleMappingFactory - Using org.maven.ide.eclipse.wtp.WarLifecycleMapping lifecycle mapping for MavenProject: com.demo:MyRegistrationDemo1:0.0.1-SNAPSHOT @ C:\Users\IET\Desktop\VipulPriyanka\Web_Based_ Java\Day15 Spring\MyRegistrationDemo1\pom.xml.
2025-12-09 15:14:31,605 [Worker-50: Building] WARN  o.e.m.c.i.embedder.EclipseLogger - Using platform encoding (Cp1252 actually) to copy filtered resources, i.e. build is platform dependent!
2025-12-09 15:14:31,606 [Worker-50: Building] INFO  o.e.m.c.i.embedder.EclipseLogger - Copying 0 resource
2025-12-09 15:14:31,610 [Worker-50: Building] WARN  o.e.m.c.i.embedder.EclipseLogger - Using platform encoding (Cp1252 actually) to copy filtered resources, i.e. build is platform dependent!
2025-12-09 15:14:31,611 [Worker-50: Building] INFO  o.e.m.c.i.embedder.EclipseLogger - Copying 0 resource
2025-12-09 15:14:31,612 [Worker-50: Building] INFO  o.e.m.w.i.f.ResourceFilteringBuildParticipant - Changed resources require a complete clean of filtered resources of MyRegistrationDemo1
2025-12-09 15:14:31,612 [Worker-50: Building] INFO  o.e.m.w.i.f.ResourceFilteringBuildParticipant - Executing resource filtering for MyRegistrationDemo1
2025-12-09 15:14:40,916 [main] ERROR o.e.m2e.actions.ExecutePomAction - Skipping launch configuration StudentMVC
org.eclipse.core.runtime.CoreException: Variable references non-existent resource : ${project_loc:StudentMVC}
	at org.eclipse.debug.internal.core.variables.ResourceResolver.abort(ResourceResolver.java:111)
	at org.eclipse.debug.internal.core.variables.ResourceResolver.resolveValue(ResourceResolver.java:57)
	at org.eclipse.core.internal.variables.DynamicVariable.getValue(DynamicVariable.java:56)
	at org.eclipse.core.internal.variables.StringSubstitutionEngine.resolve(StringSubstitutionEngine.java:271)
	at org.eclipse.core.internal.variables.StringSubstitutionEngine.substitute(StringSubstitutionEngine.java:195)
	at org.eclipse.core.internal.variables.StringSubstitutionEngine.performStringSubstitution(StringSubstitutionEngine.java:91)
	at org.eclipse.core.internal.variables.StringVariableManager.performStringSubstitution(StringVariableManager.java:547)
	at org.eclipse.core.internal.variables.StringVariableManager.performStringSubstitution(StringVariableManager.java:347)
	at org.eclipse.m2e.internal.launch.LaunchingUtils.substituteVar(LaunchingUtils.java:30)
	at org.eclipse.m2e.actions.ExecutePomAction.getLaunchConfiguration(ExecutePomAction.java:271)
	at org.eclipse.m2e.actions.ExecutePomAction.launch(ExecutePomAction.java:135)
	at org.eclipse.m2e.actions.ExecutePomAction.launch(ExecutePomAction.java:124)
	at org.eclipse.debug.internal.ui.launchConfigurations.LaunchShortcutExtension.launch(LaunchShortcutExtension.java:430)
	at org.eclipse.debug.internal.ui.actions.LaunchShortcutAction.runInternal(LaunchShortcutAction.java:88)
	at org.eclipse.debug.internal.ui.actions.LaunchShortcutAction.runWithEvent(LaunchShortcutAction.java:135)
	at org.eclipse.jface.action.ActionContributionItem.handleWidgetSelection(ActionContributionItem.java:580)
	at org.eclipse.jface.action.ActionContributionItem.lambda$4(ActionContributionItem.java:414)
	at org.eclipse.swt.widgets.EventTable.sendEvent(EventTable.java:89)
	at org.eclipse.swt.widgets.Display.sendEvent(Display.java:4256)
	at org.eclipse.swt.widgets.Widget.sendEvent(Widget.java:1066)
	at org.eclipse.swt.widgets.Widget.sendEvent(Widget.java:1090)
	at org.eclipse.swt.widgets.Widget.sendEvent(Widget.java:1075)
	at org.eclipse.swt.widgets.Widget.notifyListeners(Widget.java:778)
	at org.eclipse.jface.action.ActionContributionItem.lambda$8(ActionContributionItem.java:1206)
	at org.eclipse.swt.widgets.EventTable.sendEvent(EventTable.java:89)
	at org.eclipse.swt.widgets.Display.sendEvent(Display.java:4256)
	at org.eclipse.swt.widgets.Widget.sendEvent(Widget.java:1066)
	at org.eclipse.swt.widgets.Display.runDeferredEvents(Display.java:4054)
	at org.eclipse.swt.widgets.Display.readAndDispatch(Display.java:3642)
	at org.eclipse.e4.ui.internal.workbench.swt.PartRenderingEngine$5.run(PartRenderingEngine.java:1155)
	at org.eclipse.core.databinding.observable.Realm.runWithDefault(Realm.java:338)
	at org.eclipse.e4.ui.internal.workbench.swt.PartRenderingEngine.run(PartRenderingEngine.java:1046)
	at org.eclipse.e4.ui.internal.workbench.E4Workbench.createAndRunUI(E4Workbench.java:155)
	at org.eclipse.ui.internal.Workbench.lambda$3(Workbench.java:643)
	at org.eclipse.core.databinding.observable.Realm.runWithDefault(Realm.java:338)
	at org.eclipse.ui.internal.Workbench.createAndRunWorkbench(Workbench.java:550)
	at org.eclipse.ui.PlatformUI.createAndRunWorkbench(PlatformUI.java:171)
	at org.eclipse.ui.internal.ide.application.IDEApplication.start(IDEApplication.java:152)
	at org.eclipse.equinox.internal.app.EclipseAppHandle.run(EclipseAppHandle.java:203)
	at org.eclipse.core.runtime.internal.adaptor.EclipseAppLauncher.runApplication(EclipseAppLauncher.java:136)
	at org.eclipse.core.runtime.internal.adaptor.EclipseAppLauncher.start(EclipseAppLauncher.java:104)
	at org.eclipse.core.runtime.adaptor.EclipseStarter.run(EclipseStarter.java:402)
	at org.eclipse.core.runtime.adaptor.EclipseStarter.run(EclipseStarter.java:255)
	at java.base/jdk.internal.reflect.NativeMethodAccessorImpl.invoke0(Native Method)
	at java.base/jdk.internal.reflect.NativeMethodAccessorImpl.invoke(NativeMethodAccessorImpl.java:77)
	at java.base/jdk.internal.reflect.DelegatingMethodAccessorImpl.invoke(DelegatingMethodAccessorImpl.java:43)
	at java.base/java.lang.reflect.Method.invoke(Method.java:568)
	at org.eclipse.equinox.launcher.Main.invokeFramework(Main.java:659)
	at org.eclipse.equinox.launcher.Main.basicRun(Main.java:596)
	at org.eclipse.equinox.launcher.Main.run(Main.java:1467)
2025-12-09 15:14:40,917 [main] INFO  o.e.m2e.actions.ExecutePomAction - Using existing launch configuration
2025-12-09 15:14:41,005 [Worker-49: Launching MyRegistrationDemo1] INFO  o.e.m.i.launch.MavenLaunchDelegate - Run build in "C:\Users\IET\Desktop\VipulPriyanka\Web_Based_ Java\Day15 Spring\MyRegistrationDemo1":
2025-12-09 15:14:41,005 [Worker-49: Launching MyRegistrationDemo1] INFO  o.e.m.i.launch.MavenLaunchDelegate -  mvn  -B -Dstyle.color=always install
2025-12-09 15:15:29,297 [Worker-50: Building] INFO  o.e.m.c.i.l.LifecycleMappingFactory - Using org.maven.ide.eclipse.wtp.WarLifecycleMapping lifecycle mapping for MavenProject: com.demo:MyRegistrationDemo1:0.0.1-SNAPSHOT @ C:\Users\IET\Desktop\VipulPriyanka\Web_Based_ Java\Day15 Spring\MyRegistrationDemo1\pom.xml.
2025-12-09 15:15:29,557 [Worker-50: Building] WARN  o.e.m.c.i.embedder.EclipseLogger - Using platform encoding (Cp1252 actually) to copy filtered resources, i.e. build is platform dependent!
2025-12-09 15:15:29,558 [Worker-50: Building] INFO  o.e.m.c.i.embedder.EclipseLogger - Copying 0 resource
2025-12-09 15:15:29,564 [Worker-50: Building] WARN  o.e.m.c.i.embedder.EclipseLogger - Using platform encoding (Cp1252 actually) to copy filtered resources, i.e. build is platform dependent!
2025-12-09 15:15:29,567 [Worker-50: Building] INFO  o.e.m.c.i.embedder.EclipseLogger - Copying 0 resource
2025-12-09 15:15:29,569 [Worker-50: Building] INFO  o.e.m.w.i.f.ResourceFilteringBuildParticipant - Changed resources require a complete clean of filtered resources of MyRegistrationDemo1
2025-12-09 15:15:29,569 [Worker-50: Building] INFO  o.e.m.w.i.f.ResourceFilteringBuildParticipant - Executing resource filtering for MyRegistrationDemo1
2025-12-09 15:15:31,736 [Worker-49: Download sources and javadoc] INFO  o.e.m.c.i.e.AbstractTransferListenerAdapter - Downloading https://repo.maven.apache.org/maven2/org/hibernate/validator/hibernate-validator/6.2.0.Final/hibernate-validator-6.2.0.Final-sources.jar
2025-12-09 15:15:31,998 [Worker-49: Download sources and javadoc] INFO  o.e.m.c.i.e.AbstractTransferListenerAdapter - Downloaded https://repo.maven.apache.org/maven2/org/hibernate/validator/hibernate-validator/6.2.0.Final/hibernate-validator-6.2.0.Final-sources.jar
2025-12-09 15:15:32,002 [Worker-49: Download sources and javadoc] INFO  o.e.m.j.internal.DownloadSourcesJob - Downloaded sources for org.hibernate.validator:hibernate-validator:6.2.0.Final
2025-12-09 15:15:33,135 [Worker-49: Download sources and javadoc] INFO  o.e.m.c.i.e.AbstractTransferListenerAdapter - Downloading https://repo.maven.apache.org/maven2/org/jboss/logging/jboss-logging/3.4.1.Final/jboss-logging-3.4.1.Final-sources.jar
2025-12-09 15:15:33,605 [Worker-49: Download sources and javadoc] INFO  o.e.m.c.i.e.AbstractTransferListenerAdapter - Downloaded https://repo.maven.apache.org/maven2/org/jboss/logging/jboss-logging/3.4.1.Final/jboss-logging-3.4.1.Final-sources.jar
2025-12-09 15:15:33,608 [Worker-49: Download sources and javadoc] INFO  o.e.m.j.internal.DownloadSourcesJob - Downloaded sources for org.jboss.logging:jboss-logging:3.4.1.Final
2025-12-09 15:15:34,765 [Worker-49: Download sources and javadoc] INFO  o.e.m.c.i.e.AbstractTransferListenerAdapter - Downloading https://repo.maven.apache.org/maven2/jakarta/validation/jakarta.validation-api/3.0.2/jakarta.validation-api-3.0.2-sources.jar
2025-12-09 15:15:34,870 [Worker-49: Download sources and javadoc] INFO  o.e.m.c.i.e.AbstractTransferListenerAdapter - Downloaded https://repo.maven.apache.org/maven2/jakarta/validation/jakarta.validation-api/3.0.2/jakarta.validation-api-3.0.2-sources.jar
2025-12-09 15:15:34,873 [Worker-49: Download sources and javadoc] INFO  o.e.m.j.internal.DownloadSourcesJob - Downloaded sources for jakarta.validation:jakarta.validation-api:3.0.2
2025-12-09 15:15:36,300 [main] ERROR o.e.m2e.actions.ExecutePomAction - Skipping launch configuration StudentMVC
org.eclipse.core.runtime.CoreException: Variable references non-existent resource : ${project_loc:StudentMVC}
	at org.eclipse.debug.internal.core.variables.ResourceResolver.abort(ResourceResolver.java:111)
	at org.eclipse.debug.internal.core.variables.ResourceResolver.resolveValue(ResourceResolver.java:57)
	at org.eclipse.core.internal.variables.DynamicVariable.getValue(DynamicVariable.java:56)
	at org.eclipse.core.internal.variables.StringSubstitutionEngine.resolve(StringSubstitutionEngine.java:271)
	at org.eclipse.core.internal.variables.StringSubstitutionEngine.substitute(StringSubstitutionEngine.java:195)
	at org.eclipse.core.internal.variables.StringSubstitutionEngine.performStringSubstitution(StringSubstitutionEngine.java:91)
	at org.eclipse.core.internal.variables.StringVariableManager.performStringSubstitution(StringVariableManager.java:547)
	at org.eclipse.core.internal.variables.StringVariableManager.performStringSubstitution(StringVariableManager.java:347)
	at org.eclipse.m2e.internal.launch.LaunchingUtils.substituteVar(LaunchingUtils.java:30)
	at org.eclipse.m2e.actions.ExecutePomAction.getLaunchConfiguration(ExecutePomAction.java:271)
	at org.eclipse.m2e.actions.ExecutePomAction.launch(ExecutePomAction.java:135)
	at org.eclipse.m2e.actions.ExecutePomAction.launch(ExecutePomAction.java:124)
	at org.eclipse.debug.internal.ui.launchConfigurations.LaunchShortcutExtension.launch(LaunchShortcutExtension.java:430)
	at org.eclipse.debug.internal.ui.actions.LaunchShortcutAction.runInternal(LaunchShortcutAction.java:88)
	at org.eclipse.debug.internal.ui.actions.LaunchShortcutAction.runWithEvent(LaunchShortcutAction.java:135)
	at org.eclipse.jface.action.ActionContributionItem.handleWidgetSelection(ActionContributionItem.java:580)
	at org.eclipse.jface.action.ActionContributionItem.lambda$4(ActionContributionItem.java:414)
	at org.eclipse.swt.widgets.EventTable.sendEvent(EventTable.java:89)
	at org.eclipse.swt.widgets.Display.sendEvent(Display.java:4256)
	at org.eclipse.swt.widgets.Widget.sendEvent(Widget.java:1066)
	at org.eclipse.swt.widgets.Widget.sendEvent(Widget.java:1090)
	at org.eclipse.swt.widgets.Widget.sendEvent(Widget.java:1075)
	at org.eclipse.swt.widgets.Widget.notifyListeners(Widget.java:778)
	at org.eclipse.jface.action.ActionContributionItem.lambda$8(ActionContributionItem.java:1206)
	at org.eclipse.swt.widgets.EventTable.sendEvent(EventTable.java:89)
	at org.eclipse.swt.widgets.Display.sendEvent(Display.java:4256)
	at org.eclipse.swt.widgets.Widget.sendEvent(Widget.java:1066)
	at org.eclipse.swt.widgets.Display.runDeferredEvents(Display.java:4054)
	at org.eclipse.swt.widgets.Display.readAndDispatch(Display.java:3642)
	at org.eclipse.e4.ui.internal.workbench.swt.PartRenderingEngine$5.run(PartRenderingEngine.java:1155)
	at org.eclipse.core.databinding.observable.Realm.runWithDefault(Realm.java:338)
	at org.eclipse.e4.ui.internal.workbench.swt.PartRenderingEngine.run(PartRenderingEngine.java:1046)
	at org.eclipse.e4.ui.internal.workbench.E4Workbench.createAndRunUI(E4Workbench.java:155)
	at org.eclipse.ui.internal.Workbench.lambda$3(Workbench.java:643)
	at org.eclipse.core.databinding.observable.Realm.runWithDefault(Realm.java:338)
	at org.eclipse.ui.internal.Workbench.createAndRunWorkbench(Workbench.java:550)
	at org.eclipse.ui.PlatformUI.createAndRunWorkbench(PlatformUI.java:171)
	at org.eclipse.ui.internal.ide.application.IDEApplication.start(IDEApplication.java:152)
	at org.eclipse.equinox.internal.app.EclipseAppHandle.run(EclipseAppHandle.java:203)
	at org.eclipse.core.runtime.internal.adaptor.EclipseAppLauncher.runApplication(EclipseAppLauncher.java:136)
	at org.eclipse.core.runtime.internal.adaptor.EclipseAppLauncher.start(EclipseAppLauncher.java:104)
	at org.eclipse.core.runtime.adaptor.EclipseStarter.run(EclipseStarter.java:402)
	at org.eclipse.core.runtime.adaptor.EclipseStarter.run(EclipseStarter.java:255)
	at java.base/jdk.internal.reflect.NativeMethodAccessorImpl.invoke0(Native Method)
	at java.base/jdk.internal.reflect.NativeMethodAccessorImpl.invoke(NativeMethodAccessorImpl.java:77)
	at java.base/jdk.internal.reflect.DelegatingMethodAccessorImpl.invoke(DelegatingMethodAccessorImpl.java:43)
	at java.base/java.lang.reflect.Method.invoke(Method.java:568)
	at org.eclipse.equinox.launcher.Main.invokeFramework(Main.java:659)
	at org.eclipse.equinox.launcher.Main.basicRun(Main.java:596)
	at org.eclipse.equinox.launcher.Main.run(Main.java:1467)
2025-12-09 15:15:36,301 [main] INFO  o.e.m2e.actions.ExecutePomAction - Using existing launch configuration
2025-12-09 15:15:36,406 [Worker-50: Launching MyRegistrationDemo1] INFO  o.e.m.i.launch.MavenLaunchDelegate - Run build in "C:\Users\IET\Desktop\VipulPriyanka\Web_Based_ Java\Day15 Spring\MyRegistrationDemo1":
2025-12-09 15:15:36,406 [Worker-50: Launching MyRegistrationDemo1] INFO  o.e.m.i.launch.MavenLaunchDelegate -  mvn  -B -Dstyle.color=always install
2025-12-09 15:17:11,822 [Worker-48: Building] WARN  o.e.m.c.i.embedder.EclipseLogger - Using platform encoding (Cp1252 actually) to copy filtered resources, i.e. build is platform dependent!
2025-12-09 15:17:11,824 [Worker-48: Building] INFO  o.e.m.c.i.embedder.EclipseLogger - Copying 0 resource
2025-12-09 15:17:11,826 [Worker-48: Building] WARN  o.e.m.c.i.embedder.EclipseLogger - Using platform encoding (Cp1252 actually) to copy filtered resources, i.e. build is platform dependent!
2025-12-09 15:17:11,827 [Worker-48: Building] INFO  o.e.m.c.i.embedder.EclipseLogger - Copying 0 resource
2025-12-09 15:24:05,387 [Worker-49: Building] WARN  o.e.m.c.i.embedder.EclipseLogger - Using platform encoding (Cp1252 actually) to copy filtered resources, i.e. build is platform dependent!
2025-12-09 15:24:05,389 [Worker-49: Building] INFO  o.e.m.c.i.embedder.EclipseLogger - Copying 0 resource
2025-12-09 15:24:05,391 [Worker-49: Building] WARN  o.e.m.c.i.embedder.EclipseLogger - Using platform encoding (Cp1252 actually) to copy filtered resources, i.e. build is platform dependent!
2025-12-09 15:24:05,392 [Worker-49: Building] INFO  o.e.m.c.i.embedder.EclipseLogger - Copying 0 resource
2025-12-09 15:35:34,062 [Worker-50: Building] WARN  o.e.m.c.i.embedder.EclipseLogger - Using platform encoding (Cp1252 actually) to copy filtered resources, i.e. build is platform dependent!
2025-12-09 15:35:34,063 [Worker-50: Building] INFO  o.e.m.c.i.embedder.EclipseLogger - Copying 0 resource
2025-12-09 15:35:34,066 [Worker-50: Building] WARN  o.e.m.c.i.embedder.EclipseLogger - Using platform encoding (Cp1252 actually) to copy filtered resources, i.e. build is platform dependent!
2025-12-09 15:35:34,067 [Worker-50: Building] INFO  o.e.m.c.i.embedder.EclipseLogger - Copying 0 resource
2025-12-09 15:36:00,616 [Worker-44: Building] WARN  o.e.m.c.i.embedder.EclipseLogger - Using platform encoding (Cp1252 actually) to copy filtered resources, i.e. build is platform dependent!
2025-12-09 15:36:00,617 [Worker-44: Building] INFO  o.e.m.c.i.embedder.EclipseLogger - Copying 0 resource
2025-12-09 15:36:00,621 [Worker-44: Building] WARN  o.e.m.c.i.embedder.EclipseLogger - Using platform encoding (Cp1252 actually) to copy filtered resources, i.e. build is platform dependent!
2025-12-09 15:36:00,622 [Worker-44: Building] INFO  o.e.m.c.i.embedder.EclipseLogger - Copying 0 resource
2025-12-09 15:36:09,671 [Worker-44: Building] WARN  o.e.m.c.i.embedder.EclipseLogger - Using platform encoding (Cp1252 actually) to copy filtered resources, i.e. build is platform dependent!
2025-12-09 15:36:09,672 [Worker-44: Building] INFO  o.e.m.c.i.embedder.EclipseLogger - Copying 0 resource
2025-12-09 15:36:09,674 [Worker-44: Building] WARN  o.e.m.c.i.embedder.EclipseLogger - Using platform encoding (Cp1252 actually) to copy filtered resources, i.e. build is platform dependent!
2025-12-09 15:36:09,677 [Worker-44: Building] INFO  o.e.m.c.i.embedder.EclipseLogger - Copying 0 resource
2025-12-09 15:36:16,198 [Worker-49: Building] WARN  o.e.m.c.i.embedder.EclipseLogger - Using platform encoding (Cp1252 actually) to copy filtered resources, i.e. build is platform dependent!
2025-12-09 15:36:16,200 [Worker-49: Building] INFO  o.e.m.c.i.embedder.EclipseLogger - Copying 0 resource
2025-12-09 15:36:16,203 [Worker-49: Building] WARN  o.e.m.c.i.embedder.EclipseLogger - Using platform encoding (Cp1252 actually) to copy filtered resources, i.e. build is platform dependent!
2025-12-09 15:36:16,205 [Worker-49: Building] INFO  o.e.m.c.i.embedder.EclipseLogger - Copying 0 resource
2025-12-09 15:37:44,895 [Worker-50: Building] WARN  o.e.m.c.i.embedder.EclipseLogger - Using platform encoding (Cp1252 actually) to copy filtered resources, i.e. build is platform dependent!
2025-12-09 15:37:44,896 [Worker-50: Building] INFO  o.e.m.c.i.embedder.EclipseLogger - Copying 0 resource
2025-12-09 15:37:44,899 [Worker-50: Building] WARN  o.e.m.c.i.embedder.EclipseLogger - Using platform encoding (Cp1252 actually) to copy filtered resources, i.e. build is platform dependent!
2025-12-09 15:37:44,900 [Worker-50: Building] INFO  o.e.m.c.i.embedder.EclipseLogger - Copying 0 resource
2025-12-09 15:37:49,260 [Worker-50: Building] WARN  o.e.m.c.i.embedder.EclipseLogger - Using platform encoding (Cp1252 actually) to copy filtered resources, i.e. build is platform dependent!
2025-12-09 15:37:49,262 [Worker-50: Building] INFO  o.e.m.c.i.embedder.EclipseLogger - Copying 0 resource
2025-12-09 15:37:49,264 [Worker-50: Building] WARN  o.e.m.c.i.embedder.EclipseLogger - Using platform encoding (Cp1252 actually) to copy filtered resources, i.e. build is platform dependent!
2025-12-09 15:37:49,266 [Worker-50: Building] INFO  o.e.m.c.i.embedder.EclipseLogger - Copying 0 resource
2025-12-09 15:47:59,321 [Worker-40: Building] WARN  o.e.m.c.i.embedder.EclipseLogger - Using platform encoding (Cp1252 actually) to copy filtered resources, i.e. build is platform dependent!
2025-12-09 15:47:59,322 [Worker-40: Building] INFO  o.e.m.c.i.embedder.EclipseLogger - Copying 0 resource
2025-12-09 15:47:59,324 [Worker-40: Building] WARN  o.e.m.c.i.embedder.EclipseLogger - Using platform encoding (Cp1252 actually) to copy filtered resources, i.e. build is platform dependent!
2025-12-09 15:47:59,326 [Worker-40: Building] INFO  o.e.m.c.i.embedder.EclipseLogger - Copying 0 resource
2025-12-09 15:48:35,836 [Worker-48: Building] WARN  o.e.m.c.i.embedder.EclipseLogger - Using platform encoding (Cp1252 actually) to copy filtered resources, i.e. build is platform dependent!
2025-12-09 15:48:35,837 [Worker-48: Building] INFO  o.e.m.c.i.embedder.EclipseLogger - Copying 0 resource
2025-12-09 15:48:35,839 [Worker-48: Building] WARN  o.e.m.c.i.embedder.EclipseLogger - Using platform encoding (Cp1252 actually) to copy filtered resources, i.e. build is platform dependent!
2025-12-09 15:48:35,841 [Worker-48: Building] INFO  o.e.m.c.i.embedder.EclipseLogger - Copying 0 resource
2025-12-09 15:48:43,202 [Worker-40: Building] WARN  o.e.m.c.i.embedder.EclipseLogger - Using platform encoding (Cp1252 actually) to copy filtered resources, i.e. build is platform dependent!
2025-12-09 15:48:43,203 [Worker-40: Building] INFO  o.e.m.c.i.embedder.EclipseLogger - Copying 0 resource
2025-12-09 15:48:43,205 [Worker-40: Building] WARN  o.e.m.c.i.embedder.EclipseLogger - Using platform encoding (Cp1252 actually) to copy filtered resources, i.e. build is platform dependent!
2025-12-09 15:48:43,207 [Worker-40: Building] INFO  o.e.m.c.i.embedder.EclipseLogger - Copying 0 resource
2025-12-09 15:48:59,007 [Worker-40: Building] WARN  o.e.m.c.i.embedder.EclipseLogger - Using platform encoding (Cp1252 actually) to copy filtered resources, i.e. build is platform dependent!
2025-12-09 15:48:59,009 [Worker-40: Building] INFO  o.e.m.c.i.embedder.EclipseLogger - Copying 0 resource
2025-12-09 15:48:59,012 [Worker-40: Building] WARN  o.e.m.c.i.embedder.EclipseLogger - Using platform encoding (Cp1252 actually) to copy filtered resources, i.e. build is platform dependent!
2025-12-09 15:48:59,013 [Worker-40: Building] INFO  o.e.m.c.i.embedder.EclipseLogger - Copying 0 resource
2025-12-09 15:52:08,234 [Worker-44: Building] WARN  o.e.m.c.i.embedder.EclipseLogger - Using platform encoding (Cp1252 actually) to copy filtered resources, i.e. build is platform dependent!
2025-12-09 15:52:08,235 [Worker-44: Building] INFO  o.e.m.c.i.embedder.EclipseLogger - Copying 0 resource
2025-12-09 15:52:08,237 [Worker-44: Building] WARN  o.e.m.c.i.embedder.EclipseLogger - Using platform encoding (Cp1252 actually) to copy filtered resources, i.e. build is platform dependent!
2025-12-09 15:52:08,239 [Worker-44: Building] INFO  o.e.m.c.i.embedder.EclipseLogger - Copying 0 resource
2025-12-09 15:54:13,610 [Worker-51: Building] WARN  o.e.m.c.i.embedder.EclipseLogger - Using platform encoding (Cp1252 actually) to copy filtered resources, i.e. build is platform dependent!
2025-12-09 15:54:13,612 [Worker-51: Building] INFO  o.e.m.c.i.embedder.EclipseLogger - Copying 0 resource
2025-12-09 15:54:13,617 [Worker-51: Building] WARN  o.e.m.c.i.embedder.EclipseLogger - Using platform encoding (Cp1252 actually) to copy filtered resources, i.e. build is platform dependent!
2025-12-09 15:54:13,621 [Worker-51: Building] INFO  o.e.m.c.i.embedder.EclipseLogger - Copying 0 resource
2025-12-09 15:55:47,454 [Worker-44: Building] WARN  o.e.m.c.i.embedder.EclipseLogger - Using platform encoding (Cp1252 actually) to copy filtered resources, i.e. build is platform dependent!
2025-12-09 15:55:47,456 [Worker-44: Building] INFO  o.e.m.c.i.embedder.EclipseLogger - Copying 0 resource
2025-12-09 15:55:47,458 [Worker-44: Building] WARN  o.e.m.c.i.embedder.EclipseLogger - Using platform encoding (Cp1252 actually) to copy filtered resources, i.e. build is platform dependent!
2025-12-09 15:55:47,459 [Worker-44: Building] INFO  o.e.m.c.i.embedder.EclipseLogger - Copying 0 resource
2025-12-09 15:55:52,423 [Worker-51: Building] WARN  o.e.m.c.i.embedder.EclipseLogger - Using platform encoding (Cp1252 actually) to copy filtered resources, i.e. build is platform dependent!
2025-12-09 15:55:52,425 [Worker-51: Building] INFO  o.e.m.c.i.embedder.EclipseLogger - Copying 0 resource
2025-12-09 15:55:52,427 [Worker-51: Building] WARN  o.e.m.c.i.embedder.EclipseLogger - Using platform encoding (Cp1252 actually) to copy filtered resources, i.e. build is platform dependent!
2025-12-09 15:55:52,428 [Worker-51: Building] INFO  o.e.m.c.i.embedder.EclipseLogger - Copying 0 resource
2025-12-09 15:57:02,719 [Worker-51: Building] WARN  o.e.m.c.i.embedder.EclipseLogger - Using platform encoding (Cp1252 actually) to copy filtered resources, i.e. build is platform dependent!
2025-12-09 15:57:02,721 [Worker-51: Building] INFO  o.e.m.c.i.embedder.EclipseLogger - Copying 0 resource
2025-12-09 15:57:02,723 [Worker-51: Building] WARN  o.e.m.c.i.embedder.EclipseLogger - Using platform encoding (Cp1252 actually) to copy filtered resources, i.e. build is platform dependent!
2025-12-09 15:57:02,725 [Worker-51: Building] INFO  o.e.m.c.i.embedder.EclipseLogger - Copying 0 resource
2025-12-09 16:02:03,350 [Worker-49: Launching Executing clean in C__Users_IET_Desktop_VipulPriyanka_Web_Based_ Java_Day15 Spring_MyRegistrationDemo1] INFO  o.e.m.i.launch.MavenLaunchDelegate - Run build in "C:\Users\IET\Desktop\VipulPriyanka\Web_Based_ Java\Day15 Spring\MyRegistrationDemo1":
2025-12-09 16:02:03,350 [Worker-49: Launching Executing clean in C__Users_IET_Desktop_VipulPriyanka_Web_Based_ Java_Day15 Spring_MyRegistrationDemo1] INFO  o.e.m.i.launch.MavenLaunchDelegate -  mvn  -B -Dstyle.color=always clean
2025-12-09 16:03:35,609 [main] ERROR o.e.m2e.actions.ExecutePomAction - Skipping launch configuration StudentMVC
org.eclipse.core.runtime.CoreException: Variable references non-existent resource : ${project_loc:StudentMVC}
	at org.eclipse.debug.internal.core.variables.ResourceResolver.abort(ResourceResolver.java:111)
	at org.eclipse.debug.internal.core.variables.ResourceResolver.resolveValue(ResourceResolver.java:57)
	at org.eclipse.core.internal.variables.DynamicVariable.getValue(DynamicVariable.java:56)
	at org.eclipse.core.internal.variables.StringSubstitutionEngine.resolve(StringSubstitutionEngine.java:271)
	at org.eclipse.core.internal.variables.StringSubstitutionEngine.substitute(StringSubstitutionEngine.java:195)
	at org.eclipse.core.internal.variables.StringSubstitutionEngine.performStringSubstitution(StringSubstitutionEngine.java:91)
	at org.eclipse.core.internal.variables.StringVariableManager.performStringSubstitution(StringVariableManager.java:547)
	at org.eclipse.core.internal.variables.StringVariableManager.performStringSubstitution(StringVariableManager.java:347)
	at org.eclipse.m2e.internal.launch.LaunchingUtils.substituteVar(LaunchingUtils.java:30)
	at org.eclipse.m2e.actions.ExecutePomAction.getLaunchConfiguration(ExecutePomAction.java:271)
	at org.eclipse.m2e.actions.ExecutePomAction.launch(ExecutePomAction.java:135)
	at org.eclipse.m2e.actions.ExecutePomAction.launch(ExecutePomAction.java:124)
	at org.eclipse.debug.internal.ui.launchConfigurations.LaunchShortcutExtension.launch(LaunchShortcutExtension.java:430)
	at org.eclipse.debug.internal.ui.actions.LaunchShortcutAction.runInternal(LaunchShortcutAction.java:88)
	at org.eclipse.debug.internal.ui.actions.LaunchShortcutAction.runWithEvent(LaunchShortcutAction.java:135)
	at org.eclipse.jface.action.ActionContributionItem.handleWidgetSelection(ActionContributionItem.java:580)
	at org.eclipse.jface.action.ActionContributionItem.lambda$4(ActionContributionItem.java:414)
	at org.eclipse.swt.widgets.EventTable.sendEvent(EventTable.java:89)
	at org.eclipse.swt.widgets.Display.sendEvent(Display.java:4256)
	at org.eclipse.swt.widgets.Widget.sendEvent(Widget.java:1066)
	at org.eclipse.swt.widgets.Widget.sendEvent(Widget.java:1090)
	at org.eclipse.swt.widgets.Widget.sendEvent(Widget.java:1075)
	at org.eclipse.swt.widgets.Widget.notifyListeners(Widget.java:778)
	at org.eclipse.jface.action.ActionContributionItem.lambda$8(ActionContributionItem.java:1206)
	at org.eclipse.swt.widgets.EventTable.sendEvent(EventTable.java:89)
	at org.eclipse.swt.widgets.Display.sendEvent(Display.java:4256)
	at org.eclipse.swt.widgets.Widget.sendEvent(Widget.java:1066)
	at org.eclipse.swt.widgets.Display.runDeferredEvents(Display.java:4054)
	at org.eclipse.swt.widgets.Display.readAndDispatch(Display.java:3642)
	at org.eclipse.e4.ui.internal.workbench.swt.PartRenderingEngine$5.run(PartRenderingEngine.java:1155)
	at org.eclipse.core.databinding.observable.Realm.runWithDefault(Realm.java:338)
	at org.eclipse.e4.ui.internal.workbench.swt.PartRenderingEngine.run(PartRenderingEngine.java:1046)
	at org.eclipse.e4.ui.internal.workbench.E4Workbench.createAndRunUI(E4Workbench.java:155)
	at org.eclipse.ui.internal.Workbench.lambda$3(Workbench.java:643)
	at org.eclipse.core.databinding.observable.Realm.runWithDefault(Realm.java:338)
	at org.eclipse.ui.internal.Workbench.createAndRunWorkbench(Workbench.java:550)
	at org.eclipse.ui.PlatformUI.createAndRunWorkbench(PlatformUI.java:171)
	at org.eclipse.ui.internal.ide.application.IDEApplication.start(IDEApplication.java:152)
	at org.eclipse.equinox.internal.app.EclipseAppHandle.run(EclipseAppHandle.java:203)
	at org.eclipse.core.runtime.internal.adaptor.EclipseAppLauncher.runApplication(EclipseAppLauncher.java:136)
	at org.eclipse.core.runtime.internal.adaptor.EclipseAppLauncher.start(EclipseAppLauncher.java:104)
	at org.eclipse.core.runtime.adaptor.EclipseStarter.run(EclipseStarter.java:402)
	at org.eclipse.core.runtime.adaptor.EclipseStarter.run(EclipseStarter.java:255)
	at java.base/jdk.internal.reflect.NativeMethodAccessorImpl.invoke0(Native Method)
	at java.base/jdk.internal.reflect.NativeMethodAccessorImpl.invoke(NativeMethodAccessorImpl.java:77)
	at java.base/jdk.internal.reflect.DelegatingMethodAccessorImpl.invoke(DelegatingMethodAccessorImpl.java:43)
	at java.base/java.lang.reflect.Method.invoke(Method.java:568)
	at org.eclipse.equinox.launcher.Main.invokeFramework(Main.java:659)
	at org.eclipse.equinox.launcher.Main.basicRun(Main.java:596)
	at org.eclipse.equinox.launcher.Main.run(Main.java:1467)
2025-12-09 16:03:35,611 [main] INFO  o.e.m2e.actions.ExecutePomAction - Using existing launch configuration
2025-12-09 16:03:35,636 [Worker-26: Launching MyRegistrationDemo1] INFO  o.e.m.i.launch.MavenLaunchDelegate - Run build in "C:\Users\IET\Desktop\VipulPriyanka\Web_Based_ Java\Day15 Spring\MyRegistrationDemo1":
2025-12-09 16:03:35,636 [Worker-26: Launching MyRegistrationDemo1] INFO  o.e.m.i.launch.MavenLaunchDelegate -  mvn  -B -Dstyle.color=always install
2025-12-09 16:05:24,238 [Worker-40: Building] WARN  o.e.m.c.i.embedder.EclipseLogger - Using platform encoding (Cp1252 actually) to copy filtered resources, i.e. build is platform dependent!
2025-12-09 16:05:24,240 [Worker-40: Building] INFO  o.e.m.c.i.embedder.EclipseLogger - Copying 0 resource
2025-12-09 16:05:24,242 [Worker-40: Building] WARN  o.e.m.c.i.embedder.EclipseLogger - Using platform encoding (Cp1252 actually) to copy filtered resources, i.e. build is platform dependent!
2025-12-09 16:05:24,243 [Worker-40: Building] INFO  o.e.m.c.i.embedder.EclipseLogger - Copying 0 resource
2025-12-09 16:05:24,244 [Worker-40: Building] INFO  o.e.m.w.i.f.ResourceFilteringBuildParticipant - Changed resources require a complete clean of filtered resources of MyRegistrationDemo1
2025-12-09 16:05:24,244 [Worker-40: Building] INFO  o.e.m.w.i.f.ResourceFilteringBuildParticipant - Executing resource filtering for MyRegistrationDemo1
2025-12-09 16:06:24,728 [Worker-40: Building] WARN  o.e.m.c.i.embedder.EclipseLogger - Using platform encoding (Cp1252 actually) to copy filtered resources, i.e. build is platform dependent!
2025-12-09 16:06:24,729 [Worker-40: Building] INFO  o.e.m.c.i.embedder.EclipseLogger - Copying 0 resource
2025-12-09 16:06:24,732 [Worker-40: Building] WARN  o.e.m.c.i.embedder.EclipseLogger - Using platform encoding (Cp1252 actually) to copy filtered resources, i.e. build is platform dependent!
2025-12-09 16:06:24,733 [Worker-40: Building] INFO  o.e.m.c.i.embedder.EclipseLogger - Copying 0 resource
2025-12-09 16:06:36,922 [Worker-44: Building] WARN  o.e.m.c.i.embedder.EclipseLogger - Using platform encoding (Cp1252 actually) to copy filtered resources, i.e. build is platform dependent!
2025-12-09 16:06:36,924 [Worker-44: Building] INFO  o.e.m.c.i.embedder.EclipseLogger - Copying 0 resource
2025-12-09 16:06:36,926 [Worker-44: Building] WARN  o.e.m.c.i.embedder.EclipseLogger - Using platform encoding (Cp1252 actually) to copy filtered resources, i.e. build is platform dependent!
2025-12-09 16:06:36,927 [Worker-44: Building] INFO  o.e.m.c.i.embedder.EclipseLogger - Copying 0 resource
2025-12-09 16:06:52,262 [Worker-49: Building] WARN  o.e.m.c.i.embedder.EclipseLogger - Using platform encoding (Cp1252 actually) to copy filtered resources, i.e. build is platform dependent!
2025-12-09 16:06:52,264 [Worker-49: Building] INFO  o.e.m.c.i.embedder.EclipseLogger - Copying 0 resource
2025-12-09 16:06:52,266 [Worker-49: Building] WARN  o.e.m.c.i.embedder.EclipseLogger - Using platform encoding (Cp1252 actually) to copy filtered resources, i.e. build is platform dependent!
2025-12-09 16:06:52,267 [Worker-49: Building] INFO  o.e.m.c.i.embedder.EclipseLogger - Copying 0 resource
2025-12-09 16:07:05,429 [Worker-26: Building] WARN  o.e.m.c.i.embedder.EclipseLogger - Using platform encoding (Cp1252 actually) to copy filtered resources, i.e. build is platform dependent!
2025-12-09 16:07:05,430 [Worker-26: Building] INFO  o.e.m.c.i.embedder.EclipseLogger - Copying 0 resource
2025-12-09 16:07:05,433 [Worker-26: Building] WARN  o.e.m.c.i.embedder.EclipseLogger - Using platform encoding (Cp1252 actually) to copy filtered resources, i.e. build is platform dependent!
2025-12-09 16:07:05,434 [Worker-26: Building] INFO  o.e.m.c.i.embedder.EclipseLogger - Copying 0 resource
2025-12-09 16:08:35,114 [Worker-26: Building] WARN  o.e.m.c.i.embedder.EclipseLogger - Using platform encoding (Cp1252 actually) to copy filtered resources, i.e. build is platform dependent!
2025-12-09 16:08:35,115 [Worker-26: Building] INFO  o.e.m.c.i.embedder.EclipseLogger - Copying 0 resource
2025-12-09 16:08:35,118 [Worker-26: Building] WARN  o.e.m.c.i.embedder.EclipseLogger - Using platform encoding (Cp1252 actually) to copy filtered resources, i.e. build is platform dependent!
2025-12-09 16:08:35,119 [Worker-26: Building] INFO  o.e.m.c.i.embedder.EclipseLogger - Copying 0 resource
2025-12-09 16:12:11,810 [Worker-50: Building] WARN  o.e.m.c.i.embedder.EclipseLogger - Using platform encoding (Cp1252 actually) to copy filtered resources, i.e. build is platform dependent!
2025-12-09 16:12:11,812 [Worker-50: Building] INFO  o.e.m.c.i.embedder.EclipseLogger - Copying 0 resource
2025-12-09 16:12:11,814 [Worker-50: Building] WARN  o.e.m.c.i.embedder.EclipseLogger - Using platform encoding (Cp1252 actually) to copy filtered resources, i.e. build is platform dependent!
2025-12-09 16:12:11,816 [Worker-50: Building] INFO  o.e.m.c.i.embedder.EclipseLogger - Copying 0 resource
2025-12-09 16:14:22,335 [Worker-48: Building] WARN  o.e.m.c.i.embedder.EclipseLogger - Using platform encoding (Cp1252 actually) to copy filtered resources, i.e. build is platform dependent!
2025-12-09 16:14:22,336 [Worker-48: Building] INFO  o.e.m.c.i.embedder.EclipseLogger - Copying 0 resource
2025-12-09 16:14:22,340 [Worker-48: Building] WARN  o.e.m.c.i.embedder.EclipseLogger - Using platform encoding (Cp1252 actually) to copy filtered resources, i.e. build is platform dependent!
2025-12-09 16:14:22,342 [Worker-48: Building] INFO  o.e.m.c.i.embedder.EclipseLogger - Copying 0 resource
2025-12-09 16:16:40,928 [Worker-50: Building] WARN  o.e.m.c.i.embedder.EclipseLogger - Using platform encoding (Cp1252 actually) to copy filtered resources, i.e. build is platform dependent!
2025-12-09 16:16:40,930 [Worker-50: Building] INFO  o.e.m.c.i.embedder.EclipseLogger - Copying 0 resource
2025-12-09 16:16:40,934 [Worker-50: Building] WARN  o.e.m.c.i.embedder.EclipseLogger - Using platform encoding (Cp1252 actually) to copy filtered resources, i.e. build is platform dependent!
2025-12-09 16:16:40,936 [Worker-50: Building] INFO  o.e.m.c.i.embedder.EclipseLogger - Copying 0 resource
2025-12-09 16:16:41,336 [Worker-40: Building] WARN  o.e.m.c.i.embedder.EclipseLogger - Using platform encoding (Cp1252 actually) to copy filtered resources, i.e. build is platform dependent!
2025-12-09 16:16:41,338 [Worker-40: Building] INFO  o.e.m.c.i.embedder.EclipseLogger - Copying 0 resource
2025-12-09 16:16:41,342 [Worker-40: Building] WARN  o.e.m.c.i.embedder.EclipseLogger - Using platform encoding (Cp1252 actually) to copy filtered resources, i.e. build is platform dependent!
2025-12-09 16:16:41,343 [Worker-40: Building] INFO  o.e.m.c.i.embedder.EclipseLogger - Copying 0 resource
2025-12-09 16:20:12,870 [Worker-50: Building] WARN  o.e.m.c.i.embedder.EclipseLogger - Using platform encoding (Cp1252 actually) to copy filtered resources, i.e. build is platform dependent!
2025-12-09 16:20:12,871 [Worker-50: Building] INFO  o.e.m.c.i.embedder.EclipseLogger - Copying 0 resource
2025-12-09 16:20:12,874 [Worker-50: Building] WARN  o.e.m.c.i.embedder.EclipseLogger - Using platform encoding (Cp1252 actually) to copy filtered resources, i.e. build is platform dependent!
2025-12-09 16:20:12,875 [Worker-50: Building] INFO  o.e.m.c.i.embedder.EclipseLogger - Copying 0 resource
2025-12-09 16:20:51,290 [Worker-50: Building] WARN  o.e.m.c.i.embedder.EclipseLogger - Using platform encoding (Cp1252 actually) to copy filtered resources, i.e. build is platform dependent!
2025-12-09 16:20:51,292 [Worker-50: Building] INFO  o.e.m.c.i.embedder.EclipseLogger - Copying 0 resource
2025-12-09 16:20:51,295 [Worker-50: Building] WARN  o.e.m.c.i.embedder.EclipseLogger - Using platform encoding (Cp1252 actually) to copy filtered resources, i.e. build is platform dependent!
2025-12-09 16:20:51,297 [Worker-50: Building] INFO  o.e.m.c.i.embedder.EclipseLogger - Copying 0 resource
2025-12-09 16:28:40,958 [Worker-44: Building] WARN  o.e.m.c.i.embedder.EclipseLogger - Using platform encoding (Cp1252 actually) to copy filtered resources, i.e. build is platform dependent!
2025-12-09 16:28:40,960 [Worker-44: Building] INFO  o.e.m.c.i.embedder.EclipseLogger - Copying 0 resource
2025-12-09 16:28:40,962 [Worker-44: Building] WARN  o.e.m.c.i.embedder.EclipseLogger - Using platform encoding (Cp1252 actually) to copy filtered resources, i.e. build is platform dependent!
2025-12-09 16:28:40,964 [Worker-44: Building] INFO  o.e.m.c.i.embedder.EclipseLogger - Copying 0 resource
2025-12-09 16:30:55,786 [Worker-44: Building] WARN  o.e.m.c.i.embedder.EclipseLogger - Using platform encoding (Cp1252 actually) to copy filtered resources, i.e. build is platform dependent!
2025-12-09 16:30:55,788 [Worker-44: Building] INFO  o.e.m.c.i.embedder.EclipseLogger - Copying 0 resource
2025-12-09 16:30:55,792 [Worker-44: Building] WARN  o.e.m.c.i.embedder.EclipseLogger - Using platform encoding (Cp1252 actually) to copy filtered resources, i.e. build is platform dependent!
2025-12-09 16:30:55,794 [Worker-44: Building] INFO  o.e.m.c.i.embedder.EclipseLogger - Copying 0 resource
2025-12-09 16:31:19,394 [Worker-49: Building] WARN  o.e.m.c.i.embedder.EclipseLogger - Using platform encoding (Cp1252 actually) to copy filtered resources, i.e. build is platform dependent!
2025-12-09 16:31:19,395 [Worker-49: Building] INFO  o.e.m.c.i.embedder.EclipseLogger - Copying 0 resource
2025-12-09 16:31:19,398 [Worker-49: Building] WARN  o.e.m.c.i.embedder.EclipseLogger - Using platform encoding (Cp1252 actually) to copy filtered resources, i.e. build is platform dependent!
2025-12-09 16:31:19,400 [Worker-49: Building] INFO  o.e.m.c.i.embedder.EclipseLogger - Copying 0 resource
2025-12-09 16:32:50,327 [Worker-50: Building] WARN  o.e.m.c.i.embedder.EclipseLogger - Using platform encoding (Cp1252 actually) to copy filtered resources, i.e. build is platform dependent!
2025-12-09 16:32:50,329 [Worker-50: Building] INFO  o.e.m.c.i.embedder.EclipseLogger - Copying 0 resource
2025-12-09 16:32:50,331 [Worker-50: Building] WARN  o.e.m.c.i.embedder.EclipseLogger - Using platform encoding (Cp1252 actually) to copy filtered resources, i.e. build is platform dependent!
2025-12-09 16:32:50,333 [Worker-50: Building] INFO  o.e.m.c.i.embedder.EclipseLogger - Copying 0 resource
2025-12-09 16:33:55,581 [Worker-49: Building] WARN  o.e.m.c.i.embedder.EclipseLogger - Using platform encoding (Cp1252 actually) to copy filtered resources, i.e. build is platform dependent!
2025-12-09 16:33:55,583 [Worker-49: Building] INFO  o.e.m.c.i.embedder.EclipseLogger - Copying 0 resource
2025-12-09 16:33:55,585 [Worker-49: Building] WARN  o.e.m.c.i.embedder.EclipseLogger - Using platform encoding (Cp1252 actually) to copy filtered resources, i.e. build is platform dependent!
2025-12-09 16:33:55,591 [Worker-49: Building] INFO  o.e.m.c.i.embedder.EclipseLogger - Copying 0 resource
2025-12-09 16:34:02,616 [Worker-26: Building] WARN  o.e.m.c.i.embedder.EclipseLogger - Using platform encoding (Cp1252 actually) to copy filtered resources, i.e. build is platform dependent!
2025-12-09 16:34:02,618 [Worker-26: Building] INFO  o.e.m.c.i.embedder.EclipseLogger - Copying 0 resource
2025-12-09 16:34:02,621 [Worker-26: Building] WARN  o.e.m.c.i.embedder.EclipseLogger - Using platform encoding (Cp1252 actually) to copy filtered resources, i.e. build is platform dependent!
2025-12-09 16:34:02,622 [Worker-26: Building] INFO  o.e.m.c.i.embedder.EclipseLogger - Copying 0 resource
2025-12-09 16:37:01,309 [Worker-50: Building] WARN  o.e.m.c.i.embedder.EclipseLogger - Using platform encoding (Cp1252 actually) to copy filtered resources, i.e. build is platform dependent!
2025-12-09 16:37:01,311 [Worker-50: Building] INFO  o.e.m.c.i.embedder.EclipseLogger - Copying 0 resource
2025-12-09 16:37:01,313 [Worker-50: Building] WARN  o.e.m.c.i.embedder.EclipseLogger - Using platform encoding (Cp1252 actually) to copy filtered resources, i.e. build is platform dependent!
2025-12-09 16:37:01,314 [Worker-50: Building] INFO  o.e.m.c.i.embedder.EclipseLogger - Copying 0 resource
2025-12-09 16:37:20,680 [Worker-50: Building] WARN  o.e.m.c.i.embedder.EclipseLogger - Using platform encoding (Cp1252 actually) to copy filtered resources, i.e. build is platform dependent!
2025-12-09 16:37:20,682 [Worker-50: Building] INFO  o.e.m.c.i.embedder.EclipseLogger - Copying 0 resource
2025-12-09 16:37:20,684 [Worker-50: Building] WARN  o.e.m.c.i.embedder.EclipseLogger - Using platform encoding (Cp1252 actually) to copy filtered resources, i.e. build is platform dependent!
2025-12-09 16:37:20,685 [Worker-50: Building] INFO  o.e.m.c.i.embedder.EclipseLogger - Copying 0 resource
2025-12-09 16:40:18,989 [Worker-40: Building] WARN  o.e.m.c.i.embedder.EclipseLogger - Using platform encoding (Cp1252 actually) to copy filtered resources, i.e. build is platform dependent!
2025-12-09 16:40:18,990 [Worker-40: Building] INFO  o.e.m.c.i.embedder.EclipseLogger - Copying 0 resource
2025-12-09 16:40:18,992 [Worker-40: Building] WARN  o.e.m.c.i.embedder.EclipseLogger - Using platform encoding (Cp1252 actually) to copy filtered resources, i.e. build is platform dependent!
2025-12-09 16:40:18,993 [Worker-40: Building] INFO  o.e.m.c.i.embedder.EclipseLogger - Copying 0 resource
2025-12-09 16:45:05,031 [Worker-54: Building] WARN  o.e.m.c.i.embedder.EclipseLogger - Using platform encoding (Cp1252 actually) to copy filtered resources, i.e. build is platform dependent!
2025-12-09 16:45:05,033 [Worker-54: Building] INFO  o.e.m.c.i.embedder.EclipseLogger - Copying 0 resource
2025-12-09 16:45:05,037 [Worker-54: Building] WARN  o.e.m.c.i.embedder.EclipseLogger - Using platform encoding (Cp1252 actually) to copy filtered resources, i.e. build is platform dependent!
2025-12-09 16:45:05,038 [Worker-54: Building] INFO  o.e.m.c.i.embedder.EclipseLogger - Copying 0 resource
2025-12-09 16:45:09,194 [Worker-54: Building] WARN  o.e.m.c.i.embedder.EclipseLogger - Using platform encoding (Cp1252 actually) to copy filtered resources, i.e. build is platform dependent!
2025-12-09 16:45:09,195 [Worker-54: Building] INFO  o.e.m.c.i.embedder.EclipseLogger - Copying 0 resource
2025-12-09 16:45:09,198 [Worker-54: Building] WARN  o.e.m.c.i.embedder.EclipseLogger - Using platform encoding (Cp1252 actually) to copy filtered resources, i.e. build is platform dependent!
2025-12-09 16:45:09,200 [Worker-54: Building] INFO  o.e.m.c.i.embedder.EclipseLogger - Copying 0 resource
2025-12-09 16:54:54,874 [Worker-62: Building] WARN  o.e.m.c.i.embedder.EclipseLogger - Using platform encoding (Cp1252 actually) to copy filtered resources, i.e. build is platform dependent!
2025-12-09 16:54:54,876 [Worker-62: Building] INFO  o.e.m.c.i.embedder.EclipseLogger - Copying 0 resource
2025-12-09 16:54:54,878 [Worker-62: Building] WARN  o.e.m.c.i.embedder.EclipseLogger - Using platform encoding (Cp1252 actually) to copy filtered resources, i.e. build is platform dependent!
2025-12-09 16:54:54,879 [Worker-62: Building] INFO  o.e.m.c.i.embedder.EclipseLogger - Copying 0 resource
2025-12-09 16:59:13,774 [Worker-63: Building] WARN  o.e.m.c.i.embedder.EclipseLogger - Using platform encoding (Cp1252 actually) to copy filtered resources, i.e. build is platform dependent!
2025-12-09 16:59:13,776 [Worker-63: Building] INFO  o.e.m.c.i.embedder.EclipseLogger - Copying 0 resource
2025-12-09 16:59:13,778 [Worker-63: Building] WARN  o.e.m.c.i.embedder.EclipseLogger - Using platform encoding (Cp1252 actually) to copy filtered resources, i.e. build is platform dependent!
2025-12-09 16:59:13,779 [Worker-63: Building] INFO  o.e.m.c.i.embedder.EclipseLogger - Copying 0 resource
2025-12-09 17:01:20,514 [Worker-62: Building] WARN  o.e.m.c.i.embedder.EclipseLogger - Using platform encoding (Cp1252 actually) to copy filtered resources, i.e. build is platform dependent!
2025-12-09 17:01:20,515 [Worker-62: Building] INFO  o.e.m.c.i.embedder.EclipseLogger - Copying 0 resource
2025-12-09 17:01:20,518 [Worker-62: Building] WARN  o.e.m.c.i.embedder.EclipseLogger - Using platform encoding (Cp1252 actually) to copy filtered resources, i.e. build is platform dependent!
2025-12-09 17:01:20,519 [Worker-62: Building] INFO  o.e.m.c.i.embedder.EclipseLogger - Copying 0 resource
2025-12-09 17:05:55,226 [Worker-68: Building] WARN  o.e.m.c.i.embedder.EclipseLogger - Using platform encoding (Cp1252 actually) to copy filtered resources, i.e. build is platform dependent!
2025-12-09 17:05:55,228 [Worker-68: Building] INFO  o.e.m.c.i.embedder.EclipseLogger - Copying 0 resource
2025-12-09 17:05:55,230 [Worker-68: Building] WARN  o.e.m.c.i.embedder.EclipseLogger - Using platform encoding (Cp1252 actually) to copy filtered resources, i.e. build is platform dependent!
2025-12-09 17:05:55,231 [Worker-68: Building] INFO  o.e.m.c.i.embedder.EclipseLogger - Copying 0 resource
2025-12-09 17:08:36,453 [Worker-71: Building] WARN  o.e.m.c.i.embedder.EclipseLogger - Using platform encoding (Cp1252 actually) to copy filtered resources, i.e. build is platform dependent!
2025-12-09 17:08:36,454 [Worker-71: Building] INFO  o.e.m.c.i.embedder.EclipseLogger - Copying 0 resource
2025-12-09 17:08:36,456 [Worker-71: Building] WARN  o.e.m.c.i.embedder.EclipseLogger - Using platform encoding (Cp1252 actually) to copy filtered resources, i.e. build is platform dependent!
2025-12-09 17:08:36,457 [Worker-71: Building] INFO  o.e.m.c.i.embedder.EclipseLogger - Copying 0 resource
2025-12-09 17:10:45,975 [Worker-65: Building] WARN  o.e.m.c.i.embedder.EclipseLogger - Using platform encoding (Cp1252 actually) to copy filtered resources, i.e. build is platform dependent!
2025-12-09 17:10:45,977 [Worker-65: Building] INFO  o.e.m.c.i.embedder.EclipseLogger - Copying 0 resource
2025-12-09 17:10:45,979 [Worker-65: Building] WARN  o.e.m.c.i.embedder.EclipseLogger - Using platform encoding (Cp1252 actually) to copy filtered resources, i.e. build is platform dependent!
2025-12-09 17:10:45,981 [Worker-65: Building] INFO  o.e.m.c.i.embedder.EclipseLogger - Copying 0 resource
2025-12-09 17:12:39,510 [Worker-70: Building] WARN  o.e.m.c.i.embedder.EclipseLogger - Using platform encoding (Cp1252 actually) to copy filtered resources, i.e. build is platform dependent!
2025-12-09 17:12:39,511 [Worker-70: Building] INFO  o.e.m.c.i.embedder.EclipseLogger - Copying 0 resource
2025-12-09 17:12:39,513 [Worker-70: Building] WARN  o.e.m.c.i.embedder.EclipseLogger - Using platform encoding (Cp1252 actually) to copy filtered resources, i.e. build is platform dependent!
2025-12-09 17:12:39,514 [Worker-70: Building] INFO  o.e.m.c.i.embedder.EclipseLogger - Copying 0 resource
2025-12-09 17:13:03,154 [Worker-68: Building] WARN  o.e.m.c.i.embedder.EclipseLogger - Using platform encoding (Cp1252 actually) to copy filtered resources, i.e. build is platform dependent!
2025-12-09 17:13:03,156 [Worker-68: Building] INFO  o.e.m.c.i.embedder.EclipseLogger - Copying 0 resource
2025-12-09 17:13:03,158 [Worker-68: Building] WARN  o.e.m.c.i.embedder.EclipseLogger - Using platform encoding (Cp1252 actually) to copy filtered resources, i.e. build is platform dependent!
2025-12-09 17:13:03,159 [Worker-68: Building] INFO  o.e.m.c.i.embedder.EclipseLogger - Copying 0 resource
2025-12-09 17:14:09,030 [Worker-75: Building] WARN  o.e.m.c.i.embedder.EclipseLogger - Using platform encoding (Cp1252 actually) to copy filtered resources, i.e. build is platform dependent!
2025-12-09 17:14:09,032 [Worker-75: Building] INFO  o.e.m.c.i.embedder.EclipseLogger - Copying 0 resource
2025-12-09 17:14:09,034 [Worker-75: Building] WARN  o.e.m.c.i.embedder.EclipseLogger - Using platform encoding (Cp1252 actually) to copy filtered resources, i.e. build is platform dependent!
2025-12-09 17:14:09,035 [Worker-75: Building] INFO  o.e.m.c.i.embedder.EclipseLogger - Copying 0 resource
